RA,Nome,Ano,Idade,Genero,Ano_ingresso,Anos_na_PM,Instituicao_ensino,Fase_raw,Fase_num,Turma,Pedra,INDE,IAN,IDA,IEG,IAA,IPS,IPP,IPV,Nota_Mat,Nota_Por,Nota_Ing,Fase_ideal_raw,Fase_ideal_num,Defasagem,Categoria_Defasagem,Indicado_bolsa,Atingiu_PV,Rec_Psicologia
RA-1,Aluno-1,2022,19,Feminino,2016,6.0,Escola Pública,7,7,A,Quartzo,5.783,5.0,4.0,4.1,8.3,5.6,,7.278,2.7,3.5,6.0,Fase 8 (Universitários),8.0,-1,Moderada,True,False,Requer avaliação
RA-1,Aluno-1,2023,20,Feminino,2016,7.0,Privada *Parcerias com Bolsa 100%,FASE 8,8,8E,,,10.0,,,,,,,,,,Fase 8 (Universitários),8.0,0,Em fase,,,
RA-1,Aluno-1,2024,21,Feminino,2021,3.0,Privada *Parcerias com Bolsa 100%,8E,8,8E,,,10.0,,0.0,,,,,,,,Fase 8 (Universitários),8.0,0,Em fase,,,
RA-10,Aluno-10,2022,18,Feminino,2021,1.0,Escola Pública,7,7,A,Quartzo,5.784,5.0,4.1,5.2,8.3,5.0,,7.056,3.3,2.6,6.4,Fase 8 (Universitários),8.0,-1,Moderada,False,False,Requer avaliação
RA-100,Aluno-100,2022,13,Feminino,2019,3.0,Rede Decisão,4,4,A,Ametista,7.618,10.0,7.6,7.8,8.8,5.0,,7.25,7.0,7.8,8.1,Fase 3 (7º e 8º ano),3.0,1,Em fase,False,False,Não indicado
RA-1000,Aluno-1000,2023,8,Feminino,2023,0.0,Pública,ALFA,0,ALFA U - G2/G3,Ametista,7.9162,10.0,7.0,9.4,8.5,3.77,6.25,8.92,7.0,7.0,,ALFA (1° e 2° ano),,0,Em fase,,,
RA-1000,Aluno-1000,2024,9,Feminino,2023,1.0,Pública,1N,1,1N,Topázio,8.364790909100002,10.0,7.75,9.5454545455,9.002,6.26,8.125,7.835,7.5,8.0,,Fase 1 (3° e 4° ano),1.0,0,Em fase,,,
RA-1001,Aluno-1001,2023,9,Feminino,2023,0.0,Pública,ALFA,0,ALFA U - G2/G3,Topázio,8.1162,5.0,7.8,9.1,9.0,7.52,7.5,9.17,8.3,7.3,,Fase 1 (3° e 4° ano),1.0,-1,Moderada,,,
RA-1001,Aluno-1001,2024,10,Feminino,2023,1.0,Pública,1N,1,1N,Ametista,7.7964318841,5.0,7.75,9.347826087,7.502,7.51,7.916666667,7.92,6.5,9.0,,Fase 2 (5° e 6° ano),2.0,-1,Moderada,,,
RA-1002,Aluno-1002,2023,9,Feminino,2023,0.0,Pública,ALFA,0,ALFA U - G2/G3,Ametista,7.9012,5.0,7.0,9.7,9.0,7.52,6.25,8.92,7.0,7.0,,Fase 1 (3° e 4° ano),1.0,-1,Moderada,,,
RA-1002,Aluno-1002,2024,10,Feminino,2023,1.0,Pública,ALFA,0,ALFA N - G2/G3,Ametista,7.967866666700001,5.0,9.25,7.833333333500001,9.002,7.51,7.5,8.25,10.0,8.5,,Fase 1 (3° e 4° ano),1.0,-1,Moderada,,,
RA-1003,Aluno-1003,2023,8,Masculino,2023,0.0,Pública,ALFA,0,ALFA V - G0/G1,Ametista,7.6522,10.0,4.0,8.5,9.0,7.52,7.5,8.75,8.0,0.0,,ALFA (1° e 2° ano),,0,Em fase,,,
RA-1003,Aluno-1003,2024,9,Masculino,2023,1.0,Pública,ALFA,0,ALFA J - G2/G3,Ametista,7.627588888900001,5.0,8.25,8.6944444445,8.002,7.51,6.875,7.5,10.0,6.5,,Fase 1 (3° e 4° ano),1.0,-1,Moderada,,,
RA-1004,Aluno-1004,2023,8,Feminino,2023,0.0,Pública,ALFA,0,ALFA V - G0/G1,Topázio,8.3137,10.0,7.9,9.6,9.0,7.52,6.875,7.42,6.5,9.2,,ALFA (1° e 2° ano),,0,Em fase,,,
RA-1004,Aluno-1004,2024,9,Feminino,2023,1.0,Pública,ALFA,0,ALFA J - G2/G3,Ametista,7.801200000000001,5.0,7.5,9.25,9.502,7.51,7.5,7.5,7.5,7.5,,Fase 1 (3° e 4° ano),1.0,-1,Moderada,,,
RA-1005,Aluno-1005,2023,8,Masculino,2023,0.0,Pública,ALFA,0,ALFA V - G0/G1,Topázio,8.4252,10.0,8.8,7.9,9.5,7.52,7.5,8.165,8.4,9.2,,ALFA (1° e 2° ano),,0,Em fase,,,
RA-1006,Aluno-1006,2023,8,Feminino,2023,0.0,Pública,ALFA,0,ALFA V - G0/G1,Topázio,8.5922,10.0,8.7,9.3,9.0,7.52,7.5,8.0,8.7,8.6,,ALFA (1° e 2° ano),,0,Em fase,,,
RA-1006,Aluno-1006,2024,9,Feminino,2023,1.0,Pública,ALFA,0,ALFA J - G2/G3,Ametista,7.040088888900001,5.0,5.0,8.4444444445,8.502,7.51,7.5,7.5,5.0,5.0,,Fase 1 (3° e 4° ano),1.0,-1,Moderada,,,
RA-1007,Aluno-1007,2023,8,Masculino,2023,0.0,Pública,ALFA,0,ALFA V - G0/G1,Topázio,8.0782,10.0,8.3,7.4,9.0,7.52,7.5,7.68,8.1,8.5,,ALFA (1° e 2° ano),,0,Em fase,,,
RA-1008,Aluno-1008,2023,8,Masculino,2023,0.0,Pública,ALFA,0,ALFA V - G0/G1,Topázio,8.13595,10.0,8.4,8.6,9.0,7.52,5.9375,7.5,7.5,9.2,,ALFA (1° e 2° ano),,0,Em fase,,,
RA-1008,Aluno-1008,2024,9,Masculino,2023,1.0,Pública,ALFA,0,ALFA I - G2/G3,Ágata,6.8667414438000005,5.0,7.0,6.483957219,7.002,7.51,7.1875,7.5,6.5,7.5,,Fase 1 (3° e 4° ano),1.0,-1,Moderada,,,
RA-1009,Aluno-1009,2023,8,Masculino,2023,0.0,Pública,ALFA,0,ALFA Y - G0/G1,Ametista,7.245,10.0,8.8,9.0,0.0,3.77,7.5,7.84,8.3,9.2,,ALFA (1° e 2° ano),,0,Em fase,,,
RA-1009,Aluno-1009,2024,9,Masculino,2023,1.0,Pública,ALFA,0,ALFA E - G2/G3,Ágata,6.395389393900001,5.0,7.5,6.8863636365000005,8.002,2.51,6.5625,6.553333333,10.0,5.0,,Fase 1 (3° e 4° ano),1.0,-1,Moderada,,,
RA-101,Aluno-101,2022,15,Feminino,2021,1.0,Escola Pública,4,4,A,Ametista,7.305,5.0,7.6,8.3,7.9,7.5,,6.833,7.2,6.5,9.2,Fase 5 (1º EM),5.0,-1,Moderada,True,False,Não atendido
RA-1010,Aluno-1010,2023,8,Masculino,2023,0.0,Pública,ALFA,0,ALFA Y - G0/G1,Topázio,8.70645,10.0,9.4,10.0,9.5,3.77,7.8125,8.59,9.0,9.8,,ALFA (1° e 2° ano),,0,Em fase,,,
RA-1011,Aluno-1011,2023,7,Masculino,2023,0.0,Pública,ALFA,0,ALFA Y - G0/G1,Ametista,7.33095,10.0,5.2,8.6,9.5,3.77,7.1875,7.675,5.5,4.8,,ALFA (1° e 2° ano),,0,Em fase,,,
RA-1012,Aluno-1012,2023,8,Feminino,2023,0.0,Pública,ALFA,0,ALFA Y - G0/G1,Ametista,7.96495,10.0,6.6,9.9,10.0,3.77,7.1875,7.845,7.0,6.2,,ALFA (1° e 2° ano),,0,Em fase,,,
RA-1012,Aluno-1012,2024,9,Feminino,2023,1.0,Pública,ALFA,0,ALFA C - G0/G1,Topázio,8.057128571400002,5.0,9.75,9.523809524,9.502,2.51,8.125,8.443333333,10.0,9.5,,Fase 1 (3° e 4° ano),1.0,-1,Moderada,,,
RA-1013,Aluno-1013,2023,7,Masculino,2023,0.0,Pública,ALFA,0,ALFA Y - G0/G1,Ametista,7.6237,10.0,8.3,9.6,9.0,4.39,5.625,5.76,7.0,9.5,,ALFA (1° e 2° ano),,0,Em fase,,,
RA-1013,Aluno-1013,2024,8,Masculino,2023,1.0,Pública,ALFA,0,ALFA E - G2/G3,Quartzo,5.7839559808,5.0,7.75,5.6937799039999994,9.002,2.51,5.0,4.72,8.0,7.5,,Fase 1 (3° e 4° ano),1.0,-1,Moderada,,,
RA-1014,Aluno-1014,2023,7,Feminino,2023,0.0,Pública,ALFA,0,ALFA Y - G0/G1,Topázio,8.2582,10.0,8.2,9.7,9.0,3.77,7.5,8.255,7.7,8.7,,ALFA (1° e 2° ano),,0,Em fase,,,
RA-1014,Aluno-1014,2024,8,Feminino,2023,1.0,Pública,ALFA,0,ALFA E - G2/G3,Ágata,6.315972727300001,5.0,5.25,7.8863636365000005,8.502,2.51,6.875,7.0,6.5,4.0,,Fase 1 (3° e 4° ano),1.0,-1,Moderada,,,
RA-1015,Aluno-1015,2023,10,Feminino,2023,0.0,Pública,FASE 1,1,1A,Ametista,7.538908333,5.0,6.3,9.3,10.0,6.27,7.34375,7.786666667,5.0,7.6,,Fase 2 (5° e 6° ano),2.0,-1,Moderada,,,
RA-1015,Aluno-1015,2024,11,Feminino,2023,1.0,Pública,2B,2,2B,Ágata,6.643252381000002,10.0,4.0,7.8214285715,7.918,7.51,6.041666667,5.66,2.0,6.0,,Fase 2 (5° e 6° ano),2.0,0,Em fase,,,
RA-1016,Aluno-1016,2023,10,Feminino,2023,0.0,Pública,FASE 1,1,1A,Ametista,7.762575,5.0,6.7,9.5,10.0,7.52,7.34375,7.73,5.8,7.5,,Fase 2 (5° e 6° ano),2.0,-1,Moderada,,,
RA-1017,Aluno-1017,2023,11,Masculino,2023,0.0,Pública,FASE 1,1,1A,Ágata,6.505333333,5.0,7.7,8.0,0.0,5.02,7.5,8.116666667,7.0,8.3,,Fase 2 (5° e 6° ano),2.0,-1,Moderada,,,
RA-1017,Aluno-1017,2024,12,Masculino,2023,1.0,Pública,2C,2,2C,Ametista,7.345521428500001,10.0,5.0,7.8095238095,9.502,6.26,7.1875,7.443333333,2.5,7.5,,Fase 2 (5° e 6° ano),2.0,0,Em fase,,,
RA-1018,Aluno-1018,2023,9,Masculino,2023,0.0,Pública,FASE 1,1,1A,Ágata,6.824,10.0,6.3,8.5,0.0,5.02,7.5,8.06,5.8,6.8,,Fase 1 (3° e 4° ano),1.0,0,Em fase,,,
RA-1018,Aluno-1018,2024,10,Masculino,2023,1.0,Pública,1A,1,1A,Ametista,7.7054045454,5.0,8.25,7.727272727,8.502,6.26,8.4375,8.45,8.5,8.0,,Fase 2 (5° e 6° ano),2.0,-1,Moderada,,,
RA-1019,Aluno-1019,2023,8,Feminino,2023,0.0,Pública,FASE 1,1,1A,Ametista,7.177033333,10.0,4.3,9.1,7.5,5.02,6.875,7.836666667,0.5,8.0,,ALFA (1° e 2° ano),,1,Em fase,,,
RA-1019,Aluno-1019,2024,9,Feminino,2023,1.0,Pública,1A,1,1A,Topázio,8.692255194900001,10.0,8.75,9.3073593075,9.502,6.26,7.8125,8.616666667,9.5,8.0,,Fase 1 (3° e 4° ano),1.0,0,Em fase,,,
RA-102,Aluno-102,2022,14,Masculino,2019,3.0,Escola Pública,4,4,A,Ágata,6.922,10.0,5.7,7.7,6.7,6.9,,6.0,4.7,6.8,5.5,Fase 4 (9º ano),4.0,0,Em fase,False,False,Requer avaliação
RA-1020,Aluno-1020,2023,9,Feminino,2023,0.0,Pública,FASE 1,1,1A,Ametista,7.612283333,10.0,6.1,9.1,10.0,2.52,7.1875,8.056666667,4.3,7.8,,Fase 1 (3° e 4° ano),1.0,0,Em fase,,,
RA-1020,Aluno-1020,2024,10,Feminino,2023,1.0,Pública,1A,1,1A,Topázio,8.9544954545,10.0,9.0,9.7727272725,9.002,6.88,8.4375,8.84,10.0,8.0,,Fase 1 (3° e 4° ano),1.0,0,Em fase,,,
RA-1021,Aluno-1021,2023,9,Masculino,2023,0.0,Pública,FASE 1,1,1A,Ágata,6.964616667,10.0,3.3,9.2,8.0,3.77,7.1875,7.893333333,2.5,4.0,,Fase 1 (3° e 4° ano),1.0,0,Em fase,,,
RA-1021,Aluno-1021,2024,10,Masculino,2023,1.0,Pública,1A,1,1A,Topázio,8.0985863636,5.0,8.0,9.318181818,9.502,7.51,8.4375,7.95,9.0,7.0,,Fase 2 (5° e 6° ano),2.0,-1,Moderada,,,
RA-1022,Aluno-1022,2023,9,Masculino,2023,0.0,Pública,FASE 1,1,1A,Ametista,7.164616667,10.0,4.7,8.5,8.5,3.77,7.1875,7.893333333,4.7,4.7,,Fase 1 (3° e 4° ano),1.0,0,Em fase,,,
RA-1022,Aluno-1022,2024,10,Masculino,2023,1.0,Pública,1A,1,1A,Ametista,7.613169697000002,5.0,6.5,9.318181818,9.502,6.26,7.5,8.116666667,5.5,7.5,,Fase 2 (5° e 6° ano),2.0,-1,Moderada,,,
RA-1023,Aluno-1023,2023,9,Feminino,2023,0.0,Pública,FASE 1,1,1A,Topázio,9.1342,10.0,9.1,10.0,10.0,6.27,8.75,9.06,8.5,9.7,,Fase 1 (3° e 4° ano),1.0,0,Em fase,,,
RA-1023,Aluno-1023,2024,10,Feminino,2023,1.0,Pública,2B,2,2B,Topázio,9.498580952300001,10.0,9.5,9.511904762,9.502,9.375,8.958333333,9.563333333,9.0,10.0,,Fase 2 (5° e 6° ano),2.0,0,Em fase,,,
RA-1024,Aluno-1024,2023,10,Feminino,2023,0.0,Pública,FASE 1,1,1B,Ametista,7.788875,5.0,9.8,10.0,0.0,6.27,9.21875,8.95,10.0,9.5,,Fase 2 (5° e 6° ano),2.0,-1,Moderada,,,
RA-1024,Aluno-1024,2024,11,Feminino,2023,1.0,Pública,1B,1,1B,Topázio,8.6516166666,5.0,10.0,10.0,8.002,7.51,8.4375,8.783333333,10.0,10.0,,Fase 2 (5° e 6° ano),2.0,-1,Moderada,,,
RA-1025,Aluno-1025,2023,9,Masculino,2023,0.0,Pública,FASE 1,1,1B,Topázio,8.215158333,10.0,7.5,8.9,8.5,7.52,7.65625,7.836666667,7.5,7.5,,Fase 1 (3° e 4° ano),1.0,0,Em fase,,,
RA-1025,Aluno-1025,2024,10,Masculino,2023,1.0,Pública,1A,1,1A,Ametista,7.897071212,5.0,9.0,7.727272727,9.002,7.51,8.4375,7.783333333,10.0,8.0,,Fase 2 (5° e 6° ano),2.0,-1,Moderada,,,
RA-1026,Aluno-1026,2023,14,Feminino,2023,0.0,Pública,FASE 1,1,1B,Ágata,6.494825,2.5,3.2,9.8,8.5,7.52,6.40625,7.06,2.3,4.0,,Fase 4 (9° ano),4.0,-3,Severa,,,
RA-1027,Aluno-1027,2023,10,Feminino,2023,0.0,Pública,FASE 1,1,1B,Ametista,7.748866667,5.0,6.0,9.7,9.5,7.52,7.5,8.333333333,4.2,7.7,,Fase 2 (5° e 6° ano),2.0,-1,Moderada,,,
RA-1027,Aluno-1027,2024,11,Feminino,2023,1.0,Pública,2B,2,2B,Topázio,8.220866666700001,10.0,5.25,10.0,9.502,7.51,7.916666667,8.39,6.0,4.5,,Fase 2 (5° e 6° ano),2.0,0,Em fase,,,
RA-1028,Aluno-1028,2023,11,Masculino,2023,0.0,Pública,FASE 1,1,1B,Ágata,6.415708333,5.0,5.0,9.2,0.0,7.52,7.34375,7.946666667,5.0,5.0,,Fase 2 (5° e 6° ano),2.0,-1,Moderada,,,
RA-1028,Aluno-1028,2024,12,Masculino,2023,1.0,Pública,1B,1,1B,Ametista,7.1404338602,5.0,7.5,7.055335968,8.002,5.63,6.875,8.393333333,6.0,9.0,,Fase 3 (7° e 8° ano),3.0,-2,Moderada,,,
RA-1029,Aluno-1029,2023,9,Feminino,2023,0.0,Pública,FASE 1,1,1C,Ametista,7.058533333,10.0,5.4,6.3,10.0,3.77,7.5,8.006666667,3.5,7.2,,Fase 1 (3° e 4° ano),1.0,0,Em fase,,,
RA-1029,Aluno-1029,2024,10,Feminino,2023,1.0,Pública,1C,1,1C,Ametista,7.797790909100001,5.0,8.75,8.7954545455,9.002,6.885,7.5,7.25,8.0,9.5,,Fase 2 (5° e 6° ano),2.0,-1,Moderada,,,
RA-103,Aluno-103,2022,13,Feminino,2020,2.0,Rede Decisão,4,4,A,Topázio,8.107,10.0,7.3,8.7,7.9,7.5,,7.708,7.3,7.3,7.3,Fase 3 (7º e 8º ano),3.0,1,Em fase,False,False,Não atendido
RA-103,Aluno-103,2023,14,Feminino,2020,3.0,Privada - Programa de Apadrinhamento,FASE 5,5,5A,Topázio,8.0239,10.0,7.1,9.2,8.3,5.0,8.125,8.09,7.3,6.3,7.7,Fase 4 (9° ano),4.0,1,Em fase,,,
RA-103,Aluno-103,2024,15,Feminino,2021,3.0,Privada - Programa de Apadrinhamento,5A,5,5A,Topázio,8.775268254,10.0,9.166666666666666,9.603174603333335,8.334,6.26,7.875,8.872,9.0,9.0,9.5,Fase 5 (1° EM),5.0,0,Em fase,,,
RA-1030,Aluno-1030,2023,11,Masculino,2023,0.0,Pública,FASE 1,1,1C,Ametista,7.4027,5.0,6.9,9.7,8.5,3.77,6.875,8.39,6.2,7.5,,Fase 2 (5° e 6° ano),2.0,-1,Moderada,,,
RA-1030,Aluno-1030,2024,12,Masculino,2023,1.0,Pública,2D,2,2D,Ametista,7.7401916040000005,10.0,8.0,8.28320802,7.418,4.385,7.8125,7.61,10.0,6.0,,Fase 2 (5° e 6° ano),2.0,0,Em fase,,,
RA-1031,Aluno-1031,2023,10,Masculino,2023,0.0,Pública,FASE 1,1,1D,Ametista,7.0602,5.0,5.9,8.8,8.0,7.52,6.666666667,7.006666667,4.8,7.0,,Fase 2 (5° e 6° ano),2.0,-1,Moderada,,,
RA-1031,Aluno-1031,2024,11,Masculino,2023,1.0,Pública,1C,1,1C,Ágata,6.8757227273,5.0,6.25,8.6363636365,9.502,7.51,5.3125,5.83,5.5,7.0,,Fase 2 (5° e 6° ano),2.0,-1,Moderada,,,
RA-1032,Aluno-1032,2023,10,Masculino,2023,0.0,Pública,FASE 1,1,1D,Ametista,7.434033333,5.0,6.0,9.5,8.5,7.52,7.291666667,7.563333333,5.7,6.2,,Fase 2 (5° e 6° ano),2.0,-1,Moderada,,,
RA-1032,Aluno-1032,2024,11,Masculino,2023,1.0,Pública,1C,1,1C,Topázio,8.01645,5.0,8.0,9.75,8.502,7.51,7.8125,7.92,9.0,7.0,,Fase 2 (5° e 6° ano),2.0,-1,Moderada,,,
RA-1033,Aluno-1033,2023,11,Feminino,2023,0.0,Pública,FASE 1,1,1D,Topázio,8.126033333,5.0,7.9,8.9,9.0,7.52,8.125,9.006666667,7.0,8.8,,Fase 2 (5° e 6° ano),2.0,-1,Moderada,,,
RA-1034,Aluno-1034,2023,10,Masculino,2023,0.0,Pública,FASE 1,1,1D,Ametista,7.9642,5.0,8.3,9.0,7.5,7.52,8.333333333,8.393333333,7.8,8.7,,Fase 2 (5° e 6° ano),2.0,-1,Moderada,,,
RA-1034,Aluno-1034,2024,11,Masculino,2023,1.0,Pública,2B,2,2B,Topázio,8.0333666666,10.0,7.5,8.0833333335,7.502,7.51,7.708333333,8.223333333,7.5,7.5,,Fase 2 (5° e 6° ano),2.0,0,Em fase,,,
RA-1035,Aluno-1035,2023,9,Masculino,2023,0.0,Pública,FASE 1,1,1D,Ágata,6.888833333,10.0,5.8,8.3,0.0,7.52,7.708333333,7.78,4.0,7.5,,Fase 1 (3° e 4° ano),1.0,0,Em fase,,,
RA-1035,Aluno-1035,2024,10,Masculino,2023,1.0,Pública,1C,1,1C,Ametista,7.833495454500001,5.0,7.0,9.0227272725,9.502,7.51,8.4375,7.92,6.5,7.5,,Fase 2 (5° e 6° ano),2.0,-1,Moderada,,,
RA-1036,Aluno-1036,2023,11,Feminino,2023,0.0,Pública,FASE 1,1,1F,Ágata,6.970583333,5.0,8.0,9.6,0.0,3.77,9.0625,8.336666667,9.0,7.0,,Fase 2 (5° e 6° ano),2.0,-1,Moderada,,,
RA-1036,Aluno-1036,2024,12,Feminino,2023,1.0,Pública,2H,2,2H,Topázio,8.2841303831,10.0,7.0,9.0890269155,10.002,7.51,7.65625,7.7475,7.0,7.0,,Fase 2 (5° e 6° ano),2.0,0,Em fase,,,
RA-1037,Aluno-1037,2023,10,Masculino,2023,0.0,Pública,FASE 1,1,1F,Ametista,7.655575,5.0,6.7,8.4,9.0,7.52,8.59375,8.17,5.0,8.3,,Fase 2 (5° e 6° ano),2.0,-1,Moderada,,,
RA-1038,Aluno-1038,2023,10,Feminino,2023,0.0,Privada,FASE 1,1,1F,Ametista,7.736825,5.0,6.5,9.3,8.0,7.52,8.90625,8.17,7.5,5.5,,Fase 2 (5° e 6° ano),2.0,-1,Moderada,,,
RA-1038,Aluno-1038,2024,11,Feminino,2023,1.0,Pública,2I,2,2I,Ametista,7.9646385965,10.0,8.5,7.5438596495,8.002,7.51,7.5,7.273333333,10.0,7.0,,Fase 2 (5° e 6° ano),2.0,0,Em fase,,,
RA-1039,Aluno-1039,2023,12,Masculino,2023,0.0,Pública,FASE 1,1,1F,Ametista,7.686033333,5.0,6.2,9.9,8.0,7.52,8.125,8.056666667,6.0,6.3,,Fase 3 (7° e 8° ano),3.0,-2,Moderada,,,
RA-1039,Aluno-1039,2024,13,Masculino,2023,1.0,Pública,2I,2,2I,Ametista,7.549644444400001,5.0,7.25,9.722222222,8.002,7.51,7.5,6.77,8.0,6.5,,Fase 3 (7° e 8° ano),3.0,-1,Moderada,,,
RA-104,Aluno-104,2022,18,Masculino,2022,0.0,Escola Pública,4,4,A,Ágata,6.315,2.5,3.7,8.7,7.9,7.5,,6.708,4.8,5.8,0.3,Fase 8 (Universitários),8.0,-4,Severa,False,False,Não atendido
RA-104,Aluno-104,2023,19,Masculino,2022,1.0,Pública,FASE 5,5,5F,Quartzo,4.25,2.5,2.6,7.7,0.0,2.52,5.625,5.6275,3.7,1.8,2.3,Fase 8 (Universitários),8.0,-3,Severa,,,
RA-1040,Aluno-1040,2023,11,Masculino,2023,0.0,Pública,FASE 1,1,1F,Ametista,7.81545,5.0,6.6,9.3,10.0,7.52,7.8125,8.06,5.8,7.3,,Fase 2 (5° e 6° ano),2.0,-1,Moderada,,,
RA-1040,Aluno-1040,2024,12,Masculino,2023,1.0,Pública,2I,2,2I,Ametista,7.764199999900001,5.0,8.25,8.5416666665,9.502,7.51,7.5,7.273333333,8.0,8.5,,Fase 3 (7° e 8° ano),3.0,-1,Moderada,,,
RA-1041,Aluno-1041,2023,10,Feminino,2023,0.0,Pública,FASE 1,1,1F,Ágata,6.724116667,5.0,3.3,7.2,10.0,7.52,7.8125,8.003333333,1.8,4.7,,Fase 2 (5° e 6° ano),2.0,-1,Moderada,,,
RA-1042,Aluno-1042,2023,10,Masculino,2023,0.0,Pública,FASE 1,1,1G,Quartzo,5.331166667,5.0,4.3,6.5,0.0,3.77,7.708333333,7.666666667,4.0,4.5,,Fase 2 (5° e 6° ano),2.0,-1,Moderada,,,
RA-1043,Aluno-1043,2023,10,Masculino,2023,0.0,Pública,FASE 1,1,1G,Ágata,6.5447,5.0,2.5,7.9,10.0,6.27,7.708333333,7.833333333,2.0,3.0,,Fase 2 (5° e 6° ano),2.0,-1,Moderada,,,
RA-1043,Aluno-1043,2024,11,Masculino,2023,1.0,Pública,1H,1,1H,Ametista,7.539847562500002,5.0,8.25,7.994071146,10.002,7.51,7.291666667,6.553333333,8.5,8.0,,Fase 2 (5° e 6° ano),2.0,-1,Moderada,,,
RA-1044,Aluno-1044,2023,10,Feminino,2023,0.0,Pública,FASE 1,1,1G,Ametista,7.629533333,5.0,6.1,9.7,8.0,7.52,7.5,8.336666667,4.5,7.7,,Fase 2 (5° e 6° ano),2.0,-1,Moderada,,,
RA-1044,Aluno-1044,2024,11,Feminino,2023,1.0,Pública,2G,2,2G,Ametista,7.966711904800001,10.0,7.0,9.523809524,7.502,7.51,7.1875,7.21,7.0,7.0,,Fase 2 (5° e 6° ano),2.0,0,Em fase,,,
RA-1045,Aluno-1045,2023,11,Feminino,2023,0.0,Pública,FASE 1,1,1H,Topázio,8.089033333,5.0,7.9,9.4,9.5,7.52,7.708333333,8.28,6.8,9.0,,Fase 2 (5° e 6° ano),2.0,-1,Moderada,,,
RA-1046,Aluno-1046,2023,9,Masculino,2023,0.0,Pública,FASE 1,1,1H,Ágata,6.835833333,10.0,6.3,8.5,0.0,3.77,8.541666667,8.223333333,6.3,6.3,,Fase 1 (3° e 4° ano),1.0,0,Em fase,,,
RA-1047,Aluno-1047,2023,9,Masculino,2023,0.0,Pública,FASE 1,1,1H,Ametista,7.848366667,10.0,6.9,8.5,10.0,3.77,8.125,7.893333333,5.8,8.0,,Fase 1 (3° e 4° ano),1.0,0,Em fase,,,
RA-1048,Aluno-1048,2023,10,Feminino,2023,0.0,Privada,FASE 1,1,1H,Ametista,7.811366667,5.0,8.2,9.5,8.5,3.77,8.541666667,8.5,7.5,8.8,,Fase 2 (5° e 6° ano),2.0,-1,Moderada,,,
RA-1048,Aluno-1048,2024,11,Feminino,2023,1.0,Privada,2A,2,2A,Ametista,7.5198666666000005,10.0,6.25,6.833333333500001,8.502,6.255,7.708333333,8.283333333,6.5,6.0,,Fase 1 (3° e 4° ano),1.0,1,Em fase,,,
RA-1049,Aluno-1049,2023,10,Masculino,2023,0.0,Pública,FASE 1,1,1H,Ametista,7.443366667,5.0,6.3,7.7,10.0,7.52,8.125,7.943333333,5.5,7.0,,Fase 2 (5° e 6° ano),2.0,-1,Moderada,,,
RA-1049,Aluno-1049,2024,11,Masculino,2023,1.0,Pública,1J,1,1J,Ágata,6.821885606,5.0,4.5,8.03030303,9.502,7.51,7.65625,6.745,4.0,5.0,,Fase 2 (5° e 6° ano),2.0,-1,Moderada,,,
RA-105,Aluno-105,2022,17,Masculino,2016,6.0,Rede Decisão,4,4,A,Ágata,6.846,2.5,6.7,8.2,7.9,5.6,,7.417,7.2,6.2,6.8,Fase 7 (3º EM),7.0,-3,Severa,False,False,Requer avaliação
RA-1050,Aluno-1050,2023,11,Masculino,2023,0.0,Pública,FASE 1,1,1H,Ametista,7.764366667,5.0,7.2,9.2,9.0,6.27,8.125,8.223333333,6.2,8.2,,Fase 2 (5° e 6° ano),2.0,-1,Moderada,,,
RA-1051,Aluno-1051,2023,9,Feminino,2023,0.0,Pública,FASE 1,1,1H,Topázio,8.534866667,10.0,8.4,8.9,8.5,6.27,8.75,8.613333333,7.0,9.8,,Fase 1 (3° e 4° ano),1.0,0,Em fase,,,
RA-1052,Aluno-1052,2023,9,Masculino,2023,0.0,Pública,FASE 1,1,1H,Ágata,6.960333333,10.0,5.3,9.0,0.0,7.52,7.916666667,7.833333333,5.0,5.5,,Fase 1 (3° e 4° ano),1.0,0,Em fase,,,
RA-1052,Aluno-1052,2024,10,Masculino,2023,1.0,Pública,1J,1,1J,Ametista,7.744032575800001,5.0,8.25,9.128787879,5.834,6.26,8.59375,8.4975,8.5,8.0,,Fase 2 (5° e 6° ano),2.0,-1,Moderada,,,
RA-1053,Aluno-1053,2023,9,Masculino,2023,0.0,Pública,FASE 1,1,1J,Ametista,7.776166667,10.0,8.6,9.1,0.0,6.27,8.958333333,8.616666667,7.8,9.3,,Fase 1 (3° e 4° ano),1.0,0,Em fase,,,
RA-1054,Aluno-1054,2023,12,Masculino,2023,0.0,Pública,FASE 1,1,1J,Ametista,7.459533333,5.0,6.6,8.6,8.5,7.52,7.5,7.836666667,5.0,8.2,,Fase 3 (7° e 8° ano),3.0,-2,Moderada,,,
RA-1054,Aluno-1054,2024,13,Masculino,2023,1.0,Pública,2G,2,2G,Ágata,6.985788509300001,5.0,6.25,7.3291925465,9.502,7.51,7.1875,6.75,6.0,6.5,,Fase 3 (7° e 8° ano),3.0,-1,Moderada,,,
RA-1055,Aluno-1055,2023,11,Masculino,2023,0.0,Pública,FASE 1,1,1J,Quartzo,5.9765,5.0,5.5,7.2,0.0,7.52,7.291666667,7.276666667,6.0,5.0,,Fase 2 (5° e 6° ano),2.0,-1,Moderada,,,
RA-1055,Aluno-1055,2024,12,Masculino,2023,1.0,Pública,1J,1,1J,Ágata,6.403040909100001,5.0,5.5,5.7954545455,10.002,7.51,7.1875,5.87,4.0,7.0,,Fase 3 (7° e 8° ano),3.0,-2,Moderada,,,
RA-1056,Aluno-1056,2023,9,Masculino,2023,0.0,Pública,FASE 1,1,1K,Topázio,8.551741667,10.0,8.1,9.6,8.5,7.52,7.96875,8.113333333,7.8,8.3,,Fase 1 (3° e 4° ano),1.0,0,Em fase,,,
RA-1056,Aluno-1056,2024,10,Masculino,2023,1.0,Pública,1L,1,1L,Topázio,8.192009523800001,5.0,8.25,9.2857142855,8.502,7.51,9.166666667,8.335,8.5,8.0,,Fase 2 (5° e 6° ano),2.0,-1,Moderada,,,
RA-1057,Aluno-1057,2023,9,Feminino,2023,0.0,Pública,FASE 1,1,1L,Topázio,8.4827,10.0,6.3,10.0,10.0,7.52,8.125,8.34,6.5,6.0,,Fase 1 (3° e 4° ano),1.0,0,Em fase,,,
RA-1057,Aluno-1057,2024,10,Feminino,2023,1.0,Pública,1L,1,1L,Topázio,8.2352,5.0,8.0,10.0,10.002,6.26,8.75,8.17,8.0,8.0,,Fase 2 (5° e 6° ano),2.0,-1,Moderada,,,
RA-1058,Aluno-1058,2023,9,Feminino,2023,0.0,Pública,FASE 1,1,1L,Ametista,7.356533333,10.0,5.4,8.7,10.0,3.14,7.083333333,7.62,4.0,6.7,,Fase 1 (3° e 4° ano),1.0,0,Em fase,,,
RA-1058,Aluno-1058,2024,10,Feminino,2023,1.0,Pública,1K,1,1K,Ametista,7.703347619,5.0,7.75,8.095238095,9.168,6.88,8.125,8.085,7.5,8.0,,Fase 2 (5° e 6° ano),2.0,-1,Moderada,,,
RA-1059,Aluno-1059,2023,10,Masculino,2023,0.0,Pública,FASE 1,1,1M,Ametista,7.763741667,5.0,7.6,9.8,10.0,2.52,7.96875,8.673333333,6.2,9.0,,Fase 2 (5° e 6° ano),2.0,-1,Moderada,,,
RA-1059,Aluno-1059,2024,11,Masculino,2023,1.0,Pública,2M,2,2M,Topázio,8.678450000000002,10.0,7.5,10.0,8.002,6.26,9.0625,9.23,7.5,7.5,,Fase 2 (5° e 6° ano),2.0,0,Em fase,,,
RA-106,Aluno-106,2022,15,Feminino,2016,6.0,Rede Decisão,4,4,A,Ametista,7.973,5.0,7.4,8.0,9.2,9.4,,8.375,7.8,7.2,7.2,Fase 5 (1º EM),5.0,-1,Moderada,False,True,Sem limitações
RA-106,Aluno-106,2023,15,Feminino,2016,7.0,Privada - Programa de Apadrinhamento,FASE 5,5,5A,Ametista,7.769658333,10.0,7.3,9.1,7.9,5.0,7.03125,7.5075,6.7,6.8,8.3,Fase 5 (1° EM),5.0,0,Em fase,,,
RA-106,Aluno-106,2024,16,Feminino,2021,3.0,Privada - Programa de Apadrinhamento,6A,6,6A,Ametista,7.721664285733334,10.0,5.666666666666667,8.761904762,9.168,5.635,7.8125,7.872,7.0,3.5,6.5,Fase 6 (2° EM),6.0,0,Em fase,,,
RA-1060,Aluno-1060,2023,10,Masculino,2023,0.0,Pública,FASE 1,1,1M,Ametista,7.095741667,5.0,5.7,8.6,9.0,3.14,7.96875,8.673333333,4.3,7.0,,Fase 2 (5° e 6° ano),2.0,-1,Moderada,,,
RA-1060,Aluno-1060,2024,12,Masculino,2023,1.0,Pública,2M,2,2M,Ágata,6.448416666600001,10.0,3.25,6.0,9.585,6.26,7.8125,6.163333333,3.5,3.0,,Fase 2 (5° e 6° ano),2.0,0,Em fase,,,
RA-1061,Aluno-1061,2023,10,Masculino,2023,0.0,Pública,FASE 1,1,1M,Topázio,8.196533333,5.0,9.3,9.7,9.5,3.14,8.75,8.836666667,8.8,9.7,,Fase 2 (5° e 6° ano),2.0,-1,Moderada,,,
RA-1061,Aluno-1061,2024,11,Masculino,2023,1.0,Pública,2M,2,2M,Topázio,8.76595,10.0,8.5,10.0,8.502,6.26,8.4375,8.73,7.0,10.0,,Fase 2 (5° e 6° ano),2.0,0,Em fase,,,
RA-1062,Aluno-1062,2023,9,Masculino,2023,0.0,Pública,FASE 1,1,1M,Ametista,7.448841667,10.0,6.2,7.7,7.4,3.77,8.59375,8.503333333,4.8,7.5,,Fase 1 (3° e 4° ano),1.0,0,Em fase,,,
RA-1062,Aluno-1062,2024,10,Masculino,2023,1.0,Pública,1L,1,1L,Ametista,7.6147238096,5.0,7.25,9.047619048,8.002,5.63,8.75,8.085,6.5,8.0,,Fase 2 (5° e 6° ano),2.0,-1,Moderada,,,
RA-1063,Aluno-1063,2023,11,Masculino,2023,0.0,Privada - Programa de Apadrinhamento,FASE 1,1,1N,Ametista,7.490825,5.0,5.9,9.5,9.5,7.52,6.40625,7.89,4.7,7.0,,Fase 2 (5° e 6° ano),2.0,-1,Moderada,,,
RA-1063,Aluno-1063,2024,12,Masculino,2023,1.0,Pública,2N,2,2N,Ametista,7.279250000000001,5.0,7.75,9.75,5.25,7.51,7.8125,6.11,9.0,6.5,,Fase 3 (7° e 8° ano),3.0,-1,Moderada,,,
RA-1064,Aluno-1064,2023,10,Masculino,2023,0.0,Pública,FASE 1,1,1N,Topázio,8.4777,5.0,8.6,9.8,8.5,7.52,9.375,8.84,8.3,8.8,,Fase 2 (5° e 6° ano),2.0,-1,Moderada,,,
RA-1064,Aluno-1064,2024,11,Masculino,2023,1.0,Pública,2N,2,2N,Topázio,8.9802350877,10.0,8.5,9.7368421055,9.502,7.51,8.75,8.783333333,8.0,9.0,,Fase 2 (5° e 6° ano),2.0,0,Em fase,,,
RA-1065,Aluno-1065,2023,10,Feminino,2023,0.0,Pública,FASE 1,1,1N,Topázio,8.03395,5.0,7.0,9.6,8.5,7.52,8.4375,8.84,7.7,6.3,,Fase 2 (5° e 6° ano),2.0,-1,Moderada,,,
RA-1065,Aluno-1065,2024,11,Feminino,2023,1.0,Pública,2N,2,2N,Topázio,8.8634934783,10.0,9.25,8.8152173915,9.502,6.26,9.0625,8.84,9.0,9.5,,Fase 2 (5° e 6° ano),2.0,0,Em fase,,,
RA-1066,Aluno-1066,2023,10,Feminino,2023,0.0,Pública,FASE 1,1,1N,Ametista,7.262616667,5.0,6.2,6.6,8.5,7.52,8.4375,8.783333333,4.2,8.2,,Fase 2 (5° e 6° ano),2.0,-1,Moderada,,,
RA-1066,Aluno-1066,2024,11,Feminino,2023,1.0,Pública,2L,2,2L,Ametista,7.9326223603,10.0,7.25,8.3954451345,9.502,6.26,7.5,7.386666667,7.0,7.5,,Fase 2 (5° e 6° ano),2.0,0,Em fase,,,
RA-1067,Aluno-1067,2023,10,Masculino,2023,0.0,Pública,FASE 1,1,1N,Ágata,6.541458333,5.0,5.4,7.9,0.0,7.52,8.28125,9.006666667,4.5,6.3,,Fase 2 (5° e 6° ano),2.0,-1,Moderada,,,
RA-1067,Aluno-1067,2024,11,Masculino,2023,1.0,Pública,1K,1,1K,Ametista,7.840033333300001,5.0,6.75,8.333333332999999,10.002,7.51,8.541666667,8.59,6.5,7.0,,Fase 2 (5° e 6° ano),2.0,-1,Moderada,,,
RA-1068,Aluno-1068,2023,10,Masculino,2023,0.0,Pública,FASE 1,1,1P,Topázio,8.472533333,5.0,9.0,9.3,8.5,6.89,9.166666667,9.283333333,8.3,9.7,,Fase 2 (5° e 6° ano),2.0,-1,Moderada,,,
RA-1068,Aluno-1068,2024,11,Masculino,2023,1.0,Pública,2R,2,2R,Topázio,9.0150030303,10.0,9.5,9.068181818,9.502,7.51,8.541666667,8.73,9.0,10.0,,Fase 2 (5° e 6° ano),2.0,0,Em fase,,,
RA-1069,Aluno-1069,2023,11,Masculino,2023,0.0,Pública,FASE 1,1,1P,Ametista,7.590033333,5.0,7.1,7.8,9.0,7.52,8.125,8.226666667,7.5,6.7,,Fase 2 (5° e 6° ano),2.0,-1,Moderada,,,
RA-1069,Aluno-1069,2024,12,Masculino,2023,1.0,Pública,2K,2,2K,Ametista,7.678917391300001,10.0,6.25,7.0760869565,9.002,7.51,8.125,7.75,7.0,5.5,,Fase 2 (5° e 6° ano),2.0,0,Em fase,,,
RA-107,Aluno-107,2022,15,Feminino,2018,4.0,Escola Pública,4,4,A,Ágata,6.258,5.0,4.6,6.4,7.5,7.5,,6.5,3.3,4.3,6.0,Fase 5 (1º EM),5.0,-1,Moderada,True,False,Sem limitações
RA-107,Aluno-107,2023,15,Feminino,2018,5.0,Pública,FASE 5,5,5C,Ágata,6.845208333,10.0,7.0,8.5,0.0,5.0,7.34375,7.5875,6.0,5.2,9.7,Fase 5 (1° EM),5.0,0,Em fase,,,
RA-107,Aluno-107,2024,16,Feminino,2021,3.0,Pública,5D,5,5D,Ágata,6.676130827066667,5.0,4.666666666666667,7.9949874686666655,7.5,7.51,7.5,6.964,0.0,4.5,9.5,Fase 6 (2° EM),6.0,-1,Moderada,,,
RA-1070,Aluno-1070,2023,11,Masculino,2023,0.0,Pública,FASE 1,1,1P,Ágata,6.939033333,5.0,5.8,7.8,9.0,3.14,7.708333333,8.67,5.3,6.3,,Fase 2 (5° e 6° ano),2.0,-1,Moderada,,,
RA-1070,Aluno-1070,2024,12,Masculino,2023,1.0,Pública,1P,1,1P,Ágata,6.287171861500001,5.0,2.25,9.3073593075,9.002,5.635,6.875,6.6225,4.5,0.0,,Fase 2 (5° e 6° ano),2.0,-1,Moderada,,,
RA-1071,Aluno-1071,2023,11,Masculino,2023,0.0,Pública,FASE 1,1,1R,Ágata,6.414033333,5.0,3.5,8.6,9.0,7.52,5.625,6.396666667,1.7,5.3,,Fase 2 (5° e 6° ano),2.0,-1,Moderada,,,
RA-1071,Aluno-1071,2024,12,Masculino,2023,1.0,Pública,2R,2,2R,Quartzo,4.8048623378,5.0,4.5,4.188311688500001,8.002,7.51,4.166666667,2.996666667,4.0,5.0,,Fase 3 (7° e 8° ano),3.0,-1,Moderada,,,
RA-1072,Aluno-1072,2023,11,Masculino,2023,0.0,Pública,FASE 2,2,2A,Topázio,8.0152,10.0,6.7,8.6,9.0,5.0,8.125,8.7125,5.2,8.2,,Fase 2 (5° e 6° ano),2.0,0,Em fase,,,
RA-1072,Aluno-1072,2024,12,Masculino,2023,1.0,Pública,3B,3,3B,Ametista,7.8153856754,10.0,8.166666666666666,5.627886710333333,8.751,8.755,7.96875,7.545,8.0,7.0,9.5,Fase 3 (7° e 8° ano),3.0,0,Em fase,,,
RA-1073,Aluno-1073,2023,12,Feminino,2023,0.0,Pública,FASE 2,2,2A,Ágata,6.384333333,5.0,6.2,8.8,0.0,2.52,8.333333333,9.045,4.8,7.5,,Fase 3 (7° e 8° ano),3.0,-1,Moderada,,,
RA-1073,Aluno-1073,2024,13,Feminino,2022,2.0,Pública,3A,3,3A,Ametista,7.0859945773333335,10.0,6.5,6.370972886666667,9.168,7.5,6.875,5.7875,6.5,5.0,8.0,Fase 3 (7° e 8° ano),3.0,0,Em fase,,,
RA-1074,Aluno-1074,2023,12,Feminino,2023,0.0,Pública,FASE 2,2,2A,Ágata,6.195833333,5.0,6.0,9.8,0.0,2.52,7.083333333,7.8775,8.0,4.0,,Fase 3 (7° e 8° ano),3.0,-1,Moderada,,,
RA-1075,Aluno-1075,2023,12,Feminino,2023,0.0,Pública,FASE 2,2,2A,Ágata,6.591333333,5.0,5.5,9.6,0.0,5.0,7.708333333,9.0025,5.0,6.0,,Fase 3 (7° e 8° ano),3.0,-1,Moderada,,,
RA-1075,Aluno-1075,2024,13,Feminino,2023,1.0,Pública,2A,2,2A,Ágata,6.8100812324,5.0,6.0,8.5154061625,7.5,3.755,7.708333333,7.553333333,5.0,7.0,,Fase 3 (7° e 8° ano),3.0,-1,Moderada,,,
RA-1076,Aluno-1076,2023,12,Feminino,2023,0.0,Pública,FASE 2,2,2A,Ametista,7.901033333,5.0,8.5,9.7,9.0,2.52,8.333333333,8.8775,9.0,8.0,,Fase 3 (7° e 8° ano),3.0,-1,Moderada,,,
RA-1076,Aluno-1076,2024,13,Feminino,2021,3.0,Pública,3A,3,3A,Ametista,7.479598365200001,10.0,6.333333333333333,7.777033492666668,8.334,8.125,7.03125,6.5425,5.5,6.5,7.0,Fase 3 (7° e 8° ano),3.0,0,Em fase,,,
RA-1077,Aluno-1077,2023,11,Masculino,2023,0.0,Pública,FASE 2,2,2B,Ametista,7.2115,10.0,7.3,9.7,0.0,2.52,8.75,8.4225,6.8,7.8,,Fase 2 (5° e 6° ano),2.0,0,Em fase,,,
RA-1077,Aluno-1077,2024,12,Masculino,2023,1.0,Pública,3D,3,3D,Quartzo,5.543865740733334,10.0,2.0,7.703703703666666,0.0,6.885,6.40625,6.37,0.0,6.0,0.0,Fase 3 (7° e 8° ano),3.0,0,Em fase,,,
RA-1078,Aluno-1078,2023,14,Masculino,2023,0.0,Pública,FASE 2,2,2B,Ágata,6.472333333,5.0,6.4,6.8,5.3,2.52,8.958333333,8.2975,4.3,8.5,,Fase 4 (9° ano),4.0,-2,Moderada,,,
RA-1079,Aluno-1079,2023,12,Masculino,2023,0.0,Pública,FASE 2,2,2B,Ágata,6.916533333,5.0,7.6,8.1,9.0,2.52,7.083333333,7.13,7.3,7.8,,Fase 3 (7° e 8° ano),3.0,-1,Moderada,,,
RA-1079,Aluno-1079,2024,13,Masculino,2023,1.0,Pública,3B,3,3B,Quartzo,5.4253413299333335,10.0,6.333333333333333,4.516498316333333,7.5,2.51,4.21875,4.1625,5.0,7.5,6.5,Fase 3 (7° e 8° ano),3.0,0,Em fase,,,
RA-108,Aluno-108,2022,17,Feminino,2019,3.0,Escola Pública,4,4,A,Quartzo,5.547,2.5,5.0,7.7,4.6,5.0,,6.125,3.0,5.8,6.2,Fase 7 (3º EM),7.0,-3,Severa,False,False,Não indicado
RA-108,Aluno-108,2023,17,Feminino,2019,4.0,Concluiu o 3º EM,FASE 5,5,5B,Quartzo,4.9308,5.0,2.9,7.3,5.8,2.52,4.375,5.59,2.7,3.2,2.8,Fase 7 (3° EM),7.0,-2,Moderada,,,
RA-1080,Aluno-1080,2023,12,Masculino,2023,0.0,Pública,FASE 2,2,2B,Ágata,6.571966667,5.0,1.5,10.0,7.9,5.0,8.541666667,8.13,0.0,3.0,,Fase 3 (7° e 8° ano),3.0,-1,Moderada,,,
RA-1081,Aluno-1081,2023,14,Feminino,2023,0.0,Pública,FASE 2,2,2B,Ametista,7.666033333,5.0,6.5,10.0,10.0,2.52,8.958333333,8.59,8.0,5.0,,Fase 4 (9° ano),4.0,-2,Moderada,,,
RA-1081,Aluno-1081,2024,15,Feminino,2023,1.0,Privada - Programa de Apadrinhamento,4C,4,4C,Topázio,8.5452952381,10.0,8.833333333333334,9.523809523666666,6.667,5.005,9.166666667,8.95,9.5,8.0,9.0,Fase 4 (9° ano),4.0,0,Em fase,,,
RA-1082,Aluno-1082,2023,12,Feminino,2023,0.0,Pública,FASE 2,2,2B,Ametista,7.1617,5.0,5.0,9.5,9.5,2.52,8.75,8.4225,3.5,6.5,,Fase 3 (7° e 8° ano),3.0,-1,Moderada,,,
RA-1082,Aluno-1082,2024,13,Feminino,2023,1.0,Pública,2A,2,2A,Ágata,6.6114857142,5.0,3.75,7.5714285715,7.502,10.0,7.083333333,6.943333333,2.0,5.5,,Fase 3 (7° e 8° ano),3.0,-1,Moderada,,,
RA-1083,Aluno-1083,2023,10,Feminino,2023,0.0,Pública,FASE 2,2,2B,Topázio,8.2345,10.0,7.5,10.0,6.8,5.0,8.75,8.38,7.0,8.0,,Fase 2 (5° e 6° ano),2.0,0,Em fase,,,
RA-1084,Aluno-1084,2023,11,Feminino,2023,0.0,Pública,FASE 2,2,2B,Ametista,7.9948,10.0,6.8,10.0,8.4,2.52,8.75,8.38,5.0,8.5,,Fase 2 (5° e 6° ano),2.0,0,Em fase,,,
RA-1084,Aluno-1084,2024,12,Feminino,2023,1.0,Pública,3A,3,3A,Ágata,6.9071109649333335,10.0,3.6666666666666665,7.705263158,8.751,5.63,7.03125,7.4575,1.0,6.0,4.0,Fase 3 (7° e 8° ano),3.0,0,Em fase,,,
RA-1085,Aluno-1085,2023,12,Feminino,2023,0.0,Pública,FASE 2,2,2C,Ágata,6.563833333,5.0,6.7,9.8,0.0,2.52,8.958333333,8.13,6.0,7.3,,Fase 3 (7° e 8° ano),3.0,-1,Moderada,,,
RA-1086,Aluno-1086,2023,12,Feminino,2023,0.0,Pública,FASE 2,2,2C,Ametista,7.2382,5.0,5.7,9.4,8.5,2.52,8.75,8.755,6.0,5.3,,Fase 3 (7° e 8° ano),3.0,-1,Moderada,,,
RA-1087,Aluno-1087,2023,12,Feminino,2023,0.0,Pública,FASE 2,2,2C,Ametista,7.2067,5.0,5.4,9.5,10.0,2.52,8.75,8.0475,3.7,7.0,,Fase 3 (7° e 8° ano),3.0,-1,Moderada,,,
RA-1087,Aluno-1087,2024,13,Feminino,2023,1.0,Pública,3B,3,3B,Ágata,6.913936532,10.0,2.6666666666666665,8.393265993333333,7.917,8.755,7.1875,6.58,2.0,5.0,1.0,Fase 3 (7° e 8° ano),3.0,0,Em fase,,,
RA-1088,Aluno-1088,2023,13,Masculino,2023,0.0,Pública,FASE 2,2,2C,Ametista,7.4717,5.0,6.8,9.8,9.5,2.52,8.75,7.9225,6.0,7.5,,Fase 3 (7° e 8° ano),3.0,-1,Moderada,,,
RA-1089,Aluno-1089,2023,11,Feminino,2023,0.0,Pública,FASE 2,2,2C,Ametista,7.9947,10.0,7.0,9.5,9.0,2.52,8.75,8.3375,6.0,8.0,,Fase 2 (5° e 6° ano),2.0,0,Em fase,,,
RA-1089,Aluno-1089,2024,12,Feminino,2023,1.0,Pública,3D,3,3D,Ametista,7.6221531746,10.0,6.833333333333333,7.039682539666667,9.168,8.13,7.1875,6.995,6.0,6.0,8.5,Fase 3 (7° e 8° ano),3.0,0,Em fase,,,
RA-109,Aluno-109,2022,16,Masculino,2021,1.0,Rede Decisão,4,4,A,Topázio,8.512,5.0,8.4,10.0,8.8,8.8,,8.667,7.8,7.5,9.9,Fase 6 (2º EM),6.0,-2,Moderada,False,True,Sem limitações
RA-109,Aluno-109,2023,17,Masculino,2021,2.0,Privada - Programa de Apadrinhamento,FASE 6,6,6A,Topázio,8.3184,5.0,8.3,9.9,8.3,7.52,8.75,8.59,7.0,8.2,9.7,Fase 7 (3° EM),7.0,-1,Moderada,,,
RA-1090,Aluno-1090,2023,13,Masculino,2023,0.0,Pública,FASE 2,2,2C,Ametista,7.844033333,5.0,9.0,9.6,9.0,2.52,8.958333333,7.88,8.7,9.3,,Fase 3 (7° e 8° ano),3.0,-1,Moderada,,,
RA-1090,Aluno-1090,2024,14,Masculino,2023,1.0,Pública,3D,3,3D,Ametista,7.7652831384,10.0,6.333333333333333,7.621832358666666,9.585,7.51,7.8125,7.4175,3.5,7.5,8.0,Fase 3 (7° e 8° ano),3.0,0,Em fase,,,
RA-1091,Aluno-1091,2023,12,Masculino,2023,0.0,Pública,FASE 2,2,2C,Topázio,8.032533333,5.0,9.5,9.0,8.5,2.52,8.958333333,9.1725,9.3,9.7,,Fase 3 (7° e 8° ano),3.0,-1,Moderada,,,
RA-1092,Aluno-1092,2023,12,Masculino,2023,0.0,Pública,FASE 2,2,2C,Ametista,7.41,5.0,6.9,9.8,7.8,2.52,8.75,8.2975,6.0,7.8,,Fase 3 (7° e 8° ano),3.0,-1,Moderada,,,
RA-1093,Aluno-1093,2023,11,Masculino,2023,0.0,Pública,FASE 2,2,2C,Topázio,8.197533333,10.0,9.2,9.3,7.0,2.52,8.958333333,8.2975,9.3,9.0,,Fase 2 (5° e 6° ano),2.0,0,Em fase,,,
RA-1093,Aluno-1093,2024,12,Masculino,2023,1.0,Pública,3D,3,3D,Topázio,8.5079027778,10.0,8.666666666666666,7.722222222333333,7.5,8.13,8.90625,8.8825,8.5,8.0,9.5,Fase 3 (7° e 8° ano),3.0,0,Em fase,,,
RA-1094,Aluno-1094,2023,11,Feminino,2023,0.0,Pública,FASE 2,2,2C,Topázio,8.1779,10.0,8.5,9.5,7.8,2.52,8.75,8.3375,7.8,9.2,,Fase 2 (5° e 6° ano),2.0,0,Em fase,,,
RA-1094,Aluno-1094,2024,12,Feminino,2023,1.0,Pública,3D,3,3D,Topázio,8.0164785714,10.0,7.333333333333333,9.523809523666666,9.168,2.51,8.4375,8.1675,6.0,7.5,8.5,Fase 3 (7° e 8° ano),3.0,0,Em fase,,,
RA-1095,Aluno-1095,2023,13,Masculino,2023,0.0,Pública,FASE 2,2,2C,Ágata,6.238,5.0,5.3,9.8,0.0,2.52,8.75,8.005,5.8,4.7,,Fase 3 (7° e 8° ano),3.0,-1,Moderada,,,
RA-1095,Aluno-1095,2024,14,Masculino,2023,1.0,Pública,3D,3,3D,Ágata,6.108547514666667,10.0,2.3333333333333335,7.84502924,7.5,7.51,5.46875,5.125,3.0,2.0,2.0,Fase 3 (7° e 8° ano),3.0,0,Em fase,,,
RA-1096,Aluno-1096,2023,10,Feminino,2023,0.0,Pública,FASE 2,2,2D,Topázio,8.615533333,10.0,9.6,9.9,9.5,2.52,8.958333333,8.0875,9.5,9.7,,Fase 2 (5° e 6° ano),2.0,0,Em fase,,,
RA-1096,Aluno-1096,2024,11,Feminino,2023,1.0,Pública,3B,3,3B,Topázio,9.189883333333334,10.0,8.5,9.866666666666667,9.168,8.755,9.0625,9.09,8.5,7.0,10.0,Fase 2 (5° e 6° ano),2.0,1,Em fase,,,
RA-1097,Aluno-1097,2023,14,Masculino,2023,0.0,Pública,FASE 2,2,2D,Ágata,6.9547,5.0,5.4,8.6,9.5,5.0,8.125,6.96,4.3,6.5,,Fase 4 (9° ano),4.0,-2,Moderada,,,
RA-1097,Aluno-1097,2024,15,Masculino,2023,1.0,Pública,3C,3,3C,Quartzo,5.475324895633334,5.0,3.0,4.849791144666667,10.002,6.25,6.041666667,5.88,4.5,4.5,0.0,Fase 4 (9° ano),4.0,-1,Moderada,,,
RA-1098,Aluno-1098,2023,13,Feminino,2023,0.0,Pública,FASE 2,2,2D,Ametista,7.2787,5.0,6.4,9.5,9.5,2.52,8.125,7.92,6.3,6.5,,Fase 3 (7° e 8° ano),3.0,-1,Moderada,,,
RA-1098,Aluno-1098,2024,14,Feminino,2023,1.0,Pública,3D,3,3D,Ágata,6.5744562514,10.0,3.5,5.822406257,8.751,7.51,7.34375,6.7475,1.0,3.5,6.0,Fase 3 (7° e 8° ano),3.0,0,Em fase,,,
RA-1099,Aluno-1099,2023,13,Feminino,2023,0.0,Pública,FASE 2,2,2F,Ametista,7.113533333,5.0,5.2,9.6,9.0,2.52,8.333333333,8.34,5.7,4.7,,Fase 3 (7° e 8° ano),3.0,-1,Moderada,,,
RA-1099,Aluno-1099,2024,14,Feminino,2023,1.0,Pública,3G,3,3G,Ametista,7.332483333333334,10.0,3.8333333333333335,8.133333333333333,8.334,10.0,7.8125,6.6225,2.5,3.5,5.5,Fase 3 (7° e 8° ano),3.0,0,Em fase,,,
RA-11,Aluno-11,2022,18,Feminino,2016,6.0,Escola Pública,7,7,A,Quartzo,5.323,5.0,3.0,4.2,9.2,5.0,,6.389,1.8,2.5,4.5,Fase 8 (Universitários),8.0,-1,Moderada,False,False,Requer avaliação
RA-110,Aluno-110,2022,14,Masculino,2017,5.0,Rede Decisão,4,4,A,Topázio,8.15,10.0,6.7,9.7,9.2,5.6,,8.0,8.3,5.7,6.0,Fase 4 (9º ano),4.0,0,Em fase,False,False,Requer avaliação
RA-110,Aluno-110,2023,15,Masculino,2017,6.0,Privada - Programa de Apadrinhamento,FASE 5,5,5A,Topázio,8.0879,10.0,7.5,8.6,8.3,5.0,8.75,8.2975,8.3,6.2,8.0,Fase 5 (1° EM),5.0,0,Em fase,,,
RA-110,Aluno-110,2024,16,Masculino,2021,3.0,Privada - Programa de Apadrinhamento,5A,5,5A,Topázio,8.6324939394,10.0,8.5,9.696969697,9.168,6.255,7.5,8.504,10.0,7.0,8.5,Fase 5 (1° EM),5.0,0,Em fase,,,
RA-1100,Aluno-1100,2023,11,Masculino,2023,0.0,Pública,FASE 2,2,2F,Topázio,8.261033333,10.0,7.1,9.2,10.0,5.0,8.541666667,8.283333333,6.3,7.8,,Fase 2 (5° e 6° ano),2.0,0,Em fase,,,
RA-1100,Aluno-1100,2024,12,Masculino,2023,1.0,Pública,3G,3,3G,Ágata,6.649708333333334,10.0,4.666666666666667,7.1000000000000005,7.5,7.51,6.71875,5.6175,4.0,4.0,6.0,Fase 2 (5° e 6° ano),2.0,1,Em fase,,,
RA-1101,Aluno-1101,2023,10,Masculino,2023,0.0,Pública,FASE 2,2,2F,Ágata,6.446666667,10.0,5.3,7.2,0.0,5.0,8.333333333,8.116666667,4.2,6.3,,Fase 2 (5° e 6° ano),2.0,0,Em fase,,,
RA-1102,Aluno-1102,2023,11,Masculino,2023,0.0,Pública,FASE 2,2,2F,Topázio,8.123033333,10.0,7.5,9.5,9.5,5.0,7.708333333,7.56,5.7,9.2,,Fase 2 (5° e 6° ano),2.0,0,Em fase,,,
RA-1102,Aluno-1102,2024,12,Masculino,2023,1.0,Pública,3H,3,3H,Topázio,8.440611904733334,10.0,9.333333333333334,9.390476190333333,8.751,8.13,5.9375,7.07,10.0,8.0,10.0,Fase 2 (5° e 6° ano),2.0,1,Em fase,,,
RA-1103,Aluno-1103,2023,10,Masculino,2023,0.0,Pública,FASE 2,2,2F,Ametista,7.574866667,10.0,5.0,8.7,9.0,5.0,8.333333333,8.006666667,4.5,5.5,,Fase 2 (5° e 6° ano),2.0,0,Em fase,,,
RA-1103,Aluno-1103,2024,11,Masculino,2023,1.0,Pública,2H,2,2H,Ametista,7.861995031000001,10.0,7.25,7.763975155000001,8.502,7.51,7.5,7.54,6.0,8.5,,Fase 2 (5° e 6° ano),2.0,0,Em fase,,,
RA-1104,Aluno-1104,2023,13,Feminino,2023,0.0,Pública,FASE 2,2,2G,Ametista,7.265533333,5.0,6.4,10.0,5.7,2.52,8.541666667,9.063333333,5.5,7.3,,Fase 3 (7° e 8° ano),3.0,-1,Moderada,,,
RA-1105,Aluno-1105,2023,13,Feminino,2023,0.0,Pública,FASE 2,2,2G,Ágata,6.299166667,5.0,6.0,9.0,0.0,2.52,8.125,8.673333333,5.0,7.0,,Fase 3 (7° e 8° ano),3.0,-1,Moderada,,,
RA-1106,Aluno-1106,2023,12,Masculino,2023,0.0,Pública,FASE 2,2,2H,Ametista,7.1642,5.0,5.1,9.3,8.5,5.0,8.333333333,8.003333333,5.2,5.0,,Fase 3 (7° e 8° ano),3.0,-1,Moderada,,,
RA-1106,Aluno-1106,2024,13,Masculino,2023,1.0,Pública,3F,3,3F,Quartzo,5.936272086266667,10.0,0.0,5.4312354313333335,8.334,7.51,7.65625,7.5,0.0,0.0,0.0,Fase 3 (7° e 8° ano),3.0,0,Em fase,,,
RA-1107,Aluno-1107,2023,12,Feminino,2023,0.0,Pública,FASE 2,2,2H,Ametista,7.9327,5.0,7.5,9.4,9.0,5.0,8.958333333,8.783333333,8.0,7.0,,Fase 3 (7° e 8° ano),3.0,-1,Moderada,,,
RA-1107,Aluno-1107,2024,13,Feminino,2023,1.0,Pública,3G,3,3G,Quartzo,5.9731,10.0,2.5,6.2,8.751,2.51,7.5,6.785,1.0,3.5,3.0,Fase 3 (7° e 8° ano),3.0,0,Em fase,,,
RA-1108,Aluno-1108,2023,12,Masculino,2023,0.0,Pública,FASE 2,2,2H,Ágata,6.310833333,5.0,4.7,9.3,0.0,5.0,8.541666667,8.283333333,3.7,5.7,,Fase 3 (7° e 8° ano),3.0,-1,Moderada,,,
RA-1108,Aluno-1108,2024,13,Masculino,2023,1.0,Pública,3F,3,3F,Ágata,6.017215010400001,10.0,3.6666666666666665,3.7546583853333337,9.168,8.13,7.1875,5.422,3.5,3.5,4.0,Fase 3 (7° e 8° ano),3.0,0,Em fase,,,
RA-1109,Aluno-1109,2023,14,Masculino,2023,0.0,Pública,FASE 2,2,2H,Ágata,6.277533333,5.0,3.4,6.4,10.0,5.0,7.5,7.836666667,3.5,3.3,,Fase 4 (9° ano),4.0,-2,Moderada,,,
RA-111,Aluno-111,2022,13,Feminino,2020,2.0,Rede Decisão,4,4,A,Topázio,8.646,10.0,8.0,9.4,7.5,8.1,,8.667,6.7,7.5,9.7,Fase 3 (7º e 8º ano),3.0,1,Em fase,False,True,Sem limitações
RA-111,Aluno-111,2023,14,Feminino,2020,3.0,Privada - Programa de Apadrinhamento,FASE 5,5,5A,Ametista,7.566458333,10.0,6.0,8.7,7.5,5.0,7.65625,8.0875,6.0,5.2,6.7,Fase 4 (9° ano),4.0,1,Em fase,,,
RA-111,Aluno-111,2024,15,Feminino,2021,3.0,Privada - Programa de Apadrinhamento,5B,5,5B,Topázio,8.667693939400001,10.0,8.333333333333334,9.488636363666666,9.168,6.26,8.125,8.74,8.0,7.0,10.0,Fase 5 (1° EM),5.0,0,Em fase,,,
RA-1110,Aluno-1110,2023,12,Feminino,2023,0.0,Pública,FASE 2,2,2H,Ametista,7.248566667,5.0,6.8,9.2,4.6,5.0,8.541666667,8.73,6.5,7.0,,Fase 3 (7° e 8° ano),3.0,-1,Moderada,,,
RA-1111,Aluno-1111,2023,11,Feminino,2023,0.0,Pública,FASE 2,2,2I,Ágata,6.559166667,10.0,5.4,8.9,0.0,2.52,8.125,8.173333333,4.8,6.0,,Fase 2 (5° e 6° ano),2.0,0,Em fase,,,
RA-1111,Aluno-1111,2024,12,Feminino,2023,1.0,Pública,3F,3,3F,Ágata,6.116032815733334,10.0,5.0,4.600414078666667,6.249,7.5,6.5625,5.824,5.0,4.0,6.0,Fase 2 (5° e 6° ano),2.0,1,Em fase,,,
RA-1112,Aluno-1112,2023,12,Masculino,2023,0.0,Pública,FASE 2,2,2I,Ametista,7.088866667,5.0,6.3,7.9,9.5,2.52,8.333333333,8.616666667,5.2,7.3,,Fase 3 (7° e 8° ano),3.0,-1,Moderada,,,
RA-1112,Aluno-1112,2024,13,Masculino,2023,1.0,Pública,3I,3,3I,Ágata,6.8560823939999995,10.0,4.0,9.02791197,9.585,8.135,5.375,4.705,4.0,4.0,4.0,Fase 3 (7° e 8° ano),3.0,0,Em fase,,,
RA-1113,Aluno-1113,2023,12,Masculino,2023,0.0,Pública,FASE 2,2,2K,Quartzo,5.636666667,5.0,5.0,6.0,0.0,7.52,7.5,7.173333333,5.0,5.0,,Fase 3 (7° e 8° ano),3.0,-1,Moderada,,,
RA-1114,Aluno-1114,2023,11,Feminino,2023,0.0,Pública,FASE 2,2,2K,Ametista,7.5667,10.0,4.9,9.8,8.5,2.52,8.125,8.56,4.3,5.5,,Fase 2 (5° e 6° ano),2.0,0,Em fase,,,
RA-1114,Aluno-1114,2024,12,Feminino,2023,1.0,Pública,3M,3,3M,Ametista,7.437466666666667,10.0,5.0,9.533333333333333,8.751,2.51,8.375,7.836,5.0,3.0,7.0,Fase 3 (7° e 8° ano),3.0,0,Em fase,,,
RA-1115,Aluno-1115,2023,11,Feminino,2023,0.0,Pública,FASE 2,2,2K,Ágata,6.474,10.0,4.0,8.3,0.0,7.52,7.5,7.56,6.0,2.0,,Fase 2 (5° e 6° ano),2.0,0,Em fase,,,
RA-1115,Aluno-1115,2024,12,Feminino,2023,1.0,Pública,2M,2,2M,Ágata,6.570068686900001,10.0,6.25,4.2676767675,8.002,7.51,7.5,5.826666667,6.5,6.0,,Fase 2 (5° e 6° ano),2.0,0,Em fase,,,
RA-1116,Aluno-1116,2023,13,Masculino,2023,0.0,Pública,FASE 2,2,2K,Ágata,6.956533333,5.0,4.9,9.2,9.5,5.0,7.083333333,7.39,3.8,6.0,,Fase 3 (7° e 8° ano),3.0,-1,Moderada,,,
RA-1116,Aluno-1116,2024,15,Masculino,2023,1.0,Pública,3M,3,3M,Quartzo,3.7894777778,5.0,2.3333333333333335,3.3555555556666667,0.0,6.26,5.125,5.066,1.0,3.0,3.0,Fase 4 (9° ano),4.0,-1,Moderada,,,
RA-1117,Aluno-1117,2023,11,Feminino,2023,0.0,Pública,FASE 2,2,2K,Topázio,8.382366667,10.0,7.3,9.6,9.0,7.52,7.708333333,7.946666667,6.0,8.5,,Fase 2 (5° e 6° ano),2.0,0,Em fase,,,
RA-1117,Aluno-1117,2024,12,Feminino,2023,1.0,Pública,3K,3,3K,Ametista,7.601562962866668,10.0,5.666666666666667,8.314814814666667,8.751,7.51,8.125,6.833333333,5.0,5.0,7.0,Fase 2 (5° e 6° ano),2.0,1,Em fase,,,
RA-1118,Aluno-1118,2023,12,Feminino,2023,0.0,Pública,FASE 2,2,2K,Ametista,7.163833333,5.0,6.0,8.8,5.3,7.52,7.708333333,8.28,4.8,7.2,,Fase 3 (7° e 8° ano),3.0,-1,Moderada,,,
RA-1118,Aluno-1118,2024,14,Feminino,2023,1.0,Pública,3M,3,3M,Ametista,7.0305545924,10.0,3.8333333333333335,7.846439628666666,7.084,9.38,6.75,6.866,3.0,4.5,4.0,Fase 3 (7° e 8° ano),3.0,0,Em fase,,,
RA-1119,Aluno-1119,2023,13,Feminino,2023,0.0,Pública,FASE 2,2,2L,Ametista,7.192,5.0,5.9,9.7,7.3,3.77,7.708333333,8.453333333,3.0,8.8,,Fase 3 (7° e 8° ano),3.0,-1,Moderada,,,
RA-1119,Aluno-1119,2024,14,Feminino,2023,1.0,Pública,3M,3,3M,Ametista,7.388266666666667,5.0,5.666666666666667,8.716666666666667,9.585,7.51,7.625,7.698,6.0,3.5,7.5,Fase 4 (9° ano),4.0,-1,Moderada,,,
RA-112,Aluno-112,2022,15,Feminino,2016,6.0,Rede Decisão,4,4,A,Ametista,7.836,5.0,8.5,7.8,7.9,6.3,,8.833,9.0,7.5,9.1,Fase 5 (1º EM),5.0,-1,Moderada,False,True,Sem limitações
RA-112,Aluno-112,2023,16,Feminino,2016,7.0,Privada - Programa de Apadrinhamento,FASE 5,5,5A,Ametista,7.141308333,5.0,7.4,8.1,6.7,5.0,7.96875,7.9225,7.3,6.5,8.3,Fase 6 (2° EM),6.0,-1,Moderada,,,
RA-112,Aluno-112,2024,17,Feminino,2021,3.0,Privada - Programa de Apadrinhamento,6A,6,6A,Topázio,8.052609920666667,10.0,8.0,7.978174603333333,7.083,7.51,7.96875,8.004,9.5,6.0,8.5,Fase 6 (2° EM),6.0,0,Em fase,,,
RA-1120,Aluno-1120,2023,11,Feminino,2023,0.0,Pública,FASE 2,2,2L,Topázio,9.103366667,10.0,8.3,9.6,9.5,7.52,8.958333333,9.676666667,7.3,9.2,,Fase 2 (5° e 6° ano),2.0,0,Em fase,,,
RA-1121,Aluno-1121,2023,11,Masculino,2023,0.0,Pública,FASE 2,2,2L,Topázio,8.049,10.0,8.0,9.9,0.0,6.26,8.75,9.84,6.5,9.5,,Fase 2 (5° e 6° ano),2.0,0,Em fase,,,
RA-1121,Aluno-1121,2024,12,Masculino,2023,1.0,Pública,3K,3,3K,Topázio,8.407166666633334,10.0,6.666666666666667,10.0,9.585,7.51,7.083333333,8.28,9.0,5.0,6.0,Fase 3 (7° e 8° ano),3.0,0,Em fase,,,
RA-1122,Aluno-1122,2023,11,Masculino,2023,0.0,Pública,FASE 2,2,2L,Ametista,7.3715,10.0,6.9,9.3,0.0,6.89,7.291666667,8.616666667,5.2,8.5,,Fase 2 (5° e 6° ano),2.0,0,Em fase,,,
RA-1122,Aluno-1122,2024,12,Masculino,2023,1.0,Pública,3K,3,3K,Ametista,7.817322222166666,10.0,5.333333333333333,9.861111111,8.751,7.51,7.083333333,7.22,5.0,4.5,6.5,Fase 2 (5° e 6° ano),2.0,1,Em fase,,,
RA-1123,Aluno-1123,2023,12,Masculino,2023,0.0,Pública,FASE 2,2,2L,Ágata,6.9565,5.0,5.3,8.9,7.3,7.52,7.083333333,7.113333333,3.8,6.8,,Fase 3 (7° e 8° ano),3.0,-1,Moderada,,,
RA-1124,Aluno-1124,2023,14,Feminino,2023,0.0,Pública,FASE 2,2,2M,Ágata,6.667866667,5.0,3.0,8.0,9.5,7.52,7.083333333,7.786666667,1.0,5.0,,Fase 4 (9° ano),4.0,-2,Moderada,,,
RA-1125,Aluno-1125,2023,11,Feminino,2023,0.0,Pública,FASE 2,2,2M,Ágata,6.655366667,10.0,4.0,7.9,4.7,7.52,6.666666667,6.95,1.0,7.0,,Fase 2 (5° e 6° ano),2.0,0,Em fase,,,
RA-1126,Aluno-1126,2023,12,Feminino,2023,0.0,Pública,FASE 2,2,2M,,,5.0,,5.2,0.0,3.77,7.291666667,7.06,,,,Fase 3 (7° e 8° ano),3.0,-1,Moderada,,,
RA-1127,Aluno-1127,2023,11,Feminino,2023,0.0,Pública,FASE 2,2,2N,Topázio,8.3167,10.0,6.9,9.9,8.5,5.02,8.125,9.01,5.0,8.7,,Fase 2 (5° e 6° ano),2.0,0,Em fase,,,
RA-1127,Aluno-1127,2024,12,Feminino,2023,1.0,Pública,3N,3,3N,Topázio,8.180966666666668,10.0,5.833333333333333,10.0,9.168,7.51,8.125,7.67,8.5,4.5,4.5,Fase 3 (7° e 8° ano),3.0,0,Em fase,,,
RA-1128,Aluno-1128,2023,12,Masculino,2023,0.0,Pública,FASE 2,2,2N,Ágata,6.404533333,5.0,3.5,7.3,9.5,5.02,7.916666667,7.503333333,3.0,4.0,,Fase 3 (7° e 8° ano),3.0,-1,Moderada,,,
RA-1129,Aluno-1129,2023,11,Masculino,2023,0.0,Pública,FASE 2,2,2N,Ametista,7.309333333,10.0,7.8,9.2,0.0,6.27,7.916666667,7.503333333,6.8,8.7,,Fase 2 (5° e 6° ano),2.0,0,Em fase,,,
RA-1129,Aluno-1129,2024,12,Masculino,2023,1.0,Pública,3N,3,3N,Ametista,7.360417647066668,10.0,6.833333333333333,7.137254902,9.168,8.13,6.875,5.745,9.0,5.5,6.0,Fase 3 (7° e 8° ano),3.0,0,Em fase,,,
RA-113,Aluno-113,2022,15,Feminino,2017,5.0,Rede Decisão,4,4,A,Quartzo,3.032,5.0,3.7,0.0,0.0,5.0,,3.792,3.3,5.5,2.3,Fase 5 (1º EM),5.0,-1,Moderada,False,False,Não indicado
RA-113,Aluno-113,2024,16,Feminino,2021,3.0,Pública,5G,5,5G,Ametista,7.043536903066667,5.0,6.666666666666667,7.063851181666667,8.751,7.51,7.5,7.106666667,7.0,6.0,7.0,Fase 6 (2° EM),6.0,-1,Moderada,,,
RA-1130,Aluno-1130,2023,11,Masculino,2023,0.0,Pública,FASE 2,2,2N,Topázio,8.0037,10.0,7.3,8.4,8.5,7.52,7.708333333,7.503333333,6.3,8.2,,Fase 2 (5° e 6° ano),2.0,0,Em fase,,,
RA-1130,Aluno-1130,2024,12,Masculino,2023,1.0,Pública,3N,3,3N,Ágata,6.563952941199999,10.0,4.333333333333333,6.278431372666667,8.751,8.13,6.875,5.33,7.5,3.5,2.0,Fase 3 (7° e 8° ano),3.0,0,Em fase,,,
RA-1131,Aluno-1131,2023,12,Feminino,2023,0.0,Pública,FASE 2,2,2N,Topázio,8.316133333,5.0,9.1,9.9,7.9,5.02,8.75,9.286666667,8.3,9.8,,Fase 3 (7° e 8° ano),3.0,-1,Moderada,,,
RA-1131,Aluno-1131,2024,13,Feminino,2023,1.0,Privada - Programa de Apadrinhamento,3K,3,3K,Topázio,8.2889555555,10.0,8.333333333333334,9.277777777666666,8.334,6.255,7.291666667,7.893333333,8.0,7.0,10.0,Fase 3 (7° e 8° ano),3.0,0,Em fase,,,
RA-1132,Aluno-1132,2023,12,Masculino,2023,0.0,Pública,FASE 2,2,2N,Ágata,6.829533333,5.0,5.8,6.3,10.0,6.27,7.916666667,7.503333333,5.2,6.3,,Fase 3 (7° e 8° ano),3.0,-1,Moderada,,,
RA-1133,Aluno-1133,2023,10,Feminino,2023,0.0,Pública,FASE 2,2,2N,Topázio,8.600033333,10.0,6.5,10.0,9.5,6.27,8.541666667,9.343333333,5.0,8.0,,Fase 2 (5° e 6° ano),2.0,0,Em fase,,,
RA-1133,Aluno-1133,2024,11,Feminino,2023,1.0,Pública,3U,3,3U,Topázio,8.238553968266668,10.0,4.5,9.841269841333334,9.168,8.75,8.125,8.83,5.0,3.5,5.0,Fase 2 (5° e 6° ano),2.0,1,Em fase,,,
RA-1134,Aluno-1134,2023,11,Masculino,2023,0.0,Pública,FASE 2,2,2N,Ametista,7.769866667,10.0,6.8,9.7,8.0,3.76,7.916666667,7.56,5.5,8.0,,Fase 2 (5° e 6° ano),2.0,0,Em fase,,,
RA-1134,Aluno-1134,2024,12,Masculino,2023,1.0,Pública,3U,3,3U,Ametista,7.7564571427,10.0,6.0,8.914285714,8.751,7.51,7.708333333,6.883333333,6.0,5.5,6.5,Fase 3 (7° e 8° ano),3.0,0,Em fase,,,
RA-1135,Aluno-1135,2023,11,Masculino,2023,0.0,Pública,FASE 2,2,2P,Ametista,7.453833333,10.0,7.2,9.4,0.0,7.52,8.125,7.896666667,4.8,9.5,,Fase 2 (5° e 6° ano),2.0,0,Em fase,,,
RA-1136,Aluno-1136,2023,13,Feminino,2023,0.0,Pública,FASE 2,2,2P,Ágata,6.7351,5.0,6.6,8.1,6.8,2.52,8.333333333,7.723333333,4.8,8.3,,Fase 3 (7° e 8° ano),3.0,-1,Moderada,,,
RA-1136,Aluno-1136,2024,14,Feminino,2023,1.0,Pública,3R,3,3R,Quartzo,5.458179831866667,5.0,1.6666666666666667,4.547899159666667,8.751,8.135,7.5,6.383333333,1.0,2.0,2.0,Fase 4 (9° ano),4.0,-1,Moderada,,,
RA-1137,Aluno-1137,2023,10,Feminino,2023,0.0,Pública,FASE 2,2,2R,Topázio,8.743366667,10.0,6.5,9.8,9.5,6.27,9.375,9.843333333,6.0,7.0,,Fase 2 (5° e 6° ano),2.0,0,Em fase,,,
RA-1137,Aluno-1137,2024,11,Feminino,2023,1.0,Pública,3P,3,3P,Ametista,7.1837526524666675,10.0,3.5,7.588638262333333,8.334,8.13,8.28125,7.4575,1.0,4.5,5.0,Fase 2 (5° e 6° ano),2.0,1,Em fase,,,
RA-1138,Aluno-1138,2023,12,Feminino,2023,0.0,Pública,FASE 2,2,2R,Topázio,8.3472,5.0,9.3,9.2,9.0,6.27,9.166666667,8.566666667,9.0,9.5,,Fase 3 (7° e 8° ano),3.0,-1,Moderada,,,
RA-1139,Aluno-1139,2023,11,Masculino,2023,0.0,Pública,FASE 2,2,2R,Ametista,7.6647,10.0,5.3,9.1,8.5,5.64,8.125,7.79,6.3,4.3,,Fase 2 (5° e 6° ano),2.0,0,Em fase,,,
RA-1139,Aluno-1139,2024,12,Masculino,2023,1.0,Pública,3P,3,3P,Ágata,6.906276357600001,10.0,4.666666666666667,6.152715121333333,8.334,7.51,7.5,7.04,5.0,3.0,6.0,Fase 2 (5° e 6° ano),2.0,1,Em fase,,,
RA-114,Aluno-114,2022,16,Masculino,2022,0.0,Escola Pública,4,4,A,Quartzo,5.894,5.0,5.3,6.3,7.9,7.5,,5.0,6.0,4.5,,Fase 6 (2º EM),6.0,-2,Moderada,False,False,Sem limitações
RA-114,Aluno-114,2023,17,Masculino,2022,1.0,Pública,FASE 5,5,5B,Quartzo,5.335,5.0,5.6,6.0,0.0,3.14,7.5,7.255,4.0,4.5,8.3,Fase 7 (3° EM),7.0,-2,Moderada,,,
RA-1140,Aluno-1140,2023,11,Feminino,2023,0.0,Pública,FASE 2,2,2R,Ametista,7.703533333,10.0,7.3,8.7,4.7,7.52,7.708333333,7.62,8.5,6.0,,Fase 2 (5° e 6° ano),2.0,0,Em fase,,,
RA-1140,Aluno-1140,2024,12,Feminino,2023,1.0,Pública,2P,2,2P,Ametista,7.3473880383,10.0,7.0,6.112440191499999,6.834,7.51,8.125,7.39,4.5,9.5,,Fase 2 (5° e 6° ano),2.0,0,Em fase,,,
RA-1141,Aluno-1141,2023,12,Feminino,2023,0.0,Pública,FASE 2,2,2R,Ametista,7.2757,5.0,5.9,8.8,9.0,7.52,7.708333333,7.113333333,5.5,6.2,,Fase 3 (7° e 8° ano),3.0,-1,Moderada,,,
RA-1141,Aluno-1141,2024,13,Feminino,2023,1.0,Pública,3L,3,3L,Ágata,6.793890866866667,10.0,4.166666666666667,6.191537667666666,9.585,7.51,6.5625,6.7825,5.0,4.5,3.0,Fase 3 (7° e 8° ano),3.0,0,Em fase,,,
RA-1142,Aluno-1142,2023,11,Feminino,2023,0.0,Pública,FASE 2,2,2R,Topázio,9.175033333,10.0,10.0,10.0,9.0,7.52,8.541666667,8.343333333,10.0,10.0,,Fase 2 (5° e 6° ano),2.0,0,Em fase,,,
RA-1142,Aluno-1142,2024,12,Feminino,2023,1.0,Pública,3P,3,3P,Topázio,8.390566666666668,10.0,8.5,9.133333333333333,8.334,7.51,8.125,7.335,10.0,8.0,7.5,Fase 3 (7° e 8° ano),3.0,0,Em fase,,,
RA-1143,Aluno-1143,2023,15,Feminino,2023,0.0,Pública,FASE 3,3,3A,Ágata,6.445933333,5.0,5.3,7.0,8.8,6.26,7.5,6.2075,6.0,6.3,3.5,Fase 5 (1° EM),5.0,-2,Moderada,,,
RA-1143,Aluno-1143,2024,16,Feminino,2021,3.0,Pública,3A,3,3A,Quartzo,5.881225668333334,2.5,3.1666666666666665,5.201336675,9.585,9.38,7.03125,6.79,3.0,6.5,0.0,Fase 6 (2° EM),6.0,-3,Severa,,,
RA-1144,Aluno-1144,2023,13,Feminino,2023,0.0,Pública,FASE 3,3,3B,Ametista,7.410625,10.0,8.0,9.4,0.0,5.02,8.28125,8.0025,7.0,8.2,8.8,Fase 3 (7° e 8° ano),3.0,0,Em fase,,,
RA-1145,Aluno-1145,2023,11,Feminino,2023,0.0,Pública,FASE 3,3,3B,Ametista,7.484375,10.0,7.8,9.5,0.0,4.39,8.59375,8.63,7.7,7.7,8.0,Fase 2 (5° e 6° ano),2.0,1,Em fase,,,
RA-1146,Aluno-1146,2023,14,Feminino,2023,0.0,Pública,FASE 3,3,3B,Ágata,6.689583333,5.0,3.7,8.8,9.6,6.26,7.1875,6.965,5.0,3.3,2.7,Fase 4 (9° ano),4.0,-1,Moderada,,,
RA-1146,Aluno-1146,2024,15,Feminino,2023,1.0,Pública,3C,3,3C,Quartzo,5.3933086048000005,5.0,2.0,5.017209691,10.002,6.88,6.25,5.883333333,2.0,0.0,4.0,Fase 5 (1° EM),5.0,-2,Moderada,,,
RA-1147,Aluno-1147,2023,14,Feminino,2023,0.0,Pública,FASE 3,3,3B,Ametista,7.072983333,5.0,6.7,8.3,8.3,6.26,7.1875,7.0075,5.0,7.5,7.5,Fase 4 (9° ano),4.0,-1,Moderada,,,
RA-1147,Aluno-1147,2024,15,Feminino,2023,1.0,Pública,3B,3,3B,Quartzo,5.833118518533334,5.0,3.1666666666666665,6.125925926,8.751,8.755,6.25,5.495,2.0,5.0,2.5,Fase 4 (9° ano),4.0,-1,Moderada,,,
RA-1148,Aluno-1148,2023,11,Feminino,2023,0.0,Pública,FASE 3,3,3B,Ametista,7.227866667,10.0,5.7,8.6,7.9,3.77,7.5,7.2125,5.7,5.3,6.2,Fase 2 (5° e 6° ano),2.0,1,Em fase,,,
RA-1149,Aluno-1149,2023,14,Feminino,2023,0.0,Pública,FASE 3,3,3C,Ametista,7.410108333,5.0,7.2,9.8,8.3,2.52,7.96875,8.1725,6.0,6.8,8.7,Fase 4 (9° ano),4.0,-1,Moderada,,,
RA-1149,Aluno-1149,2024,15,Feminino,2023,1.0,Pública,4A,4,4A,Topázio,8.1371,5.0,6.0,10.0,8.334,10.0,8.625,8.706,2.0,6.0,10.0,Fase 5 (1° EM),5.0,-1,Moderada,,,
RA-115,Aluno-115,2022,16,Feminino,2019,3.0,Escola Pública,4,4,A,Quartzo,5.886,5.0,3.8,6.8,8.3,6.3,,5.583,3.0,5.7,2.7,Fase 6 (2º EM),6.0,-2,Moderada,False,False,Requer avaliação
RA-115,Aluno-115,2023,16,Feminino,2019,4.0,Pública,FASE 5,5,5A,Ágata,6.319141667,5.0,4.2,7.1,8.8,5.0,7.34375,7.215,3.7,3.8,5.2,Fase 6 (2° EM),6.0,-1,Moderada,,,
RA-115,Aluno-115,2024,17,Feminino,2021,3.0,Pública,5A,5,5A,Quartzo,5.404184695733334,5.0,4.166666666666667,4.164756812,7.917,6.26,6.75,5.726,6.5,4.5,1.5,Fase 7 (3° EM),7.0,-2,Moderada,,,
RA-1150,Aluno-1150,2023,16,Masculino,2023,0.0,Pública,FASE 3,3,3C,Ametista,7.076008333,2.5,6.7,9.8,9.2,2.52,7.96875,7.835,7.0,6.5,6.5,Fase 6 (2° EM),6.0,-3,Severa,,,
RA-1150,Aluno-1150,2024,17,Masculino,2023,1.0,Pública,4C,4,4C,Ametista,7.1023212964,5.0,6.833333333333333,6.481481481666667,8.334,7.51,7.65625,7.946666667,4.0,6.5,10.0,Fase 6 (2° EM),6.0,-2,Moderada,,,
RA-1151,Aluno-1151,2023,12,Feminino,2023,0.0,Pública,FASE 3,3,3C,Ametista,7.829958333,10.0,8.3,9.5,7.5,2.52,7.65625,7.545,7.3,8.8,8.7,Fase 3 (7° e 8° ano),3.0,0,Em fase,,,
RA-1151,Aluno-1151,2024,13,Feminino,2023,1.0,Pública,4C,4,4C,Topázio,8.749111111066668,10.0,9.0,9.722222222333334,7.5,5.635,8.125,9.393333333,9.0,8.0,10.0,Fase 3 (7° e 8° ano),3.0,1,Em fase,,,
RA-1152,Aluno-1152,2023,14,Masculino,2023,0.0,Pública,FASE 3,3,3C,Ágata,6.544916667,5.0,6.8,9.4,0.0,5.0,7.8125,7.585,6.7,6.0,7.8,Fase 4 (9° ano),4.0,-1,Moderada,,,
RA-1153,Aluno-1153,2023,14,Feminino,2023,0.0,Pública,FASE 3,3,3D,Ametista,7.968658333,5.0,7.2,10.0,7.9,7.52,7.65625,8.63,6.7,7.8,7.0,Fase 4 (9° ano),4.0,-1,Moderada,,,
RA-1153,Aluno-1153,2024,15,Feminino,2021,3.0,Privada - Programa de Apadrinhamento,4A,4,4A,Topázio,8.268876190466667,5.0,8.5,9.702380952333334,8.751,5.635,8.75,9.074,8.0,8.5,9.0,Fase 5 (1° EM),5.0,-1,Moderada,,,
RA-1154,Aluno-1154,2023,13,Masculino,2023,0.0,Pública,FASE 3,3,3F,Ametista,7.701125,10.0,5.1,9.3,9.6,5.63,7.65625,7.67,5.3,5.0,5.0,Fase 3 (7° e 8° ano),3.0,0,Em fase,,,
RA-1154,Aluno-1154,2024,14,Masculino,2023,1.0,Pública,3G,3,3G,Ametista,7.5660750000000005,5.0,8.0,9.200000000000001,7.917,7.51,7.34375,6.745,7.0,7.0,10.0,Fase 4 (9° ano),4.0,-1,Moderada,,,
RA-1155,Aluno-1155,2023,14,Feminino,2023,0.0,Pública,FASE 3,3,3F,Ametista,7.821633333,5.0,8.0,9.2,9.2,5.63,7.5,8.2925,6.7,8.2,9.0,Fase 4 (9° ano),4.0,-1,Moderada,,,
RA-1155,Aluno-1155,2024,15,Feminino,2023,1.0,Pública,4F,4,4F,Ametista,7.119011111133333,5.0,4.666666666666667,8.888888889,8.334,5.005,8.0,8.87,6.0,8.0,0.0,Fase 5 (1° EM),5.0,-1,Moderada,,,
RA-1156,Aluno-1156,2023,12,Feminino,2023,0.0,Pública,FASE 3,3,3F,Ametista,7.340775,10.0,5.3,9.2,8.3,2.52,7.96875,7.7925,6.2,6.0,3.7,Fase 3 (7° e 8° ano),3.0,0,Em fase,,,
RA-1156,Aluno-1156,2024,13,Feminino,2023,1.0,Pública,4F,4,4F,Ágata,6.6777135642,10.0,2.0,7.821067821,7.5,7.51,7.125,7.5,6.0,0.0,0.0,Fase 3 (7° e 8° ano),3.0,1,Em fase,,,
RA-1157,Aluno-1157,2023,14,Masculino,2023,0.0,Pública,FASE 3,3,3G,Ametista,7.086633333,5.0,5.7,8.8,9.2,6.26,7.5,7.0025,5.0,6.3,5.7,Fase 4 (9° ano),4.0,-1,Moderada,,,
RA-1157,Aluno-1157,2024,15,Masculino,2023,1.0,Pública,3H,3,3H,Ametista,7.916082936533334,5.0,7.0,9.082539682666665,9.585,7.51,7.96875,8.466,8.0,6.0,7.0,Fase 4 (9° ano),4.0,-1,Moderada,,,
RA-1158,Aluno-1158,2023,14,Feminino,2023,0.0,Pública,FASE 3,3,3G,Ágata,6.306666667,5.0,4.3,8.6,7.5,2.52,7.5,7.34,5.3,5.0,2.7,Fase 4 (9° ano),4.0,-1,Moderada,,,
RA-1159,Aluno-1159,2023,12,Feminino,2023,0.0,Pública,FASE 3,3,3I,Quartzo,5.913883333,10.0,3.1,6.6,5.8,2.52,7.1875,7.1325,5.2,1.5,2.5,Fase 3 (7° e 8° ano),3.0,0,Em fase,,,
RA-116,Aluno-116,2022,16,Feminino,2019,3.0,Escola Pública,4,4,B,Ágata,6.854,5.0,5.9,8.1,5.8,6.3,,7.792,5.0,7.2,5.5,Fase 6 (2º EM),6.0,-2,Moderada,True,False,Sem limitações
RA-116,Aluno-116,2023,17,Feminino,2019,4.0,Pública,FASE 5,5,5A,Ágata,6.433075,5.0,4.7,7.6,6.7,5.0,7.96875,7.5475,2.3,5.0,6.8,Fase 7 (3° EM),7.0,-2,Moderada,,,
RA-116,Aluno-116,2024,18,Feminino,2021,3.0,Pública,5A,5,5A,Ágata,6.337470707133334,5.0,4.5,7.535353535666666,8.334,5.635,6.875,6.73,6.5,2.0,5.0,Fase 7 (3° EM),7.0,-2,Moderada,,,
RA-1160,Aluno-1160,2023,13,Masculino,2023,0.0,Pública,FASE 3,3,3I,Ágata,6.636166667,10.0,2.7,8.7,9.6,2.52,6.875,7.2575,4.8,2.7,0.7,Fase 3 (7° e 8° ano),3.0,0,Em fase,,,
RA-1160,Aluno-1160,2024,14,Masculino,2023,1.0,Pública,3I,3,3I,Ágata,6.274190982333334,5.0,3.1666666666666665,8.201288245,8.751,7.51,6.25,6.2475,5.5,2.0,2.0,Fase 4 (9° ano),4.0,-1,Moderada,,,
RA-1161,Aluno-1161,2023,13,Feminino,2023,0.0,Pública,FASE 3,3,3I,Ametista,7.317791667,10.0,6.3,8.1,6.3,2.52,8.28125,8.63,7.3,6.5,5.2,Fase 3 (7° e 8° ano),3.0,0,Em fase,,,
RA-1162,Aluno-1162,2023,13,Feminino,2023,0.0,Pública,FASE 3,3,3K,Ametista,7.44215,10.0,6.0,8.5,8.3,3.77,7.8125,7.7525,7.3,5.5,5.2,Fase 3 (7° e 8° ano),3.0,0,Em fase,,,
RA-1162,Aluno-1162,2024,14,Feminino,2023,1.0,Pública,4M,4,4M,Ametista,7.473167836266667,10.0,5.666666666666667,9.135672514666666,7.917,6.26,6.875,7.0375,4.0,7.5,5.5,Fase 4 (9° ano),4.0,0,Em fase,,,
RA-1163,Aluno-1163,2023,14,Masculino,2023,0.0,Pública,FASE 3,3,3L,Ametista,7.749391667,5.0,7.2,9.3,8.8,7.52,7.65625,7.75,7.0,6.7,8.0,Fase 4 (9° ano),4.0,-1,Moderada,,,
RA-1163,Aluno-1163,2024,15,Masculino,2023,1.0,Pública,4M,4,4M,Topázio,8.6794789474,10.0,7.833333333333333,9.824561403666666,8.334,7.51,8.125,8.755,9.5,6.5,7.5,Fase 4 (9° ano),4.0,0,Em fase,,,
RA-1164,Aluno-1164,2023,13,Masculino,2023,0.0,Pública,FASE 3,3,3M,Ágata,6.910091667,10.0,4.8,7.5,9.2,2.52,7.65625,7.545,7.0,7.5,0.0,Fase 3 (7° e 8° ano),3.0,0,Em fase,,,
RA-1165,Aluno-1165,2023,12,Feminino,2023,0.0,Pública,FASE 3,3,3M,Ametista,7.880716667,10.0,7.3,9.1,9.2,5.0,7.1875,7.2925,7.0,6.0,9.0,Fase 3 (7° e 8° ano),3.0,0,Em fase,,,
RA-1165,Aluno-1165,2024,13,Feminino,2023,1.0,Pública,3L,3,3L,Ametista,7.908044272466667,10.0,8.0,6.829721362333333,8.751,8.135,6.875,7.83,9.0,7.5,7.5,Fase 3 (7° e 8° ano),3.0,0,Em fase,,,
RA-1166,Aluno-1166,2023,15,Feminino,2023,0.0,Pública,FASE 3,3,3M,Ametista,7.307858333,5.0,4.8,9.6,8.3,7.52,7.65625,7.9175,5.3,2.8,6.2,Fase 5 (1° EM),5.0,-2,Moderada,,,
RA-1166,Aluno-1166,2024,16,Feminino,2023,1.0,Pública,4M,4,4M,Ametista,7.452799122766667,5.0,6.333333333333333,8.498245614,8.334,6.26,8.020833333,8.625,5.0,7.0,7.0,Fase 5 (1° EM),5.0,-1,Moderada,,,
RA-1167,Aluno-1167,2023,16,Masculino,2023,0.0,Pública,FASE 3,3,3M,Ágata,6.021891667,2.5,3.8,7.6,8.8,2.52,7.65625,7.9625,6.0,3.7,1.8,Fase 6 (2° EM),6.0,-3,Severa,,,
RA-1168,Aluno-1168,2023,13,Feminino,2023,0.0,Pública,FASE 3,3,3N,Quartzo,5.886625,10.0,3.5,8.8,0.0,2.52,7.65625,7.045,5.0,2.0,3.5,Fase 3 (7° e 8° ano),3.0,0,Em fase,,,
RA-1168,Aluno-1168,2024,14,Feminino,2023,1.0,Pública,3N,3,3N,Ágata,6.864053921600001,5.0,5.666666666666667,7.682352941333334,9.585,7.51,7.1875,6.33,8.5,3.5,5.0,Fase 4 (9° ano),4.0,-1,Moderada,,,
RA-1169,Aluno-1169,2023,14,Feminino,2023,0.0,Pública,FASE 3,3,3P,Ametista,7.213625,5.0,6.3,9.5,7.5,5.0,7.03125,8.0025,6.8,7.3,4.8,Fase 4 (9° ano),4.0,-1,Moderada,,,
RA-1169,Aluno-1169,2024,15,Feminino,2023,1.0,Pública,4N,4,4N,Ágata,6.885305555533334,5.0,6.833333333333333,8.444444444333334,6.25,5.635,7.8125,6.8,6.0,6.5,8.0,Fase 5 (1° EM),5.0,-1,Moderada,,,
RA-117,Aluno-117,2022,15,Feminino,2022,0.0,Escola Pública,4,4,B,Ágata,6.685,5.0,6.1,6.3,7.9,6.9,,7.417,4.7,6.7,7.0,Fase 5 (1º EM),5.0,-1,Moderada,False,False,Requer avaliação
RA-1170,Aluno-1170,2023,14,Masculino,2023,0.0,Pública,FASE 3,3,3P,Ágata,6.874683333,5.0,5.9,7.7,8.8,7.52,7.1875,6.5775,6.0,6.8,4.8,Fase 4 (9° ano),4.0,-1,Moderada,,,
RA-1170,Aluno-1170,2024,15,Masculino,2023,1.0,Pública,3P,3,3P,Ágata,6.095440873,5.0,3.5,5.565079365,9.168,8.13,7.03125,6.7475,1.0,2.5,7.0,Fase 5 (1° EM),5.0,-2,Moderada,,,
RA-1171,Aluno-1171,2023,14,Masculino,2023,0.0,Pública,FASE 3,3,3P,Ametista,7.856033333,5.0,8.7,8.4,7.9,5.0,8.75,8.88,7.3,9.0,9.7,Fase 4 (9° ano),4.0,-1,Moderada,,,
RA-1171,Aluno-1171,2024,15,Masculino,2023,1.0,Pública,4R,4,4R,Ametista,7.6236817459,5.0,7.5,7.230158729999999,8.334,7.51,8.645833333,8.643333333,5.0,9.5,8.0,Fase 5 (1° EM),5.0,-1,Moderada,,,
RA-1172,Aluno-1172,2023,16,Feminino,2023,0.0,Pública,FASE 4,4,4A,Ametista,7.030108333,5.0,6.7,7.8,8.3,2.52,8.59375,8.46,6.0,5.7,8.3,Fase 6 (2° EM),6.0,-2,Moderada,,,
RA-1172,Aluno-1172,2024,17,Feminino,2023,1.0,Pública,5A,5,5A,Quartzo,5.719565079333334,5.0,3.3333333333333335,6.0634920633333325,7.5,6.26,7.25,6.196,0.0,5.0,5.0,Fase 6 (2° EM),6.0,-1,Moderada,,,
RA-1173,Aluno-1173,2023,14,Masculino,2023,0.0,Pública,FASE 4,4,4A,Ametista,7.67285,10.0,6.0,9.7,8.8,2.52,7.8125,8.1225,7.0,5.0,6.0,Fase 4 (9° ano),4.0,0,Em fase,,,
RA-1173,Aluno-1173,2024,15,Masculino,2023,1.0,Pública,5D,5,5D,Topázio,8.220132915666667,10.0,5.833333333333333,9.665831245,9.168,7.51,8.125,8.2,6.0,7.5,4.0,Fase 5 (1° EM),5.0,0,Em fase,,,
RA-1174,Aluno-1174,2023,15,Feminino,2023,0.0,Pública,FASE 4,4,4B,Ametista,7.333591667,5.0,6.8,8.7,9.2,2.52,8.90625,8.3375,6.5,7.2,6.8,Fase 5 (1° EM),5.0,-1,Moderada,,,
RA-1174,Aluno-1174,2024,16,Feminino,2023,1.0,Pública,5B,5,5B,Ametista,7.374213419866667,10.0,5.0,8.349567099333333,8.751,6.26,7.5,7.266,5.0,3.0,7.0,Fase 5 (1° EM),5.0,0,Em fase,,,
RA-1175,Aluno-1175,2023,17,Feminino,2023,0.0,Pública,FASE 4,4,4B,Quartzo,5.939858333,2.5,6.3,5.3,8.3,2.52,7.65625,7.6275,6.3,6.3,6.2,Fase 7 (3° EM),7.0,-3,Severa,,,
RA-1176,Aluno-1176,2023,13,Masculino,2023,0.0,Pública,FASE 4,4,4B,Topázio,8.881483333,10.0,8.2,9.3,8.3,7.52,9.6875,9.17,8.0,7.8,8.7,Fase 3 (7° e 8° ano),3.0,1,Em fase,,,
RA-1176,Aluno-1176,2024,14,Masculino,2023,1.0,Privada - Programa de Apadrinhamento,5C,5,5C,Topázio,8.914816269866666,10.0,9.166666666666666,9.682539682666667,8.751,6.26,8.59375,8.9225,10.0,8.0,9.5,Fase 4 (9° ano),4.0,1,Em fase,,,
RA-1177,Aluno-1177,2023,14,Feminino,2023,0.0,Pública,FASE 4,4,4B,Topázio,8.345491667,10.0,7.2,9.9,10.0,2.52,8.90625,8.88,7.0,6.7,8.0,Fase 4 (9° ano),4.0,0,Em fase,,,
RA-1177,Aluno-1177,2024,15,Feminino,2023,1.0,Pública,5C,5,5C,Topázio,8.3233039474,10.0,7.333333333333333,9.824561403666666,8.751,6.26,7.65625,8.125,9.5,5.5,7.0,Fase 5 (1° EM),5.0,0,Em fase,,,
RA-1178,Aluno-1178,2023,16,Masculino,2023,0.0,Pública,FASE 4,4,4C,Ametista,7.066475,5.0,5.7,9.3,8.8,2.52,7.96875,8.2125,6.3,4.5,6.3,Fase 6 (2° EM),6.0,-2,Moderada,,,
RA-1178,Aluno-1178,2024,17,Masculino,2023,1.0,Pública,5D,5,5D,Topázio,8.0934746032,5.0,8.333333333333334,9.682539682666667,8.751,6.26,7.5,8.696,9.0,8.0,8.0,Fase 6 (2° EM),6.0,-1,Moderada,,,
RA-1179,Aluno-1179,2023,15,Masculino,2023,0.0,Pública,FASE 4,4,4C,Ágata,6.631333333,5.0,5.0,8.1,9.6,4.38,6.875,7.17,6.7,3.7,4.5,Fase 5 (1° EM),5.0,-1,Moderada,,,
RA-118,Aluno-118,2022,14,Feminino,2021,1.0,Escola Pública,4,4,B,Quartzo,5.597,10.0,3.9,5.3,0.0,6.3,,6.958,3.7,4.7,3.5,Fase 4 (9º ano),4.0,0,Em fase,False,False,Sem limitações
RA-1180,Aluno-1180,2023,15,Masculino,2023,0.0,Pública,FASE 4,4,4C,Ametista,7.067983333,5.0,5.4,9.5,8.3,5.0,7.1875,7.7125,6.0,4.8,5.3,Fase 5 (1° EM),5.0,-1,Moderada,,,
RA-1181,Aluno-1181,2023,14,Feminino,2023,0.0,Pública,FASE 4,4,4C,Ágata,6.971266667,10.0,4.8,8.3,8.8,2.52,7.5,7.3375,5.7,4.3,4.5,Fase 4 (9° ano),4.0,0,Em fase,,,
RA-1181,Aluno-1181,2024,15,Feminino,2023,1.0,Pública,5B,5,5B,Ágata,6.2015816738666665,10.0,3.8333333333333335,5.036075036,9.168,6.26,7.125,5.862,1.0,1.0,9.5,Fase 5 (1° EM),5.0,0,Em fase,,,
RA-1182,Aluno-1182,2023,16,Feminino,2023,0.0,Pública,FASE 4,4,4C,Quartzo,5.709808333,5.0,4.2,6.3,7.5,2.52,6.71875,7.2125,5.3,2.0,5.2,Fase 6 (2° EM),6.0,-2,Moderada,,,
RA-1183,Aluno-1183,2023,15,Masculino,2023,0.0,Pública,FASE 4,4,4C,Ágata,6.269541667,5.0,5.3,8.7,7.5,2.52,6.09375,6.7575,6.0,4.0,6.0,Fase 5 (1° EM),5.0,-1,Moderada,,,
RA-1184,Aluno-1184,2023,16,Masculino,2023,0.0,Pública,FASE 4,4,4F,Ametista,7.381566667,5.0,7.3,8.3,8.3,5.0,8.125,8.045,8.0,5.5,8.5,Fase 6 (2° EM),6.0,-2,Moderada,,,
RA-1184,Aluno-1184,2024,17,Masculino,2023,1.0,Pública,5F,5,5F,Ametista,7.411701731566668,5.0,7.666666666666667,8.658008657666668,6.666,7.51,7.291666667,7.5,6.0,7.0,10.0,Fase 6 (2° EM),6.0,-1,Moderada,,,
RA-1185,Aluno-1185,2023,13,Feminino,2023,0.0,Pública,FASE 4,4,4G,Topázio,8.02675,10.0,7.5,9.1,7.5,5.0,7.8125,8.3775,6.7,6.3,9.5,Fase 3 (7° e 8° ano),3.0,1,Em fase,,,
RA-1186,Aluno-1186,2023,16,Feminino,2023,0.0,Pública,FASE 4,4,4G,Ametista,7.281433333,5.0,5.5,9.8,8.8,6.89,6.875,7.3825,6.7,5.2,4.5,Fase 6 (2° EM),6.0,-2,Moderada,,,
RA-1187,Aluno-1187,2023,13,Feminino,2023,0.0,Pública,FASE 4,4,4G,Ágata,6.644475,10.0,5.3,6.9,8.8,2.52,7.34375,6.715,4.7,5.0,6.2,Fase 3 (7° e 8° ano),3.0,1,Em fase,,,
RA-1188,Aluno-1188,2023,15,Feminino,2023,0.0,Pública,FASE 4,4,4H,,,5.0,6.4,9.4,9.6,,7.8125,7.5875,6.5,7.5,5.2,Fase 5 (1° EM),5.0,-1,Moderada,,,
RA-1188,Aluno-1188,2024,16,Feminino,2023,1.0,Pública,5G,5,5G,Ametista,7.801633333400001,5.0,7.0,10.0,9.168,7.51,8.125,7.106666667,7.0,6.0,8.0,Fase 6 (2° EM),6.0,-1,Moderada,,,
RA-1189,Aluno-1189,2023,15,Feminino,2023,0.0,Pública,FASE 4,4,4H,,,5.0,6.1,9.0,8.8,,7.8125,7.3775,6.3,5.7,6.2,Fase 5 (1° EM),5.0,-1,Moderada,,,
RA-1189,Aluno-1189,2024,16,Feminino,2023,1.0,Pública,5G,5,5G,Ametista,7.6486387164,5.0,7.666666666666667,8.672360248333332,9.585,7.51,7.5,7.106666667,7.0,7.0,9.0,Fase 6 (2° EM),6.0,-1,Moderada,,,
RA-119,Aluno-119,2022,14,Feminino,2016,6.0,Rede Decisão,4,4,B,Ametista,7.501,10.0,5.4,8.2,8.3,5.6,,7.875,5.7,7.0,3.4,Fase 4 (9º ano),4.0,0,Em fase,False,False,Requer avaliação
RA-119,Aluno-119,2023,15,Feminino,2016,7.0,Privada - Programa de Apadrinhamento,FASE 7,7,7E,,,10.0,,,6.7,2.52,,,,,,Fase 5 (1° EM),5.0,2,Em fase,,,
RA-119,Aluno-119,2024,16,Feminino,2021,3.0,Privada - Programa de Apadrinhamento,7E,7,7E,Topázio,8.085299999933333,10.0,7.366666666666667,9.983333333,7.083,6.57,7.5,7.5,6.05,7.5,8.55,Fase 6 (2° EM),6.0,1,Em fase,,,
RA-1190,Aluno-1190,2023,14,Masculino,2023,0.0,Pública,FASE 4,4,4L,Ágata,6.330041667,10.0,4.2,9.2,0.0,5.0,7.34375,7.045,3.0,4.2,5.5,Fase 4 (9° ano),4.0,0,Em fase,,,
RA-1191,Aluno-1191,2023,14,Masculino,2023,0.0,Pública,FASE 4,4,4L,Ágata,6.175333333,10.0,3.7,7.2,7.5,5.0,5.0,6.26,2.3,2.5,6.2,Fase 4 (9° ano),4.0,0,Em fase,,,
RA-1192,Aluno-1192,2023,15,Feminino,2023,0.0,Pública,FASE 4,4,4L,Ágata,6.780741667,5.0,5.8,8.7,7.9,2.52,7.96875,7.6675,4.7,6.0,6.8,Fase 5 (1° EM),5.0,-1,Moderada,,,
RA-1193,Aluno-1193,2023,14,Feminino,2023,0.0,Pública,FASE 4,4,4L,Ágata,6.018083333,10.0,4.1,7.8,0.0,5.0,7.1875,7.13,3.7,3.5,5.0,Fase 4 (9° ano),4.0,0,Em fase,,,
RA-1193,Aluno-1193,2024,15,Feminino,2023,1.0,Pública,4L,4,4L,Ágata,6.6304815790000005,5.0,4.0,7.763157895,8.751,5.635,7.8125,7.79,3.0,6.0,3.0,Fase 5 (1° EM),5.0,-1,Moderada,,,
RA-1194,Aluno-1194,2023,13,Masculino,2023,0.0,Pública,FASE 4,4,4N,Ametista,7.671933333,10.0,6.1,9.0,8.8,5.0,7.5,7.6675,6.0,4.2,8.0,Fase 3 (7° e 8° ano),3.0,1,Em fase,,,
RA-1195,Aluno-1195,2023,17,Feminino,2022,1.0,Pública,FASE 4,4,4N,Quartzo,5.677291667,2.5,5.4,8.3,0.0,2.52,8.28125,8.0025,4.3,4.7,7.3,Fase 7 (3° EM),7.0,-3,Severa,,,
RA-1195,Aluno-1195,2024,18,Feminino,2022,2.0,Pública,5N,5,5N,Ametista,7.5085144926666665,5.0,6.166666666666667,9.855072463666666,9.585,5.63,7.5,7.663333333,8.0,5.0,5.5,Fase 7 (3° EM),7.0,-2,Moderada,,,
RA-1196,Aluno-1196,2023,15,Masculino,2023,0.0,Privada,FASE 5,5,5B,Ametista,7.03025,10.0,7.5,8.2,0.0,5.0,7.8125,8.045,8.0,6.2,8.3,Fase 5 (1° EM),5.0,0,Em fase,,,
RA-1197,Aluno-1197,2023,16,Feminino,2023,0.0,Pública,FASE 5,5,5B,Ágata,6.946058333,5.0,7.3,8.4,6.7,5.0,7.03125,7.215,5.3,7.2,9.3,Fase 6 (2° EM),6.0,-1,Moderada,,,
RA-1198,Aluno-1198,2023,16,Feminino,2023,0.0,Pública,FASE 5,5,5B,Ametista,7.515233333,5.0,6.7,9.4,8.3,6.26,7.5,7.9625,7.3,3.7,9.0,Fase 6 (2° EM),6.0,-1,Moderada,,,
RA-1198,Aluno-1198,2024,17,Feminino,2023,1.0,Pública,5A,5,5A,Ágata,6.9217748918,5.0,3.5,9.458874459,8.751,7.51,7.375,7.332,0.0,1.0,9.5,Fase 6 (2° EM),6.0,-1,Moderada,,,
RA-1199,Aluno-1199,2023,17,Masculino,2023,0.0,Pública,FASE 5,5,5C,Ametista,7.024933333,5.0,6.2,9.1,6.7,5.0,6.875,8.0875,6.8,5.0,6.7,Fase 7 (3° EM),7.0,-2,Moderada,,,
RA-1199,Aluno-1199,2024,18,Masculino,2023,1.0,Concluiu o 3º EM,5D,5,5D,Ametista,7.614235714266666,5.0,9.0,8.571428571333334,7.5,5.005,6.5625,8.466,10.0,7.0,10.0,Fase 7 (3° EM),7.0,-2,Moderada,,,
RA-12,Aluno-12,2022,17,Feminino,2020,2.0,Escola Pública,7,7,A,Quartzo,4.832,10.0,1.5,4.0,0.0,6.9,,6.389,2.7,1.1,0.7,Fase 7 (3º EM),7.0,0,Em fase,True,False,Sem limitações
RA-12,Aluno-12,2023,18,Feminino,2020,3.0,Privada *Parcerias com Bolsa 100%,FASE 8,8,8E,,,10.0,,,,,,,,,,Fase 8 (Universitários),8.0,0,Em fase,,,
RA-12,Aluno-12,2024,19,Feminino,2021,3.0,Privada *Parcerias com Bolsa 100%,8E,8,8E,,,10.0,,0.0,,,,,,,,Fase 8 (Universitários),8.0,0,Em fase,,,
RA-120,Aluno-120,2022,15,Masculino,2019,3.0,Escola Pública,4,4,B,Ágata,6.825,5.0,6.2,5.9,8.3,7.5,,7.667,3.7,5.2,9.7,Fase 5 (1º EM),5.0,-1,Moderada,True,False,Não atendido
RA-1200,Aluno-1200,2023,15,Feminino,2023,0.0,Pública,FASE 5,5,5C,Quartzo,5.711166667,10.0,4.0,6.4,0.0,5.0,7.5,6.8725,4.3,2.3,5.5,Fase 5 (1° EM),5.0,0,Em fase,,,
RA-1200,Aluno-1200,2024,16,Feminino,2023,1.0,Pública,5N,5,5N,Quartzo,5.6415838956,5.0,1.5,7.099419478000001,7.917,6.26,7.5,6.27,0.0,4.5,0.0,Fase 6 (2° EM),6.0,-1,Moderada,,,
RA-1201,Aluno-1201,2023,15,Masculino,2023,0.0,Pública,FASE 5,5,5C,Topázio,8.378008333,10.0,7.8,9.6,9.2,3.77,8.59375,8.7575,8.3,6.5,8.5,Fase 5 (1° EM),5.0,0,Em fase,,,
RA-1201,Aluno-1201,2024,16,Masculino,2023,1.0,Pública,5N,5,5N,Topázio,8.376195238033333,5.0,9.0,9.523809523666666,8.751,7.51,8.333333333,8.56,9.0,8.0,10.0,Fase 6 (2° EM),6.0,-1,Moderada,,,
RA-1202,Aluno-1202,2023,16,Feminino,2023,0.0,Pública,FASE 5,5,5F,Ágata,6.202008333,5.0,3.3,7.6,7.1,7.52,7.34375,6.67,4.5,3.3,2.0,Fase 6 (2° EM),6.0,-1,Moderada,,,
RA-1203,Aluno-1203,2023,16,Feminino,2023,0.0,Pública,FASE 5,5,5L,Ametista,7.487841667,5.0,7.2,10.0,9.2,2.52,7.96875,7.8775,6.7,5.8,9.2,Fase 6 (2° EM),6.0,-1,Moderada,,,
RA-1203,Aluno-1203,2024,17,Feminino,2023,1.0,Privada - Programa de Apadrinhamento,6L,6,6L,Topázio,8.9495245614,10.0,9.0,9.649122807,9.168,7.51,8.375,8.572,8.5,9.0,9.5,Fase 6 (2° EM),6.0,0,Em fase,,,
RA-1204,Aluno-1204,2023,16,Masculino,2023,0.0,Pública,FASE 5,5,5L,Ágata,6.940416667,5.0,6.1,8.7,7.5,5.0,7.8125,7.2125,5.0,3.7,9.7,Fase 6 (2° EM),6.0,-1,Moderada,,,
RA-1205,Aluno-1205,2023,18,Feminino,2023,0.0,Pública,FASE 5,5,5L,Ágata,6.806466667,2.5,5.0,9.2,9.2,6.26,7.5,7.085,5.2,3.7,6.2,Fase 8 (Universitários),8.0,-3,Severa,,,
RA-1206,Aluno-1206,2023,17,Feminino,2023,0.0,Pública,FASE 5,5,5M,Ágata,6.724183333,5.0,5.6,8.3,8.8,2.52,7.8125,7.7125,4.7,3.7,8.3,Fase 7 (3° EM),7.0,-2,Moderada,,,
RA-1207,Aluno-1207,2023,15,Feminino,2023,0.0,Pública,FASE 5,5,5M,Ametista,7.58235,10.0,5.5,9.0,8.8,5.0,7.8125,7.63,5.0,4.0,7.5,Fase 5 (1° EM),5.0,0,Em fase,,,
RA-1207,Aluno-1207,2024,16,Feminino,2023,1.0,Pública,5M,5,5M,Ágata,6.509169736866667,5.0,5.333333333333333,6.581140350999999,8.334,7.51,7.34375,6.5375,4.5,1.5,10.0,Fase 6 (2° EM),6.0,-1,Moderada,,,
RA-1208,Aluno-1208,2023,15,Masculino,2023,0.0,Pública,FASE 5,5,5M,Ametista,7.0651,10.0,6.2,8.8,8.8,2.52,6.875,6.2525,5.0,4.8,8.8,Fase 5 (1° EM),5.0,0,Em fase,,,
RA-1209,Aluno-1209,2023,16,Feminino,2023,0.0,Pública,FASE 5,5,5M,Ametista,7.43375,5.0,7.4,9.4,7.5,5.0,7.8125,7.7125,7.7,5.7,8.8,Fase 6 (2° EM),6.0,-1,Moderada,,,
RA-121,Aluno-121,2022,16,Feminino,2021,1.0,Escola Pública,4,4,B,Ametista,7.245,5.0,7.2,8.4,7.1,6.3,,7.625,5.7,6.8,9.0,Fase 6 (2º EM),6.0,-2,Moderada,True,False,Sem limitações
RA-121,Aluno-121,2023,16,Feminino,2021,2.0,Pública,FASE 5,5,5A,Ágata,6.811875,5.0,6.0,8.8,6.3,5.0,7.34375,7.4625,5.0,5.7,7.3,Fase 6 (2° EM),6.0,-1,Moderada,,,
RA-121,Aluno-121,2024,17,Feminino,2021,3.0,Pública,5A,5,5A,Ametista,7.476158297266668,5.0,8.833333333333334,8.152958153,8.751,6.26,7.25,6.764,7.5,9.0,10.0,Fase 7 (3° EM),7.0,-2,Moderada,,,
RA-1210,Aluno-1210,2023,16,Feminino,2023,0.0,Pública,FASE 5,5,5M,Ametista,7.171083333,5.0,4.7,9.4,9.6,5.0,7.8125,8.09,5.0,2.0,7.0,Fase 6 (2° EM),6.0,-1,Moderada,,,
RA-1210,Aluno-1210,2024,17,Feminino,2023,1.0,Pública,6L,6,6L,Topázio,8.2302,10.0,5.5,10.0,9.585,7.51,7.875,8.166,5.0,6.5,5.0,Fase 6 (2° EM),6.0,0,Em fase,,,
RA-1211,Aluno-1211,2023,16,Feminino,2023,0.0,Pública,FASE 5,5,5M,Ametista,7.09205,5.0,6.2,9.1,7.1,5.0,7.8125,7.7125,6.3,4.5,7.8,Fase 6 (2° EM),6.0,-1,Moderada,,,
RA-1212,Aluno-1212,2023,16,Feminino,2023,0.0,Pública,FASE 5,5,5M,Ágata,6.755358333,5.0,4.2,8.9,8.3,5.0,7.65625,7.715,0.0,3.5,9.0,Fase 6 (2° EM),6.0,-1,Moderada,,,
RA-1213,Aluno-1213,2023,17,Feminino,2023,0.0,Pública,FASE 5,5,5M,Quartzo,5.95625,5.0,6.0,8.4,0.0,2.52,7.8125,7.715,6.7,4.8,6.5,Fase 7 (3° EM),7.0,-2,Moderada,,,
RA-1214,Aluno-1214,2023,16,Masculino,2023,0.0,Pública,FASE 6,6,6A,Topázio,8.378666667,10.0,7.4,9.8,9.6,6.89,7.5,7.6725,8.0,5.0,9.3,Fase 6 (2° EM),6.0,0,Em fase,,,
RA-1214,Aluno-1214,2024,17,Masculino,2023,1.0,Pública,7A,7,7A,Topázio,8.5902971362,10.0,8.0,9.081527348,10.002,8.13,8.28125,7.663333333,8.0,6.0,10.0,Fase 7 (3° EM),7.0,0,Em fase,,,
RA-1215,Aluno-1215,2023,16,Feminino,2023,0.0,Pública,FASE 6,6,6A,Ágata,6.339466667,10.0,4.1,5.6,7.1,5.0,7.5,7.1725,5.0,2.7,4.7,Fase 6 (2° EM),6.0,0,Em fase,,,
RA-1216,Aluno-1216,2023,19,Feminino,2023,0.0,Concluiu o 3º EM,FASE 6,6,6A,Ametista,7.7105,5.0,7.9,9.0,9.6,5.63,7.5,7.795,8.7,5.3,9.7,Fase 8 (Universitários),8.0,-2,Moderada,,,
RA-1216,Aluno-1216,2024,20,Feminino,2023,1.0,Privada *Parcerias com Bolsa 100%,8F,8,8F,,,10.0,,0.0,,,,,,,,Fase 8 (Universitários),8.0,0,Em fase,,,
RA-1217,Aluno-1217,2023,17,Feminino,2023,0.0,Pública,FASE 6,6,6L,Ágata,6.064625,5.0,5.9,7.9,0.0,5.63,7.65625,7.38,7.0,4.0,6.7,Fase 7 (3° EM),7.0,-1,Moderada,,,
RA-1218,Aluno-1218,2023,17,Masculino,2023,0.0,Pública,FASE 6,6,6L,Ágata,6.8265,5.0,5.3,9.2,7.5,5.0,7.5,7.1325,6.7,3.5,5.7,Fase 7 (3° EM),7.0,-1,Moderada,,,
RA-1219,Aluno-1219,2023,16,Feminino,2023,0.0,Pública,FASE 6,6,6L,Ametista,7.215141667,10.0,6.3,6.5,8.8,5.63,7.34375,7.38,7.2,5.5,6.3,Fase 6 (2° EM),6.0,0,Em fase,,,
RA-122,Aluno-122,2022,14,Feminino,2019,3.0,Escola Pública,4,4,B,Quartzo,5.061,10.0,1.8,3.4,7.9,7.5,,4.958,1.7,3.7,0.0,Fase 4 (9º ano),4.0,0,Em fase,False,False,Não atendido
RA-1220,Aluno-1220,2023,17,Feminino,2023,0.0,Pública,FASE 6,6,6L,Ágata,6.46725,5.0,6.8,9.0,0.0,5.0,7.8125,7.63,8.8,5.3,6.3,Fase 7 (3° EM),7.0,-1,Moderada,,,
RA-1220,Aluno-1220,2024,18,Feminino,2023,1.0,Concluiu o 3º EM,6L,6,6L,Ametista,7.143244444466667,5.0,7.666666666666667,8.555555555666666,7.083,6.885,7.5,6.26,9.0,7.0,7.0,Fase 7 (3° EM),7.0,-1,Moderada,,,
RA-1221,Aluno-1221,2023,22,Feminino,2023,0.0,Concluiu o 3º EM,FASE 7,7,7A,Topázio,8.027466667,5.0,8.7,9.1,9.2,6.26,8.0,8.09,8.2,8.0,10.0,Fase 8 (Universitários),8.0,-1,Moderada,,,
RA-1221,Aluno-1221,2024,23,Feminino,2023,1.0,Concluiu o 3º EM,8F,8,8F,,,10.0,8.0,0.0,,,,,7.0,7.0,10.0,Fase 8 (Universitários),8.0,0,Em fase,,,
RA-1222,Aluno-1222,2023,19,Feminino,2023,0.0,Nenhuma das opções acima,FASE 7,7,7A,Ametista,7.026466667,5.0,6.8,10.0,7.1,5.63,6.875,6.005,5.0,6.5,9.0,Fase 8 (Universitários),8.0,-1,Moderada,,,
RA-1223,Aluno-1223,2023,17,Masculino,2023,0.0,Pública,FASE 7,7,7A,Topázio,8.187766667,10.0,9.0,9.3,8.8,5.0,6.875,7.2925,9.5,8.3,9.3,Fase 7 (3° EM),7.0,0,Em fase,,,
RA-1224,Aluno-1224,2023,20,Masculino,2023,0.0,Concluiu o 3º EM,FASE 7,7,7A,Ametista,7.5524,5.0,8.0,9.4,8.3,5.0,7.125,7.6325,8.2,6.3,9.5,Fase 8 (Universitários),8.0,-1,Moderada,,,
RA-1224,Aluno-1224,2024,21,Masculino,2023,1.0,Concluiu o 3º EM,8F,8,8F,,,10.0,,0.0,,,,,,,,Fase 8 (Universitários),8.0,0,Em fase,,,
RA-1225,Aluno-1225,2023,18,Feminino,2023,0.0,Concluiu o 3º EM,FASE 7,7,7E,,,5.0,,,7.5,2.52,,,,,,Fase 8 (Universitários),8.0,-1,Moderada,,,
RA-1225,Aluno-1225,2024,19,Feminino,2021,3.0,Privada *Parcerias com Bolsa 100%,8F,8,8F,,,10.0,,0.0,,,,,,,,Fase 8 (Universitários),8.0,0,Em fase,,,
RA-1226,Aluno-1226,2023,16,Feminino,2023,0.0,Privada *Parcerias com Bolsa 100%,FASE 7,7,7E,,,10.0,,,9.2,7.52,,,,,,Fase 6 (2° EM),6.0,1,Em fase,,,
RA-1226,Aluno-1226,2024,17,Feminino,2021,3.0,Privada *Parcerias com Bolsa 100%,7E,7,7E,Ametista,7.785233333333334,10.0,6.066666666666666,9.0,8.334,6.885,7.5,7.5,6.0,6.2,6.0,Fase 7 (3° EM),7.0,0,Em fase,,,
RA-1227,Aluno-1227,2023,16,Feminino,2023,0.0,Privada - Programa de Apadrinhamento,FASE 7,7,7E,,,10.0,,,9.2,2.52,,,,,,Fase 6 (2° EM),6.0,1,Em fase,,,
RA-1227,Aluno-1227,2024,17,Feminino,2021,3.0,Privada - Programa de Apadrinhamento,7E,7,7E,Quartzo,4.8446,10.0,0.0,0.0,8.751,7.195,7.5,7.5,0.0,0.0,0.0,Fase 7 (3° EM),7.0,0,Em fase,,,
RA-1228,Aluno-1228,2023,17,Feminino,2023,0.0,Privada - Programa de Apadrinhamento,FASE 7,7,7E,,,10.0,,,7.5,2.52,,,,,,Fase 7 (3° EM),7.0,0,Em fase,,,
RA-1228,Aluno-1228,2024,18,Feminino,2021,3.0,Privada - Programa de Apadrinhamento,7E,7,7E,Quartzo,4.8761,10.0,0.0,0.0,8.751,7.51,7.5,7.5,0.0,0.0,0.0,Fase 7 (3° EM),7.0,0,Em fase,,,
RA-1229,Aluno-1229,2023,16,Feminino,2023,0.0,Privada - Programa de Apadrinhamento,FASE 7,7,7E,,,10.0,,,8.3,7.52,,,,,,Fase 6 (2° EM),6.0,1,Em fase,,,
RA-1229,Aluno-1229,2024,17,Feminino,2021,3.0,Privada - Programa de Apadrinhamento,7E,7,7E,Quartzo,4.8238,10.0,0.0,0.0,9.168,6.57,7.5,7.5,0.0,0.0,0.0,Fase 7 (3° EM),7.0,0,Em fase,,,
RA-123,Aluno-123,2022,16,Masculino,2017,5.0,Rede Decisão,4,4,B,Ametista,7.084,5.0,6.5,8.6,7.9,5.6,,7.292,7.3,6.3,5.9,Fase 6 (2º EM),6.0,-2,Moderada,False,False,Requer avaliação
RA-123,Aluno-123,2023,17,Masculino,2017,6.0,Privada - Programa de Apadrinhamento,FASE 5,5,5A,Ágata,6.068333333,5.0,5.7,9.4,0.0,5.0,6.875,6.8375,5.0,5.3,6.7,Fase 7 (3° EM),7.0,-2,Moderada,,,
RA-123,Aluno-123,2024,18,Masculino,2021,3.0,Privada - Programa de Apadrinhamento,6A,6,6A,Ágata,6.887248015866668,5.0,7.166666666666667,8.412698412666666,7.5,5.635,6.71875,6.43,6.5,5.5,9.5,Fase 7 (3° EM),7.0,-1,Moderada,,,
RA-1230,Aluno-1230,2023,16,Feminino,2021,2.0,Privada - Programa de Apadrinhamento,FASE 7,7,7E,,,10.0,,,0.0,2.52,,,,,,Fase 6 (2° EM),6.0,1,Em fase,,,
RA-1230,Aluno-1230,2024,17,Feminino,2021,3.0,Privada - Programa de Apadrinhamento,7E,7,7E,Quartzo,4.7612000000000005,10.0,0.0,0.0,7.917,7.195,7.5,7.5,0.0,0.0,0.0,Fase 7 (3° EM),7.0,0,Em fase,,,
RA-1231,Aluno-1231,2023,22,Masculino,2021,2.0,Privada *Parcerias com Bolsa 100%,FASE 8,8,8A,,,10.0,,,,,,,,,,Fase 8 (Universitários),8.0,0,Em fase,,,
RA-1231,Aluno-1231,2024,23,Masculino,2021,3.0,Privada,9,9,9,,,10.0,,0.0,,,,,,,,Fase 8 (Universitários),8.0,1,Em fase,,,
RA-1232,Aluno-1232,2023,21,Masculino,2021,2.0,Privada *Parcerias com Bolsa 100%,FASE 8,8,8A,,,10.0,,,,,,,,,,Fase 8 (Universitários),8.0,0,Em fase,,,
RA-1232,Aluno-1232,2024,22,Masculino,2021,3.0,Privada,9,9,9,,,10.0,,0.0,,,,,,,,Fase 8 (Universitários),8.0,1,Em fase,,,
RA-1233,Aluno-1233,2023,22,Feminino,2021,2.0,Privada *Parcerias com Bolsa 100%,FASE 8,8,8A,,,10.0,,,,,,,,,,Fase 8 (Universitários),8.0,0,Em fase,,,
RA-1233,Aluno-1233,2024,23,Feminino,2021,3.0,Privada,9,9,9,,,10.0,,0.0,,,,,,,,Fase 8 (Universitários),8.0,1,Em fase,,,
RA-1234,Aluno-1234,2023,20,Feminino,2021,2.0,Privada *Parcerias com Bolsa 100%,FASE 8,8,8A,,,10.0,,,,,,,,,,Fase 8 (Universitários),8.0,0,Em fase,,,
RA-1234,Aluno-1234,2024,21,Feminino,2021,3.0,Privada,8A,8,8A,,,10.0,,0.0,,,,,,,,Fase 8 (Universitários),8.0,0,Em fase,,,
RA-1235,Aluno-1235,2023,21,Masculino,2021,2.0,Privada *Parcerias com Bolsa 100%,FASE 8,8,8A,,,10.0,,,,,,,,,,Fase 8 (Universitários),8.0,0,Em fase,,,
RA-1235,Aluno-1235,2024,22,Masculino,2021,3.0,Privada,9,9,9,,,10.0,,0.0,,,,,,,,Fase 8 (Universitários),8.0,1,Em fase,,,
RA-1236,Aluno-1236,2023,21,Feminino,2021,2.0,Privada *Parcerias com Bolsa 100%,FASE 8,8,8A,,,10.0,,,,,,,,,,Fase 8 (Universitários),8.0,0,Em fase,,,
RA-1236,Aluno-1236,2024,22,Feminino,2021,3.0,Privada,8A,8,8A,,,10.0,,0.0,,,,,,,,Fase 8 (Universitários),8.0,0,Em fase,,,
RA-1237,Aluno-1237,2023,21,Feminino,2021,2.0,Privada *Parcerias com Bolsa 100%,FASE 8,8,8A,,,10.0,,,,,,,,,,Fase 8 (Universitários),8.0,0,Em fase,,,
RA-1237,Aluno-1237,2024,22,Feminino,2021,3.0,Privada *Parcerias com Bolsa 100%,9,9,9,,,10.0,,0.0,,,,,,,,Fase 8 (Universitários),8.0,1,Em fase,,,
RA-1238,Aluno-1238,2023,21,Feminino,2021,2.0,Privada *Parcerias com Bolsa 100%,FASE 8,8,8A,,,10.0,,,,,,,,,,Fase 8 (Universitários),8.0,0,Em fase,,,
RA-1238,Aluno-1238,2024,22,Feminino,2021,3.0,Privada,9,9,9,,,10.0,,0.0,,,,,,,,Fase 8 (Universitários),8.0,1,Em fase,,,
RA-1239,Aluno-1239,2023,20,Feminino,2021,2.0,Privada *Parcerias com Bolsa 100%,FASE 8,8,8B,,,10.0,,,,,,,,,,Fase 8 (Universitários),8.0,0,Em fase,,,
RA-1239,Aluno-1239,2024,21,Feminino,2021,3.0,Privada - Pagamento por *Empresa Parceira,8B,8,8B,,,10.0,,0.0,,,,,,,,Fase 8 (Universitários),8.0,0,Em fase,,,
RA-124,Aluno-124,2022,14,Masculino,2016,6.0,Rede Decisão,4,4,B,Ametista,7.388,10.0,6.7,7.8,7.9,5.0,,7.167,5.7,7.0,7.5,Fase 4 (9º ano),4.0,0,Em fase,False,False,Requer avaliação
RA-1240,Aluno-1240,2023,20,Masculino,2021,2.0,Privada *Parcerias com Bolsa 100%,FASE 8,8,8B,,,10.0,,,,,,,,,,Fase 8 (Universitários),8.0,0,Em fase,,,
RA-1240,Aluno-1240,2024,21,Masculino,2021,3.0,Privada,8B,8,8B,,,10.0,,0.0,,,,,,,,Fase 8 (Universitários),8.0,0,Em fase,,,
RA-1241,Aluno-1241,2023,20,Feminino,2021,2.0,Privada *Parcerias com Bolsa 100%,FASE 8,8,8B,,,10.0,,,,,,,,,,Fase 8 (Universitários),8.0,0,Em fase,,,
RA-1241,Aluno-1241,2024,21,Feminino,2021,3.0,Privada,8B,8,8B,,,10.0,,0.0,,,,,,,,Fase 8 (Universitários),8.0,0,Em fase,,,
RA-1242,Aluno-1242,2023,19,Feminino,2021,2.0,Privada *Parcerias com Bolsa 100%,FASE 8,8,8B,,,10.0,,,,,,,,,,Fase 8 (Universitários),8.0,0,Em fase,,,
RA-1242,Aluno-1242,2024,20,Feminino,2021,3.0,Privada,8B,8,8B,,,10.0,,0.0,,,,,,,,Fase 8 (Universitários),8.0,0,Em fase,,,
RA-1243,Aluno-1243,2023,19,Feminino,2021,2.0,Privada *Parcerias com Bolsa 100%,FASE 8,8,8B,,,10.0,,,,,,,,,,Fase 8 (Universitários),8.0,0,Em fase,,,
RA-1244,Aluno-1244,2023,20,Feminino,2021,2.0,Privada *Parcerias com Bolsa 100%,FASE 8,8,8B,,,10.0,,,,,,,,,,Fase 8 (Universitários),8.0,0,Em fase,,,
RA-1244,Aluno-1244,2024,21,Feminino,2021,3.0,Privada,8B,8,8B,,,10.0,,0.0,,,,,,,,Fase 8 (Universitários),8.0,0,Em fase,,,
RA-1245,Aluno-1245,2023,20,Masculino,2021,2.0,Privada *Parcerias com Bolsa 100%,FASE 8,8,8B,,,10.0,,,,,,,,,,Fase 8 (Universitários),8.0,0,Em fase,,,
RA-1245,Aluno-1245,2024,21,Masculino,2021,3.0,Privada,8B,8,8B,,,10.0,,0.0,,,,,,,,Fase 8 (Universitários),8.0,0,Em fase,,,
RA-1246,Aluno-1246,2023,20,Feminino,2021,2.0,Privada - Pagamento por *Empresa Parceira,FASE 8,8,8B,,,10.0,,,,,,,,,,Fase 8 (Universitários),8.0,0,Em fase,,,
RA-1246,Aluno-1246,2024,21,Feminino,2021,3.0,Privada,8B,8,8B,,,10.0,,0.0,,,,,,,,Fase 8 (Universitários),8.0,0,Em fase,,,
RA-1247,Aluno-1247,2023,21,Feminino,2021,2.0,Privada *Parcerias com Bolsa 100%,FASE 8,8,8B,,,10.0,,,,,,,,,,Fase 8 (Universitários),8.0,0,Em fase,,,
RA-1248,Aluno-1248,2023,20,Masculino,2021,2.0,Privada *Parcerias com Bolsa 100%,FASE 8,8,8B,,,10.0,,,,,,,,,,Fase 8 (Universitários),8.0,0,Em fase,,,
RA-1248,Aluno-1248,2024,21,Masculino,2021,3.0,Privada,8B,8,8B,,,10.0,,0.0,,,,,,,,Fase 8 (Universitários),8.0,0,Em fase,,,
RA-1249,Aluno-1249,2023,26,Masculino,2021,2.0,Privada *Parcerias com Bolsa 100%,FASE 8,8,8B,,,10.0,,,,,,,,,,Fase 8 (Universitários),8.0,0,Em fase,,,
RA-1249,Aluno-1249,2024,27,Masculino,2021,3.0,Privada,8B,8,8B,,,10.0,,0.0,,,,,,,,Fase 8 (Universitários),8.0,0,Em fase,,,
RA-125,Aluno-125,2022,15,Feminino,2022,0.0,Escola Pública,4,4,B,Ametista,7.619,5.0,7.1,8.5,8.8,7.5,,7.75,5.0,7.2,9.2,Fase 5 (1º EM),5.0,-1,Moderada,True,False,Não atendido
RA-125,Aluno-125,2023,16,Feminino,2022,1.0,Privada,FASE 5,5,5A,Ágata,6.989633333,5.0,5.8,7.7,9.2,5.0,8.125,7.835,3.3,5.8,8.2,Fase 6 (2° EM),6.0,-1,Moderada,,,
RA-125,Aluno-125,2024,17,Feminino,2022,2.0,Privada,6A,6,6A,Ágata,6.627079761933334,5.0,6.166666666666667,5.6428571430000005,8.334,7.51,7.34375,7.232,3.0,7.0,8.5,Fase 7 (3° EM),7.0,-1,Moderada,,,
RA-1250,Aluno-1250,2023,20,Masculino,2021,2.0,Privada - Pagamento por *Empresa Parceira,FASE 8,8,8B,,,10.0,,,,,,,,,,Fase 8 (Universitários),8.0,0,Em fase,,,
RA-1250,Aluno-1250,2024,21,Masculino,2021,3.0,Privada - Pagamento por *Empresa Parceira,8B,8,8B,,,10.0,,0.0,,,,,,,,Fase 8 (Universitários),8.0,0,Em fase,,,
RA-1251,Aluno-1251,2023,20,Feminino,2021,2.0,Privada *Parcerias com Bolsa 100%,FASE 8,8,8B,,,10.0,,,,,,,,,,Fase 8 (Universitários),8.0,0,Em fase,,,
RA-1251,Aluno-1251,2024,21,Feminino,2021,3.0,Privada,8B,8,8B,,,10.0,,0.0,,,,,,,,Fase 8 (Universitários),8.0,0,Em fase,,,
RA-1252,Aluno-1252,2023,21,Feminino,2021,2.0,Privada *Parcerias com Bolsa 100%,FASE 8,8,8B,,,10.0,,,,,,,,,,Fase 8 (Universitários),8.0,0,Em fase,,,
RA-1252,Aluno-1252,2024,22,Feminino,2021,3.0,Privada,9,9,9,,,10.0,,0.0,,,,,,,,Fase 8 (Universitários),8.0,1,Em fase,,,
RA-1253,Aluno-1253,2023,23,Feminino,2021,2.0,Privada *Parcerias com Bolsa 100%,FASE 8,8,8D,,,10.0,,,,,,,,,,Fase 8 (Universitários),8.0,0,Em fase,,,
RA-1253,Aluno-1253,2024,24,Feminino,2021,3.0,Privada,8D,8,8D,,,10.0,,0.0,,,,,,,,Fase 8 (Universitários),8.0,0,Em fase,,,
RA-1254,Aluno-1254,2023,19,Masculino,2021,2.0,Privada *Parcerias com Bolsa 100%,FASE 8,8,8D,,,10.0,,,,,,,,,,Fase 8 (Universitários),8.0,0,Em fase,,,
RA-1254,Aluno-1254,2024,20,Masculino,2021,3.0,Privada,9,9,9,,,10.0,,0.0,,,,,,,,Fase 8 (Universitários),8.0,1,Em fase,,,
RA-1255,Aluno-1255,2023,19,Masculino,2021,2.0,Privada *Parcerias com Bolsa 100%,FASE 8,8,8D,,,10.0,,,,,,,,,,Fase 8 (Universitários),8.0,0,Em fase,,,
RA-1255,Aluno-1255,2024,20,Masculino,2021,3.0,Privada,8D,8,8D,,,10.0,,0.0,,,,,,,,Fase 8 (Universitários),8.0,0,Em fase,,,
RA-1256,Aluno-1256,2023,18,Feminino,2021,2.0,Privada *Parcerias com Bolsa 100%,FASE 8,8,8D,,,10.0,,,,,,,,,,Fase 8 (Universitários),8.0,0,Em fase,,,
RA-1256,Aluno-1256,2024,19,Feminino,2021,3.0,Privada,8D,8,8D,,,10.0,,0.0,,,,,,,,Fase 8 (Universitários),8.0,0,Em fase,,,
RA-1257,Aluno-1257,2023,18,Masculino,2021,2.0,Privada *Parcerias com Bolsa 100%,FASE 8,8,8D,,,10.0,,,,,,,,,,Fase 8 (Universitários),8.0,0,Em fase,,,
RA-1257,Aluno-1257,2024,19,Masculino,2021,3.0,Privada,8D,8,8D,,,10.0,,0.0,,,,,,,,Fase 8 (Universitários),8.0,0,Em fase,,,
RA-1258,Aluno-1258,2023,24,Masculino,2021,2.0,Privada *Parcerias com Bolsa 100%,FASE 8,8,8D,,,10.0,,,,,,,,,,Fase 8 (Universitários),8.0,0,Em fase,,,
RA-1258,Aluno-1258,2024,25,Masculino,2021,3.0,Privada,9,9,9,,,10.0,,0.0,,,,,,,,Fase 8 (Universitários),8.0,1,Em fase,,,
RA-1259,Aluno-1259,2023,19,Feminino,2021,2.0,Privada *Parcerias com Bolsa 100%,FASE 8,8,8D,,,10.0,,,,,,,,,,Fase 8 (Universitários),8.0,0,Em fase,,,
RA-1259,Aluno-1259,2024,20,Feminino,2021,3.0,Privada,8D,8,8D,,,10.0,,0.0,,,,,,,,Fase 8 (Universitários),8.0,0,Em fase,,,
RA-126,Aluno-126,2022,15,Masculino,2018,4.0,Escola Pública,4,4,B,Ágata,6.289,5.0,4.4,5.8,7.1,7.5,,7.417,4.0,5.0,4.2,Fase 5 (1º EM),5.0,-1,Moderada,True,False,Não atendido
RA-1260,Aluno-1260,2023,19,Masculino,2021,2.0,Privada *Parcerias com Bolsa 100%,FASE 8,8,8D,,,10.0,,,,,,,,,,Fase 8 (Universitários),8.0,0,Em fase,,,
RA-1260,Aluno-1260,2024,20,Masculino,2021,3.0,Privada,9,9,9,,,10.0,,0.0,,,,,,,,Fase 8 (Universitários),8.0,1,Em fase,,,
RA-1261,Aluno-1261,2023,19,Feminino,2021,2.0,Privada *Parcerias com Bolsa 100%,FASE 8,8,8D,,,10.0,,,,,,,,,,Fase 8 (Universitários),8.0,0,Em fase,,,
RA-1261,Aluno-1261,2024,20,Feminino,2021,3.0,Privada,8D,8,8D,,,10.0,,0.0,,,,,,,,Fase 8 (Universitários),8.0,0,Em fase,,,
RA-1262,Aluno-1262,2023,19,Feminino,2021,2.0,Privada *Parcerias com Bolsa 100%,FASE 8,8,8D,,,10.0,,,,,,,,,,Fase 8 (Universitários),8.0,0,Em fase,,,
RA-1262,Aluno-1262,2024,20,Feminino,2021,3.0,Privada,8D,8,8D,,,10.0,,0.0,,,,,,,,Fase 8 (Universitários),8.0,0,Em fase,,,
RA-1263,Aluno-1263,2023,20,Feminino,2021,2.0,Privada *Parcerias com Bolsa 100%,FASE 8,8,8D,,,10.0,,,,,,,,,,Fase 8 (Universitários),8.0,0,Em fase,,,
RA-1263,Aluno-1263,2024,21,Feminino,2021,3.0,Privada *Parcerias com Bolsa 100%,8D,8,8D,,,10.0,,0.0,,,,,,,,Fase 8 (Universitários),8.0,0,Em fase,,,
RA-1264,Aluno-1264,2023,20,Feminino,2021,2.0,Privada *Parcerias com Bolsa 100%,FASE 8,8,8D,,,10.0,,,,,,,,,,Fase 8 (Universitários),8.0,0,Em fase,,,
RA-1264,Aluno-1264,2024,21,Feminino,2021,3.0,Privada,8D,8,8D,,,10.0,,0.0,,,,,,,,Fase 8 (Universitários),8.0,0,Em fase,,,
RA-1265,Aluno-1265,2023,20,Masculino,2022,1.0,Privada *Parcerias com Bolsa 100%,FASE 8,8,8D,,,10.0,,,,,,,,,,Fase 8 (Universitários),8.0,0,Em fase,,,
RA-1265,Aluno-1265,2024,21,Masculino,2022,2.0,Pública,8D,8,8D,,,10.0,,0.0,,,,,,,,Fase 8 (Universitários),8.0,0,Em fase,,,
RA-1266,Aluno-1266,2023,19,Feminino,2021,2.0,Privada *Parcerias com Bolsa 100%,FASE 8,8,8D,,,10.0,,,,,,,,,,Fase 8 (Universitários),8.0,0,Em fase,,,
RA-1266,Aluno-1266,2024,20,Feminino,2021,3.0,Privada,9,9,9,,,10.0,,0.0,,,,,,,,Fase 8 (Universitários),8.0,1,Em fase,,,
RA-1267,Aluno-1267,2023,22,Feminino,2021,2.0,Privada *Parcerias com Bolsa 100%,FASE 8,8,8D,,,10.0,,,,,,,,,,Fase 8 (Universitários),8.0,0,Em fase,,,
RA-1267,Aluno-1267,2024,23,Feminino,2021,3.0,Privada,9,9,9,,,10.0,,0.0,,,,,,,,Fase 8 (Universitários),8.0,1,Em fase,,,
RA-1268,Aluno-1268,2023,19,Masculino,2021,2.0,Privada *Parcerias com Bolsa 100%,FASE 8,8,8D,,,10.0,,,,,,,,,,Fase 8 (Universitários),8.0,0,Em fase,,,
RA-1268,Aluno-1268,2024,20,Masculino,2021,3.0,Privada,9,9,9,,,10.0,,0.0,,,,,,,,Fase 8 (Universitários),8.0,1,Em fase,,,
RA-1269,Aluno-1269,2023,18,Feminino,2021,2.0,Privada - Pagamento por *Empresa Parceira,FASE 8,8,8E,,,10.0,,,,,,,,,,Fase 8 (Universitários),8.0,0,Em fase,,,
RA-1269,Aluno-1269,2024,19,Feminino,2021,3.0,Privada - Pagamento por *Empresa Parceira,8E,8,8E,,,10.0,,0.0,,,,,,,,Fase 8 (Universitários),8.0,0,Em fase,,,
RA-127,Aluno-127,2022,14,Feminino,2022,0.0,Escola Pública,4,4,B,Topázio,8.283,10.0,7.9,8.7,7.5,7.5,,8.125,7.7,7.7,8.3,Fase 4 (9º ano),4.0,0,Em fase,True,False,Não atendido
RA-127,Aluno-127,2023,15,Feminino,2022,1.0,Pública,FASE 5,5,5B,Ametista,7.91935,10.0,6.4,7.8,8.8,6.26,8.4375,8.6725,4.7,6.3,8.2,Fase 5 (1° EM),5.0,0,Em fase,,,
RA-127,Aluno-127,2024,16,Feminino,2022,2.0,Privada - Programa de Apadrinhamento,5A,5,5A,Topázio,8.5605939394,10.0,7.833333333333333,9.488636363666666,8.751,7.51,7.625,8.538,10.0,3.5,10.0,Fase 5 (1° EM),5.0,0,Em fase,,,
RA-1270,Aluno-1270,2023,19,Feminino,2021,2.0,Privada *Parcerias com Bolsa 100%,FASE 8,8,8E,,,10.0,,,,,,,,,,Fase 8 (Universitários),8.0,0,Em fase,,,
RA-1270,Aluno-1270,2024,20,Feminino,2021,3.0,Privada - Pagamento por *Empresa Parceira,8E,8,8E,,,10.0,,0.0,,,,,,,,Fase 8 (Universitários),8.0,0,Em fase,,,
RA-1271,Aluno-1271,2023,18,Feminino,2021,2.0,Privada *Parcerias com Bolsa 100%,FASE 8,8,8E,,,10.0,,,,,,,,,,Fase 8 (Universitários),8.0,0,Em fase,,,
RA-1271,Aluno-1271,2024,19,Feminino,2021,3.0,Privada *Parcerias com Bolsa 100%,8E,8,8E,,,10.0,,0.0,,,,,,,,Fase 8 (Universitários),8.0,0,Em fase,,,
RA-1272,Aluno-1272,2023,18,Feminino,2021,2.0,Privada *Parcerias com Bolsa 100%,FASE 8,8,8E,,,10.0,,,,,,,,,,Fase 8 (Universitários),8.0,0,Em fase,,,
RA-1272,Aluno-1272,2024,20,Feminino,2021,3.0,Privada *Parcerias com Bolsa 100%,8E,8,8E,,,10.0,,0.0,,,,,,,,Fase 8 (Universitários),8.0,0,Em fase,,,
RA-1273,Aluno-1273,2023,17,Feminino,2023,0.0,Privada - Pagamento por *Empresa Parceira,FASE 8,8,8E,,,10.0,,,,,,,,,,Fase 7 (3° EM),7.0,1,Em fase,,,
RA-1273,Aluno-1273,2024,18,Feminino,2023,1.0,Privada *Parcerias com Bolsa 100%,8E,8,8E,,,10.0,,0.0,,,,,,,,Fase 8 (Universitários),8.0,0,Em fase,,,
RA-1274,Aluno-1274,2023,18,Feminino,2021,2.0,Privada - Pagamento por *Empresa Parceira,FASE 8,8,8E,,,10.0,,,,,,,,,,Fase 8 (Universitários),8.0,0,Em fase,,,
RA-1274,Aluno-1274,2024,19,Feminino,2021,3.0,Privada - Pagamento por *Empresa Parceira,8E,8,8E,,,10.0,,0.0,,,,,,,,Fase 8 (Universitários),8.0,0,Em fase,,,
RA-1275,Aluno-1275,2024,8,Masculino,2024,0.0,Pública,ALFA,0,ALFA A - G0/G1,Ametista,7.611366666700001,10.0,8.0,8.6666666665,10.002,6.26,5.625,5.446666667,10.0,6.0,,ALFA (1° e 2° ano),,0,Em fase,,,
RA-1276,Aluno-1276,2024,8,Feminino,2024,0.0,Pública,ALFA,0,ALFA A - G0/G1,Topázio,8.002866666700001,10.0,8.0,9.3333333335,10.002,3.76,7.5,7.05,10.0,6.0,,ALFA (1° e 2° ano),,0,Em fase,,,
RA-1277,Aluno-1277,2024,8,Masculino,2024,0.0,Pública,ALFA,0,ALFA A - G0/G1,Ametista,7.952200000100001,10.0,8.0,9.0833333335,10.002,3.76,7.5,7.046666667,10.0,6.0,,ALFA (1° e 2° ano),,0,Em fase,,,
RA-1278,Aluno-1278,2024,9,Masculino,2024,0.0,Pública,ALFA,0,ALFA A - G0/G1,Quartzo,5.444199999900001,5.0,7.5,4.1666666665,9.002,3.76,5.0,4.173333333,8.0,7.0,,Fase 1 (3° e 4° ano),1.0,-1,Moderada,,,
RA-1279,Aluno-1279,2024,9,Feminino,2024,0.0,Pública,ALFA,0,ALFA B - G2/G3,Topázio,8.0822,5.0,8.25,10.0,10.002,6.26,7.5,7.78,9.0,7.5,,Fase 1 (3° e 4° ano),1.0,-1,Moderada,,,
RA-128,Aluno-128,2022,15,Masculino,2019,3.0,Escola Pública,4,4,B,Quartzo,5.563,5.0,5.6,6.2,0.0,7.5,,6.167,6.7,6.8,3.2,Fase 5 (1º EM),5.0,-1,Moderada,True,False,Não atendido
RA-128,Aluno-128,2023,16,Masculino,2019,4.0,Privada,FASE 5,5,5A,Ágata,6.503908333,5.0,5.7,7.3,6.7,5.0,7.34375,7.5475,6.3,4.0,6.7,Fase 6 (2° EM),6.0,-1,Moderada,,,
RA-1280,Aluno-1280,2024,9,Masculino,2024,0.0,Pública,ALFA,0,ALFA B - G2/G3,Topázio,8.152624242500002,5.0,8.5,9.5454545455,10.002,6.26,7.5,8.336666667,10.0,7.0,,Fase 1 (3° e 4° ano),1.0,-1,Moderada,,,
RA-1281,Aluno-1281,2024,9,Feminino,2024,0.0,Pública,ALFA,0,ALFA B - G2/G3,Ametista,7.982890909100001,5.0,9.25,9.5454545455,7.918,6.26,7.5,7.78,10.0,8.5,,Fase 1 (3° e 4° ano),1.0,-1,Moderada,,,
RA-1282,Aluno-1282,2024,9,Feminino,2024,0.0,Pública,ALFA,0,ALFA B - G2/G3,Ametista,7.8769272727000015,5.0,9.25,8.1136363635,9.502,6.26,7.5,7.89,10.0,8.5,,Fase 1 (3° e 4° ano),1.0,-1,Moderada,,,
RA-1283,Aluno-1283,2024,10,Masculino,2024,0.0,Pública,ALFA,0,ALFA B - G2/G3,Topázio,8.3033538462,5.0,9.0,9.230769231,10.002,7.51,7.5,8.28,10.0,8.0,,Fase 2 (5° e 6° ano),2.0,-2,Moderada,,,
RA-1284,Aluno-1284,2024,8,Feminino,2024,0.0,Pública,ALFA,0,ALFA C - G0/G1,Topázio,8.3800152174,10.0,10.0,9.347826087,9.002,2.51,7.8125,7.89,10.0,10.0,,ALFA (1° e 2° ano),,0,Em fase,,,
RA-1285,Aluno-1285,2024,7,Feminino,2024,0.0,Pública,ALFA,0,ALFA C - G0/G1,Topázio,8.156578882000002,10.0,8.0,8.830227742999998,10.002,2.51,7.5,8.946666667,8.0,8.0,,ALFA (1° e 2° ano),,0,Em fase,,,
RA-1286,Aluno-1286,2024,7,Masculino,2024,0.0,Pública,ALFA,0,ALFA C - G0/G1,Quartzo,5.914801966800001,10.0,7.0,5.051759834,8.002,2.51,5.3125,4.61,8.0,6.0,,ALFA (1° e 2° ano),,0,Em fase,,,
RA-1287,Aluno-1287,2024,8,Feminino,2024,0.0,Pública,ALFA,0,ALFA C - G0/G1,Ametista,7.619650310500001,5.0,7.75,9.3064182195,10.002,2.51,8.125,8.223333333,8.0,7.5,,Fase 1 (3° e 4° ano),1.0,-1,Moderada,,,
RA-1288,Aluno-1288,2024,7,Feminino,2024,0.0,Pública,ALFA,0,ALFA C - G0/G1,Ametista,7.9208899585,10.0,10.0,7.9813664595,9.002,2.51,7.1875,7.273333333,10.0,10.0,,ALFA (1° e 2° ano),,0,Em fase,,,
RA-1289,Aluno-1289,2024,10,Feminino,2024,0.0,Pública,ALFA,0,ALFA D - G2/G3,Ametista,7.2171722223,5.0,7.75,9.4444444445,7.002,7.51,5.9375,6.166666667,9.0,6.5,,Fase 1 (3° e 4° ano),1.0,-1,Moderada,,,
RA-129,Aluno-129,2022,15,Masculino,2019,3.0,Escola Pública,4,4,B,Ágata,6.926,5.0,6.7,6.4,6.7,7.5,,7.792,6.0,5.3,8.7,Fase 5 (1º EM),5.0,-1,Moderada,True,False,Não atendido
RA-1290,Aluno-1290,2024,9,Masculino,2024,0.0,Pública,ALFA,0,ALFA D - G2/G3,Topázio,8.407200000000001,5.0,8.75,10.0,10.002,7.51,7.5,8.28,10.0,7.5,,Fase 1 (3° e 4° ano),1.0,-1,Moderada,,,
RA-1291,Aluno-1291,2024,9,Masculino,2024,0.0,Pública,ALFA,0,ALFA D - G2/G3,Topázio,8.079200000000002,5.0,8.25,9.5,9.502,7.51,7.5,7.89,10.0,6.5,,Fase 1 (3° e 4° ano),1.0,-1,Moderada,,,
RA-1292,Aluno-1292,2024,9,Feminino,2024,0.0,Pública,ALFA,0,ALFA D - G2/G3,Ágata,6.9031621211,5.0,8.25,4.7727272725,7.502,7.51,7.1875,7.893333333,10.0,6.5,,Fase 1 (3° e 4° ano),1.0,-1,Moderada,,,
RA-1293,Aluno-1293,2024,9,Feminino,2024,0.0,Pública,ALFA,0,ALFA D - G2/G3,Topázio,8.005023232300001,5.0,8.5,9.4949494945,8.002,7.51,6.875,8.336666667,8.5,8.5,,Fase 1 (3° e 4° ano),1.0,-1,Moderada,,,
RA-1294,Aluno-1294,2024,10,Masculino,2024,0.0,Pública,ALFA,0,ALFA D - G2/G3,Ametista,7.9493666666,5.0,7.75,10.0,9.502,7.51,6.875,7.553333333,9.0,6.5,,Fase 2 (5° e 6° ano),2.0,-2,Moderada,,,
RA-1295,Aluno-1295,2024,8,Feminino,2024,0.0,Pública,ALFA,0,ALFA E - G2/G3,Topázio,8.0617454545,10.0,7.5,9.5227272725,10.002,2.51,7.5,8.28,7.0,8.0,,ALFA (1° e 2° ano),,0,Em fase,,,
RA-1296,Aluno-1296,2024,9,Feminino,2024,0.0,Pública,ALFA,0,ALFA E - G2/G3,Ametista,7.0574222223000005,5.0,6.5,8.4444444445,9.002,2.51,7.5,8.336666667,7.5,5.5,,Fase 1 (3° e 4° ano),1.0,-1,Moderada,,,
RA-1297,Aluno-1297,2024,8,Masculino,2024,0.0,Pública,ALFA,0,ALFA E - G2/G3,Ametista,7.620247619000001,5.0,9.25,9.761904762,9.502,2.51,7.5,6.833333333,10.0,8.5,,Fase 1 (3° e 4° ano),1.0,-1,Moderada,,,
RA-1298,Aluno-1298,2024,8,Masculino,2024,0.0,Pública,ALFA,0,ALFA E - G2/G3,Ametista,7.577287995300001,10.0,6.75,6.643356643500001,9.502,7.51,7.1875,7.393333333,7.0,6.5,,ALFA (1° e 2° ano),,0,Em fase,,,
RA-1299,Aluno-1299,2024,10,Masculino,2024,0.0,Pública,ALFA,0,ALFA E - G2/G3,Ametista,7.069727777800001,5.0,6.5,7.638888889,8.502,7.51,7.1875,7.11,7.0,6.0,,Fase 2 (5° e 6° ano),2.0,-2,Moderada,,,
RA-13,Aluno-13,2022,18,Masculino,2016,6.0,Escola Pública,7,7,A,Ágata,6.902,5.0,4.7,7.4,7.9,7.5,,8.056,3.5,5.5,5.2,Fase 8 (Universitários),8.0,-1,Moderada,True,False,Sem limitações
RA-13,Aluno-13,2023,18,Masculino,2016,7.0,Privada *Parcerias com Bolsa 100%,FASE 8,8,8E,,,10.0,,,,,,,,,,Fase 8 (Universitários),8.0,0,Em fase,,,
RA-13,Aluno-13,2024,19,Masculino,2021,3.0,Privada *Parcerias com Bolsa 100%,8D,8,8D,,,10.0,,0.0,,,,,,,,Fase 8 (Universitários),8.0,0,Em fase,,,
RA-130,Aluno-130,2022,16,Feminino,2018,4.0,Escola Pública,4,4,F,Quartzo,5.624,5.0,4.1,4.7,8.3,5.0,,6.5,3.7,5.2,3.5,Fase 6 (2º EM),6.0,-2,Moderada,False,False,Requer avaliação
RA-1300,Aluno-1300,2024,8,Feminino,2024,0.0,Pública,ALFA,0,ALFA F - G0/G1,Ametista,7.623866666600001,5.0,9.0,8.75,8.502,2.51,7.5,8.613333333,10.0,8.0,,Fase 1 (3° e 4° ano),1.0,-1,Moderada,,,
RA-1301,Aluno-1301,2024,8,Masculino,2024,0.0,Pública,ALFA,0,ALFA F - G0/G1,Quartzo,5.6345333333,5.0,7.0,2.9166666665000003,9.502,2.51,7.5,6.0,10.0,4.0,,Fase 1 (3° e 4° ano),1.0,-1,Moderada,,,
RA-1302,Aluno-1302,2024,8,Masculino,2024,0.0,Pública,ALFA,0,ALFA F - G0/G1,Quartzo,5.758866666800001,10.0,4.0,5.416666667,10.002,2.51,6.25,4.996666667,4.0,4.0,,ALFA (1° e 2° ano),,0,Em fase,,,
RA-1303,Aluno-1303,2024,8,Feminino,2024,0.0,Pública,ALFA,0,ALFA F - G0/G1,Topázio,8.8352,10.0,10.0,10.0,10.002,2.51,7.5,9.17,10.0,10.0,,ALFA (1° e 2° ano),,0,Em fase,,,
RA-1304,Aluno-1304,2024,10,Feminino,2024,0.0,Pública,ALFA,0,ALFA G - G2/G3,Ametista,7.085119934500001,5.0,6.0,7.9575163395,9.002,8.135,7.8125,6.493333333,6.0,6.0,,Fase 2 (5° e 6° ano),2.0,-2,Moderada,,,
RA-1305,Aluno-1305,2024,10,Feminino,2024,0.0,Pública,ALFA,0,ALFA G - G2/G3,Ágata,6.685221929800001,5.0,4.75,8.710526316,8.502,2.51,7.8125,8.053333333,2.0,7.5,,Fase 1 (3° e 4° ano),1.0,-1,Moderada,,,
RA-1306,Aluno-1306,2024,8,Feminino,2024,0.0,Pública,ALFA,0,ALFA G - G2/G3,Topázio,8.503033333400001,5.0,9.75,10.0,9.002,8.135,7.5,7.946666667,10.0,9.5,,Fase 1 (3° e 4° ano),1.0,-1,Moderada,,,
RA-1307,Aluno-1307,2024,8,Masculino,2024,0.0,Pública,ALFA,0,ALFA H - G0/G1,Ágata,6.5940333333000005,10.0,5.5,5.833333333500001,10.002,6.255,6.25,5.383333333,7.0,4.0,,ALFA (1° e 2° ano),,0,Em fase,,,
RA-1308,Aluno-1308,2024,9,Feminino,2024,0.0,Pública,ALFA,0,ALFA H - G0/G1,Ágata,6.876997101400001,5.0,6.0,7.445652174,10.002,7.51,7.5,5.933333333,8.0,4.0,,Fase 1 (3° e 4° ano),1.0,-1,Moderada,,,
RA-1309,Aluno-1309,2024,7,Feminino,2024,0.0,Pública,ALFA,0,ALFA H - G0/G1,Topázio,8.379199999899999,10.0,7.5,9.1666666665,9.002,7.51,7.5,8.223333333,8.0,7.0,,ALFA (1° e 2° ano),,0,Em fase,,,
RA-131,Aluno-131,2022,15,Feminino,2016,6.0,Escola Pública,4,4,F,Ametista,7.174,5.0,5.6,9.0,8.8,5.6,,7.75,6.0,6.5,4.2,Fase 5 (1º EM),5.0,-1,Moderada,True,False,Sem limitações
RA-131,Aluno-131,2023,16,Feminino,2016,7.0,Pública,FASE 5,5,5F,Quartzo,5.952358333,5.0,2.2,7.8,8.3,5.0,7.65625,6.8,0.0,3.0,3.5,Fase 6 (2° EM),6.0,-1,Moderada,,,
RA-131,Aluno-131,2024,17,Feminino,2021,3.0,Pública,5F,5,5F,Ametista,7.263155555633333,5.0,5.0,9.444444444666667,8.751,7.51,7.708333333,7.386666667,4.0,5.0,6.0,Fase 7 (3° EM),7.0,-2,Moderada,,,
RA-1310,Aluno-1310,2024,7,Feminino,2024,0.0,Pública,ALFA,0,ALFA H - G0/G1,Topázio,8.3907833334,10.0,10.0,9.375,8.502,2.51,7.8125,8.166666667,10.0,10.0,,ALFA (1° e 2° ano),,0,Em fase,,,
RA-1311,Aluno-1311,2024,8,Masculino,2024,0.0,Pública,ALFA,0,ALFA H - G0/G1,Ágata,6.4118666668,10.0,0.0,9.166666667,9.002,2.51,7.5,8.386666667,0.0,0.0,,ALFA (1° e 2° ano),,0,Em fase,,,
RA-1312,Aluno-1312,2024,9,Masculino,2024,0.0,Pública,ALFA,0,ALFA H - G0/G1,Ametista,7.510200000000001,5.0,6.5,8.333333333,10.002,7.51,6.25,8.336666667,8.0,5.0,,Fase 1 (3° e 4° ano),1.0,-1,Moderada,,,
RA-1313,Aluno-1313,2024,8,Masculino,2024,0.0,Pública,ALFA,0,ALFA H - G0/G1,Topázio,8.0155333334,10.0,6.25,8.125,9.502,7.51,7.5,8.446666667,4.0,8.5,,ALFA (1° e 2° ano),,0,Em fase,,,
RA-1314,Aluno-1314,2024,7,Feminino,2024,0.0,Pública,ALFA,0,ALFA H - G0/G1,Topázio,8.239799999999999,10.0,9.0,8.541666667,7.418,7.51,7.5,7.443333333,8.0,10.0,,ALFA (1° e 2° ano),,0,Em fase,,,
RA-1315,Aluno-1315,2024,7,Masculino,2024,0.0,Pública,ALFA,0,ALFA H - G0/G1,Topázio,8.3510666667,10.0,9.0,8.3333333335,6.834,7.51,7.5,8.5,10.0,8.0,,ALFA (1° e 2° ano),,0,Em fase,,,
RA-1316,Aluno-1316,2024,9,Feminino,2024,0.0,Pública,ALFA,0,ALFA I - G2/G3,Ametista,7.59291123,5.0,7.75,8.20855615,9.002,7.51,7.5,7.5,9.0,6.5,,Fase 1 (3° e 4° ano),1.0,-1,Moderada,,,
RA-1317,Aluno-1317,2024,9,Feminino,2024,0.0,Pública,ALFA,0,ALFA I - G2/G3,Ametista,7.665638502700001,5.0,10.0,7.0721925135,7.502,7.51,7.5,7.5,10.0,10.0,,Fase 1 (3° e 4° ano),1.0,-1,Moderada,,,
RA-1318,Aluno-1318,2024,8,Feminino,2024,0.0,Pública,ALFA,0,ALFA I - G2/G3,Ágata,6.823383155100001,5.0,5.0,7.6871657755000005,8.502,7.51,7.1875,7.33,4.0,6.0,,Fase 1 (3° e 4° ano),1.0,-1,Moderada,,,
RA-1319,Aluno-1319,2024,9,Masculino,2024,0.0,Pública,ALFA,0,ALFA J - G2/G3,Ametista,7.201526797300001,5.0,8.5,5.7516339865,8.502,7.51,7.5,7.5,10.0,7.0,,Fase 1 (3° e 4° ano),1.0,-1,Moderada,,,
RA-132,Aluno-132,2022,14,Feminino,2019,3.0,Rede Decisão,4,4,F,Topázio,8.355,10.0,7.7,8.8,10.0,5.6,,8.458,6.5,7.5,9.1,Fase 4 (9º ano),4.0,0,Em fase,False,True,Sem limitações
RA-132,Aluno-132,2023,15,Feminino,2019,4.0,Privada - Programa de Apadrinhamento,FASE 5,5,5F,Ametista,7.350625,10.0,6.5,8.7,7.5,2.52,7.65625,7.715,6.3,6.5,6.7,Fase 5 (1° EM),5.0,0,Em fase,,,
RA-132,Aluno-132,2024,16,Feminino,2021,3.0,Privada - Programa de Apadrinhamento,6A,6,6A,Topázio,8.4746321428,10.0,8.333333333333334,8.380952380666665,8.334,7.51,8.59375,8.44,7.0,8.0,10.0,Fase 6 (2° EM),6.0,0,Em fase,,,
RA-1320,Aluno-1320,2024,10,Masculino,2024,0.0,Pública,ALFA,0,ALFA J - G2/G3,Ametista,7.8845333333,5.0,8.25,9.1666666665,9.002,7.51,7.5,7.5,9.0,7.5,,Fase 1 (3° e 4° ano),1.0,-1,Moderada,,,
RA-1321,Aluno-1321,2024,7,Masculino,2024,0.0,Pública,ALFA,0,ALFA K - G0/G1,Ametista,7.95295,10.0,8.75,8.875,9.002,6.885,6.5625,5.915,10.0,7.5,,ALFA (1° e 2° ano),,0,Em fase,,,
RA-1322,Aluno-1322,2024,8,Feminino,2024,0.0,Pública,ALFA,0,ALFA K - G0/G1,Topázio,8.47795,10.0,7.5,9.0,9.502,7.51,8.4375,8.165,8.5,6.5,,ALFA (1° e 2° ano),,0,Em fase,,,
RA-1323,Aluno-1323,2024,9,Masculino,2024,0.0,Pública,ALFA,0,ALFA K - G0/G1,Ametista,7.487366666700001,5.0,7.0,9.0833333335,10.002,7.51,6.875,6.66,10.0,4.0,,Fase 1 (3° e 4° ano),1.0,-1,Moderada,,,
RA-1324,Aluno-1324,2024,9,Masculino,2024,0.0,Pública,ALFA,0,ALFA K - G0/G1,Topázio,8.332450000000001,5.0,8.5,10.0,10.002,7.51,7.8125,8.0,10.0,7.0,,Fase 1 (3° e 4° ano),1.0,-1,Moderada,,,
RA-1325,Aluno-1325,2024,8,Masculino,2024,0.0,Pública,ALFA,0,ALFA K - G0/G1,Topázio,8.9824954545,10.0,10.0,9.5227272725,9.002,7.51,8.4375,7.915,10.0,10.0,,ALFA (1° e 2° ano),,0,Em fase,,,
RA-1326,Aluno-1326,2024,8,Feminino,2024,0.0,Pública,ALFA,0,ALFA K - G0/G1,Ametista,7.6397833333000005,10.0,4.5,9.2916666665,9.002,7.51,7.8125,7.245,0.0,9.0,,ALFA (1° e 2° ano),,0,Em fase,,,
RA-1327,Aluno-1327,2024,7,Feminino,2024,0.0,Pública,ALFA,0,ALFA K - G0/G1,Topázio,8.264116666700001,10.0,7.5,9.3333333335,9.002,7.51,7.8125,7.325,10.0,5.0,,ALFA (1° e 2° ano),,0,Em fase,,,
RA-1328,Aluno-1328,2024,8,Feminino,2024,0.0,Pública,ALFA,0,ALFA K - G0/G1,Topázio,8.0588666667,5.0,10.0,8.2083333335,8.502,7.51,7.5,7.83,10.0,10.0,,Fase 1 (3° e 4° ano),1.0,-1,Moderada,,,
RA-1329,Aluno-1329,2024,8,Masculino,2024,0.0,Pública,ALFA,0,ALFA K - G0/G1,Ametista,7.98945,10.0,6.5,10.0,9.502,7.51,6.5625,6.66,10.0,3.0,,ALFA (1° e 2° ano),,0,Em fase,,,
RA-133,Aluno-133,2022,15,Feminino,2016,6.0,Escola Pública,4,4,F,Ágata,6.875,5.0,5.6,7.1,7.9,7.5,,7.625,4.7,7.2,5.0,Fase 5 (1º EM),5.0,-1,Moderada,False,False,Não atendido
RA-133,Aluno-133,2023,16,Feminino,2016,7.0,Pública,FASE 5,5,5F,Ágata,6.168416667,5.0,5.3,7.9,7.5,2.52,7.1875,6.505,5.0,4.3,6.7,Fase 6 (2° EM),6.0,-1,Moderada,,,
RA-1330,Aluno-1330,2024,8,Feminino,2024,0.0,Pública,ALFA,0,ALFA K - G0/G1,Topázio,8.944616666700002,10.0,9.5,9.3333333335,10.002,7.51,8.4375,7.915,10.0,9.0,,ALFA (1° e 2° ano),,0,Em fase,,,
RA-1331,Aluno-1331,2024,7,Feminino,2024,0.0,Pública,ALFA,0,ALFA K - G0/G1,Ametista,7.8522833333,10.0,7.25,7.291666666499999,9.002,7.51,8.4375,7.245,8.0,6.5,,ALFA (1° e 2° ano),,0,Em fase,,,
RA-1332,Aluno-1332,2024,10,Masculino,2024,0.0,Pública,ALFA,0,ALFA L - G2/G3,Topázio,8.1040529412,5.0,8.25,9.411764706,8.502,7.51,9.375,7.665,10.0,6.5,,Fase 2 (5° e 6° ano),2.0,-2,Moderada,,,
RA-1333,Aluno-1333,2024,9,Masculino,2024,0.0,Pública,ALFA,0,ALFA L - G2/G3,Topázio,8.213199999999999,5.0,9.25,10.0,7.502,6.255,9.375,7.75,10.0,8.5,,Fase 1 (3° e 4° ano),1.0,-1,Moderada,,,
RA-1334,Aluno-1334,2024,9,Masculino,2024,0.0,Pública,ALFA,0,ALFA L - G2/G3,Topázio,8.350200000000001,5.0,9.0,10.0,10.002,5.625,9.375,7.75,10.0,8.0,,Fase 1 (3° e 4° ano),1.0,-1,Moderada,,,
RA-1335,Aluno-1335,2024,10,Masculino,2024,0.0,Pública,ALFA,0,ALFA L - G2/G3,Topázio,8.3217,5.0,8.75,9.75,9.002,7.51,9.375,7.665,10.0,7.5,,Fase 2 (5° e 6° ano),2.0,-2,Moderada,,,
RA-1336,Aluno-1336,2024,8,Feminino,2024,0.0,Pública,ALFA,0,ALFA M - G0/G1,Ametista,7.141365631500001,5.0,9.5,6.2008281575,9.502,2.51,7.5,7.75,10.0,9.0,,Fase 1 (3° e 4° ano),1.0,-1,Moderada,,,
RA-1337,Aluno-1337,2024,10,Masculino,2024,0.0,Pública,ALFA,0,ALFA M - G0/G1,Ágata,6.015144444400001,5.0,6.0,4.722222222,8.002,7.51,6.875,5.66,6.0,6.0,,Fase 2 (5° e 6° ano),2.0,-2,Moderada,,,
RA-1338,Aluno-1338,2024,8,Masculino,2024,0.0,Pública,ALFA,0,ALFA M - G0/G1,Ágata,6.1368428571,5.0,3.0,8.6607142855,8.002,7.51,6.875,5.33,2.0,4.0,,Fase 1 (3° e 4° ano),1.0,-1,Moderada,,,
RA-1339,Aluno-1339,2024,8,Feminino,2024,0.0,Pública,ALFA,0,ALFA M - G0/G1,Ametista,7.3547,5.0,8.75,10.0,8.502,6.885,5.0,5.33,10.0,7.5,,Fase 1 (3° e 4° ano),1.0,-1,Moderada,,,
RA-134,Aluno-134,2022,15,Feminino,2021,1.0,Escola Pública,4,4,F,Ágata,6.607,5.0,4.7,6.8,8.8,7.5,,7.375,4.7,6.8,2.5,Fase 5 (1º EM),5.0,-1,Moderada,True,False,Não atendido
RA-1340,Aluno-1340,2024,8,Feminino,2024,0.0,Pública,ALFA,0,ALFA M - G0/G1,Topázio,8.3422714286,10.0,10.0,8.392857143,9.502,7.51,5.625,7.0,10.0,10.0,,ALFA (1° e 2° ano),,0,Em fase,,,
RA-1341,Aluno-1341,2024,9,Masculino,2024,0.0,Pública,ALFA,0,ALFA M - G0/G1,Ametista,7.862906349200001,5.0,10.0,9.246031746,10.002,7.51,5.625,6.0,10.0,10.0,,Fase 1 (3° e 4° ano),1.0,-1,Moderada,,,
RA-1342,Aluno-1342,2024,8,Masculino,2024,0.0,Pública,ALFA,0,ALFA M - G0/G1,Ametista,7.8185809524000005,5.0,9.0,9.761904762,9.502,7.51,7.5,5.575,10.0,8.0,,Fase 1 (3° e 4° ano),1.0,-1,Moderada,,,
RA-1343,Aluno-1343,2024,7,Feminino,2024,0.0,Pública,ALFA,0,ALFA M - G0/G1,Topázio,8.8262,10.0,9.75,10.0,8.002,7.51,6.25,8.5,10.0,9.5,,ALFA (1° e 2° ano),,0,Em fase,,,
RA-1344,Aluno-1344,2024,8,Feminino,2024,0.0,Pública,ALFA,0,ALFA N - G2/G3,Topázio,9.3612,10.0,10.0,10.0,8.502,7.51,8.75,9.425,10.0,10.0,,ALFA (1° e 2° ano),,0,Em fase,,,
RA-1345,Aluno-1345,2024,9,Masculino,2023,1.0,Pública,ALFA,0,ALFA N - G2/G3,Ametista,7.2340128655000004,5.0,6.25,9.4590643275,8.502,7.51,6.25,6.83,6.0,6.5,,Fase 1 (3° e 4° ano),1.0,-1,Moderada,,,
RA-1346,Aluno-1346,2024,8,Masculino,2024,0.0,Pública,ALFA,0,ALFA N - G2/G3,Ametista,7.3701047619,10.0,5.5,8.0595238095,9.502,7.51,6.25,6.66,5.0,6.0,,ALFA (1° e 2° ano),,0,Em fase,,,
RA-1347,Aluno-1347,2024,9,Masculino,2024,0.0,Pública,ALFA,0,ALFA N - G2/G3,Ágata,6.153842857100001,5.0,5.0,8.7857142855,8.502,2.51,5.625,6.165,5.0,5.0,,Fase 1 (3° e 4° ano),1.0,-1,Moderada,,,
RA-1348,Aluno-1348,2024,8,Masculino,2024,0.0,Pública,ALFA,0,ALFA O - G2/G3,Ametista,7.9604662539,5.0,9.0,8.5913312695,7.502,7.51,8.75,7.83,10.0,8.0,,Fase 1 (3° e 4° ano),1.0,-1,Moderada,,,
RA-1349,Aluno-1349,2024,10,Masculino,2024,0.0,Pública,ALFA,0,ALFA O - G2/G3,Ametista,7.855727777800001,5.0,8.5,8.388888889,8.002,7.51,8.4375,7.915,10.0,7.0,,Fase 1 (3° e 4° ano),1.0,-1,Moderada,,,
RA-135,Aluno-135,2022,15,Feminino,2019,3.0,Escola Pública,4,4,F,Ametista,7.692,5.0,8.6,7.8,8.3,5.6,,8.583,8.0,8.2,9.5,Fase 5 (1º EM),5.0,-1,Moderada,True,True,Sem limitações
RA-1350,Aluno-1350,2024,10,Feminino,2024,0.0,Pública,ALFA,0,ALFA O - G2/G3,Topázio,8.335450000000002,5.0,8.5,10.0,8.502,8.755,8.4375,7.83,10.0,7.0,,Fase 2 (5° e 6° ano),2.0,-2,Moderada,,,
RA-1351,Aluno-1351,2024,9,Masculino,2024,0.0,Pública,ALFA,0,ALFA O - G2/G3,Topázio,8.1861038462,5.0,8.75,9.230769231,9.002,8.13,8.4375,7.665,10.0,7.5,,Fase 1 (3° e 4° ano),1.0,-1,Moderada,,,
RA-1352,Aluno-1352,2024,9,Masculino,2024,0.0,Pública,ALFA,0,ALFA O - G2/G3,Topázio,8.289950000000001,5.0,8.5,9.5,10.002,8.13,8.4375,7.665,8.0,9.0,,Fase 1 (3° e 4° ano),1.0,-1,Moderada,,,
RA-1353,Aluno-1353,2024,10,Feminino,2024,0.0,Pública,ALFA,0,ALFA Q - G2/G3,Ágata,6.454700000000001,5.0,3.0,9.5,8.002,7.51,6.875,6.08,3.5,2.5,,Fase 1 (3° e 4° ano),1.0,-1,Moderada,,,
RA-1354,Aluno-1354,2024,10,Feminino,2024,0.0,Pública,ALFA,0,ALFA Q - G2/G3,Ametista,7.353427272700001,5.0,6.0,8.3636363635,9.502,7.51,8.125,7.335,6.5,5.5,,Fase 1 (3° e 4° ano),1.0,-1,Moderada,,,
RA-1355,Aluno-1355,2024,10,Masculino,2024,0.0,Pública,ALFA,0,ALFA Q - G2/G3,Ametista,7.202245454500001,5.0,7.0,6.5227272725,10.002,7.51,8.125,7.17,8.0,6.0,,Fase 1 (3° e 4° ano),1.0,-1,Moderada,,,
RA-1356,Aluno-1356,2024,8,Feminino,2024,0.0,Pública,ALFA,0,ALFA Q - G2/G3,Ametista,7.8695888889,10.0,5.5,9.4444444445,9.002,7.51,8.125,7.085,5.5,5.5,,ALFA (1° e 2° ano),,0,Em fase,,,
RA-1357,Aluno-1357,2024,9,Masculino,2024,0.0,Pública,ALFA,0,ALFA Q - G2/G3,Ametista,7.1807,5.0,6.75,7.5,8.002,7.51,8.125,7.335,8.0,5.5,,Fase 1 (3° e 4° ano),1.0,-1,Moderada,,,
RA-1358,Aluno-1358,2024,7,Feminino,2024,0.0,Pública,ALFA,0,ALFA R - G0/G1,Ágata,6.552990476200001,10.0,4.0,7.380952381,9.168,5.01,6.25,6.17,4.0,4.0,,ALFA (1° e 2° ano),,0,Em fase,,,
RA-1359,Aluno-1359,2024,7,Feminino,2024,0.0,Pública,ALFA,0,ALFA R - G0/G1,Ametista,7.2102,10.0,6.0,9.0,8.502,5.635,5.625,6.17,4.0,8.0,,ALFA (1° e 2° ano),,0,Em fase,,,
RA-136,Aluno-136,2022,15,Masculino,2019,3.0,Escola Pública,4,4,F,Ágata,6.478,5.0,4.6,6.3,10.0,7.5,,6.667,5.3,5.7,2.8,Fase 5 (1º EM),5.0,-1,Moderada,False,False,Não atendido
RA-1360,Aluno-1360,2024,8,Masculino,2024,0.0,Pública,ALFA,0,ALFA R - G0/G1,Ágata,6.8480623189,10.0,5.0,7.0018115945,8.502,7.51,5.625,6.42,0.0,10.0,,ALFA (1° e 2° ano),,0,Em fase,,,
RA-1361,Aluno-1361,2024,8,Feminino,2024,0.0,Pública,ALFA,0,ALFA R - G0/G1,Topázio,8.738700000000001,10.0,10.0,9.375,9.502,5.635,7.5,8.0,10.0,10.0,,ALFA (1° e 2° ano),,0,Em fase,,,
RA-1362,Aluno-1362,2024,7,Masculino,2024,0.0,Pública,ALFA,0,ALFA R - G0/G1,Ametista,7.709200000000001,10.0,8.5,6.875,10.002,5.635,6.875,6.915,8.0,9.0,,ALFA (1° e 2° ano),,0,Em fase,,,
RA-1363,Aluno-1363,2024,7,Feminino,2024,0.0,Pública,ALFA,0,ALFA S - G2/G3,Ametista,7.690800000000001,10.0,6.5,10.0,7.418,5.635,6.875,6.99,6.5,6.5,,ALFA (1° e 2° ano),,0,Em fase,,,
RA-1364,Aluno-1364,2024,9,Masculino,2024,0.0,Pública,ALFA,0,ALFA S - G2/G3,Ametista,7.570033333300001,5.0,8.75,8.4166666665,8.002,7.51,6.875,6.99,9.5,8.0,,Fase 1 (3° e 4° ano),1.0,-1,Moderada,,,
RA-1365,Aluno-1365,2024,9,Masculino,2024,0.0,Pública,ALFA,0,ALFA S - G2/G3,Ametista,7.3700333333,5.0,6.5,9.7916666665,9.002,6.26,6.875,6.99,5.5,7.5,,Fase 1 (3° e 4° ano),1.0,-1,Moderada,,,
RA-1366,Aluno-1366,2024,8,Feminino,2024,0.0,Pública,ALFA,0,ALFA S - G2/G3,Ágata,6.919852173900001,5.0,6.5,6.6032608695,9.002,7.51,7.5,6.99,6.5,6.5,,Fase 1 (3° e 4° ano),1.0,-1,Moderada,,,
RA-1367,Aluno-1367,2024,8,Feminino,2024,0.0,Pública,ALFA,0,ALFA S - G2/G3,Topázio,8.427286956500001,10.0,8.75,8.3804347825,10.002,7.51,7.5,7.5,9.0,8.5,,ALFA (1° e 2° ano),,0,Em fase,,,
RA-1368,Aluno-1368,2024,8,Masculino,2024,0.0,Pública,ALFA,0,ALFA S - G2/G3,Topázio,8.6012,10.0,9.5,10.0,7.002,7.51,7.5,7.5,10.0,9.0,,ALFA (1° e 2° ano),,0,Em fase,,,
RA-1369,Aluno-1369,2024,7,Feminino,2024,0.0,Pública,ALFA,0,ALFA S - G2/G3,Topázio,8.052286956500001,10.0,8.0,8.6304347825,8.502,6.26,7.5,7.5,8.0,8.0,,ALFA (1° e 2° ano),,0,Em fase,,,
RA-137,Aluno-137,2022,17,Feminino,2016,6.0,Rede Decisão,4,4,F,Ametista,7.056,2.5,7.3,8.9,7.5,5.0,,7.792,6.0,7.3,8.5,Fase 7 (3º EM),7.0,-3,Severa,False,False,Requer avaliação
RA-137,Aluno-137,2023,17,Feminino,2016,7.0,Privada - Programa de Apadrinhamento,FASE 5,5,5F,Quartzo,5.937025,5.0,6.0,6.3,7.1,2.52,6.40625,6.88,7.3,4.5,6.2,Fase 7 (3° EM),7.0,-2,Moderada,,,
RA-137,Aluno-137,2024,18,Feminino,2021,3.0,Concluiu o 3º EM,5F,5,5F,Ágata,6.576761183366667,5.0,6.833333333333333,7.582972583,9.585,5.005,4.791666667,6.276666667,2.0,8.5,10.0,Fase 7 (3° EM),7.0,-2,Moderada,,,
RA-1370,Aluno-1370,2024,9,Masculino,2024,0.0,Pública,ALFA,0,ALFA S - G2/G3,Topázio,8.0456444444,5.0,9.0,8.722222222,10.002,7.51,7.5,7.5,10.0,8.0,,Fase 1 (3° e 4° ano),1.0,-1,Moderada,,,
RA-1371,Aluno-1371,2024,11,Feminino,2024,0.0,Pública,ALFA,0,ALFA S - G2/G3,Ágata,6.4843521739,5.0,4.5,6.9782608695,7.502,7.51,6.875,7.5,3.0,6.0,,Fase 1 (3° e 4° ano),1.0,-1,Moderada,,,
RA-1372,Aluno-1372,2024,8,Feminino,2024,0.0,Pública,ALFA,0,ALFA T - G2/G3,Ametista,7.9632000000000005,10.0,4.75,10.0,9.502,8.13,7.5,7.5,3.0,6.5,,ALFA (1° e 2° ano),,0,Em fase,,,
RA-1373,Aluno-1373,2024,9,Feminino,2024,0.0,Pública,ALFA,0,ALFA T - G2/G3,Ametista,7.577286956500001,5.0,6.75,8.8804347825,9.502,7.51,7.5,7.5,6.0,7.5,,Fase 1 (3° e 4° ano),1.0,-1,Moderada,,,
RA-1374,Aluno-1374,2024,9,Masculino,2024,0.0,Pública,ALFA,0,ALFA T - G2/G3,Ametista,7.3707652174,5.0,5.25,9.347826087,9.502,7.51,7.5,7.5,5.0,5.5,,Fase 1 (3° e 4° ano),1.0,-1,Moderada,,,
RA-1375,Aluno-1375,2024,9,Masculino,2024,0.0,Pública,ALFA,0,ALFA T - G2/G3,Topázio,8.101200000000002,5.0,8.25,10.0,9.502,7.51,7.5,7.5,10.0,6.5,,Fase 1 (3° e 4° ano),1.0,-1,Moderada,,,
RA-1376,Aluno-1376,2024,9,Masculino,2024,0.0,Pública,ALFA,0,ALFA T - G2/G3,Topázio,8.2742769231,5.0,9.75,9.6153846155,9.002,7.51,7.5,7.5,10.0,9.5,,Fase 1 (3° e 4° ano),1.0,-1,Moderada,,,
RA-1377,Aluno-1377,2024,8,Masculino,2024,0.0,Pública,ALFA,0,ALFA T - G2/G3,Ametista,7.8987,10.0,5.5,10.0,9.002,8.13,6.875,6.99,5.0,6.0,,ALFA (1° e 2° ano),,0,Em fase,,,
RA-1378,Aluno-1378,2024,10,Feminino,2024,0.0,Pública,ALFA,0,ALFA U - G2/G3,Ametista,7.6703428571,5.0,6.75,9.2857142855,9.002,8.13,7.5,7.5,7.5,6.0,,Fase 1 (3° e 4° ano),1.0,-1,Moderada,,,
RA-1379,Aluno-1379,2024,8,Masculino,2024,0.0,Pública,ALFA,0,ALFA U - G2/G3,Ágata,6.638292105300001,5.0,7.25,8.6842105265,9.502,3.755,5.9375,5.16,8.5,6.0,,Fase 1 (3° e 4° ano),1.0,-1,Moderada,,,
RA-138,Aluno-138,2022,15,Masculino,2016,6.0,Escola Pública,4,4,F,Ágata,6.738,5.0,5.6,8.0,9.6,5.6,,6.375,5.0,6.5,5.2,Fase 5 (1º EM),5.0,-1,Moderada,True,False,Requer avaliação
RA-138,Aluno-138,2023,16,Masculino,2016,7.0,Pública,FASE 4,4,4F,Ágata,6.784075,5.0,4.3,7.9,10.0,6.26,7.34375,7.4175,4.0,3.7,5.2,Fase 6 (2° EM),6.0,-2,Moderada,,,
RA-138,Aluno-138,2024,17,Masculino,2021,3.0,Pública,5F,5,5F,Ametista,7.3860274169,5.0,5.833333333333333,8.751803751666666,9.585,7.51,7.708333333,7.443333333,7.5,5.0,5.0,Fase 7 (3° EM),7.0,-2,Moderada,,,
RA-1380,Aluno-1380,2024,8,Masculino,2024,0.0,Pública,ALFA,0,ALFA U - G2/G3,Ametista,7.964342230600001,10.0,8.0,8.784461152999999,9.502,4.385,7.1875,7.5,10.0,6.0,,ALFA (1° e 2° ano),,0,Em fase,,,
RA-1381,Aluno-1381,2024,8,Feminino,2024,0.0,Pública,ALFA,0,ALFA U - G2/G3,Topázio,9.038200000000002,10.0,9.5,10.0,9.502,8.13,8.75,7.5,10.0,9.0,,ALFA (1° e 2° ano),,0,Em fase,,,
RA-1382,Aluno-1382,2024,9,Feminino,2024,0.0,Pública,ALFA,0,ALFA U - G2/G3,Ametista,7.834830952400001,5.0,7.5,9.761904762,8.502,7.51,7.8125,7.5,8.0,7.0,,Fase 1 (3° e 4° ano),1.0,-1,Moderada,,,
RA-1383,Aluno-1383,2024,8,Feminino,2024,0.0,Pública,ALFA,0,ALFA U - G2/G3,Topázio,8.3720803259,10.0,8.5,9.2606516295,8.502,7.51,7.1875,7.5,10.0,7.0,,ALFA (1° e 2° ano),,0,Em fase,,,
RA-1384,Aluno-1384,2024,10,Masculino,2024,0.0,Pública,ALFA,0,ALFA U - G2/G3,Ágata,6.221984461100001,5.0,5.0,7.5689223055,8.002,7.51,6.25,5.16,5.0,5.0,,Fase 2 (5° e 6° ano),2.0,-2,Moderada,,,
RA-1385,Aluno-1385,2024,8,Masculino,2024,0.0,Pública,ALFA,0,ALFA U - G2/G3,Ametista,7.7262,5.0,8.0,10.0,10.002,4.385,6.875,7.5,9.0,7.0,,Fase 1 (3° e 4° ano),1.0,-1,Moderada,,,
RA-1386,Aluno-1386,2024,8,Feminino,2024,0.0,Pública,ALFA,0,ALFA U - G2/G3,Ametista,7.803580952400001,5.0,7.25,9.761904762,9.002,7.51,7.5,7.5,8.5,6.0,,Fase 1 (3° e 4° ano),1.0,-1,Moderada,,,
RA-1387,Aluno-1387,2024,8,Feminino,2024,0.0,Pública,ALFA,0,ALFA U - G2/G3,Ametista,7.8030796992,5.0,8.0,8.759398496,9.502,7.51,7.5,7.5,9.0,7.0,,Fase 1 (3° e 4° ano),1.0,-1,Moderada,,,
RA-1388,Aluno-1388,2024,8,Feminino,2024,0.0,Pública,ALFA,0,ALFA Y - G0/G1,Ametista,7.015057142799999,5.0,5.0,8.214285713999999,9.002,6.88,7.5,7.67,4.0,6.0,,Fase 1 (3° e 4° ano),1.0,-1,Moderada,,,
RA-1389,Aluno-1389,2024,7,Feminino,2024,0.0,Pública,ALFA,0,ALFA Y - G0/G1,Topázio,8.980533333299999,10.0,10.0,9.7916666665,9.002,6.88,7.5,8.42,10.0,10.0,,ALFA (1° e 2° ano),,0,Em fase,,,
RA-139,Aluno-139,2022,17,Masculino,2019,3.0,Escola Pública,4,4,F,Quartzo,3.738,2.5,1.4,3.5,7.1,5.0,,3.917,1.7,2.7,0.0,Fase 7 (3º EM),7.0,-3,Severa,False,False,Requer avaliação
RA-1390,Aluno-1390,2024,7,Feminino,2024,0.0,Pública,ALFA,0,ALFA Y - G0/G1,Topázio,8.4930333333,10.0,8.25,9.7916666665,9.502,5.005,7.5,8.42,8.0,8.5,,ALFA (1° e 2° ano),,0,Em fase,,,
RA-1391,Aluno-1391,2024,7,Masculino,2024,0.0,Pública,ALFA,0,ALFA Y - G0/G1,Topázio,8.8435333333,10.0,10.0,9.2916666665,8.502,7.51,7.5,8.17,10.0,10.0,,ALFA (1° e 2° ano),,0,Em fase,,,
RA-1392,Aluno-1392,2024,9,Masculino,2024,0.0,Pública,ALFA,0,ALFA Y - G0/G1,Quartzo,5.4262,5.0,0.0,5.625,9.002,7.51,7.5,7.0,0.0,0.0,,Fase 1 (3° e 4° ano),1.0,-1,Moderada,,,
RA-1393,Aluno-1393,2024,7,Feminino,2024,0.0,Pública,ALFA,0,ALFA Y - G0/G1,Ametista,7.2597000000000005,10.0,5.0,7.5,9.502,3.755,7.5,8.42,10.0,0.0,,ALFA (1° e 2° ano),,0,Em fase,,,
RA-1394,Aluno-1394,2024,10,Feminino,2024,0.0,Pública,1A,1,1A,Ametista,7.503255555500002,5.0,5.75,8.6944444445,9.502,7.51,8.125,8.003333333,5.5,6.0,,Fase 2 (5° e 6° ano),2.0,-1,Moderada,,,
RA-1395,Aluno-1395,2024,9,Feminino,2024,0.0,Pública,1A,1,1A,Topázio,8.5997833334,10.0,7.75,10.0,9.502,7.51,7.8125,7.836666667,7.5,8.0,,Fase 1 (3° e 4° ano),1.0,0,Em fase,,,
RA-1396,Aluno-1396,2024,11,Feminino,2024,0.0,Pública,1A,1,1A,Ametista,7.8477,5.0,6.5,10.0,9.502,7.51,8.125,7.67,6.0,7.0,,Fase 2 (5° e 6° ano),2.0,-1,Moderada,,,
RA-1397,Aluno-1397,2024,10,Feminino,2024,0.0,Pública,1A,1,1A,Ametista,7.8280333334000005,5.0,7.0,10.0,9.002,6.26,8.125,7.946666667,7.0,7.0,,Fase 2 (5° e 6° ano),2.0,-1,Moderada,,,
RA-1398,Aluno-1398,2024,11,Feminino,2024,0.0,Pública,1B,1,1B,Ametista,7.989700527000001,5.0,8.0,9.555335968,6.918,7.51,8.125,8.616666667,8.0,8.0,,Fase 2 (5° e 6° ano),2.0,-1,Moderada,,,
RA-1399,Aluno-1399,2024,11,Feminino,2024,0.0,Pública,1B,1,1B,Ametista,7.438578787899999,5.0,6.0,9.7727272725,9.002,5.005,7.5,8.166666667,6.0,6.0,,Fase 2 (5° e 6° ano),2.0,-1,Moderada,,,
RA-14,Aluno-14,2022,21,Masculino,2022,0.0,Escola Pública,7,7,D,Ágata,6.793,5.0,4.0,8.3,7.9,7.5,,7.75,8.0,0.0,,Fase 8 (Universitários),8.0,-1,Moderada,True,False,Não atendido
RA-14,Aluno-14,2023,21,Masculino,2022,1.0,Privada *Parcerias com Bolsa 100%,FASE 8,8,8E,,,10.0,,,,,,,,,,Fase 8 (Universitários),8.0,0,Em fase,,,
RA-14,Aluno-14,2024,22,Masculino,2022,2.0,Privada *Parcerias com Bolsa 100%,8E,8,8E,,,10.0,,0.0,,,,,,,,Fase 8 (Universitários),8.0,0,Em fase,,,
RA-140,Aluno-140,2022,14,Feminino,2021,1.0,Escola Pública,4,4,F,Ametista,7.407,10.0,5.7,7.6,7.9,6.9,,7.667,5.0,6.5,5.6,Fase 4 (9º ano),4.0,0,Em fase,True,False,Não atendido
RA-1400,Aluno-1400,2024,9,Masculino,2024,0.0,Pública,1B,1,1B,Ametista,7.622839525700001,10.0,7.25,6.6501976285,8.418,7.51,7.5,7.5,6.5,8.0,,Fase 1 (3° e 4° ano),1.0,0,Em fase,,,
RA-1401,Aluno-1401,2024,13,Masculino,2024,0.0,Pública,1C,1,1C,Topázio,8.1188277778,5.0,10.0,8.888888889,6.918,7.51,7.8125,8.085,10.0,10.0,,Fase 3 (7° e 8° ano),3.0,-2,Moderada,,,
RA-1402,Aluno-1402,2024,10,Feminino,2024,0.0,Pública,1D,1,1D,Topázio,8.588040909100002,10.0,7.25,9.5454545455,10.002,7.51,8.4375,8.17,7.0,7.5,,Fase 1 (3° e 4° ano),1.0,0,Em fase,,,
RA-1403,Aluno-1403,2024,11,Feminino,2024,0.0,Pública,1D,1,1D,Topázio,8.257421861500001,5.0,8.75,9.3073593075,9.002,7.51,8.4375,8.255,7.5,10.0,,Fase 2 (5° e 6° ano),2.0,-1,Moderada,,,
RA-1404,Aluno-1404,2024,9,Feminino,2024,0.0,Pública,1D,1,1D,Topázio,8.3971318182,10.0,7.5,9.090909091,8.502,7.51,8.4375,8.17,6.0,9.0,,Fase 1 (3° e 4° ano),1.0,0,Em fase,,,
RA-1405,Aluno-1405,2024,10,Feminino,2024,0.0,Pública,1D,1,1D,Topázio,8.4749727273,10.0,8.75,8.6363636365,8.002,7.51,8.125,8.17,8.0,9.5,,Fase 1 (3° e 4° ano),1.0,0,Em fase,,,
RA-1406,Aluno-1406,2024,10,Feminino,2024,0.0,Pública,1D,1,1D,Ametista,7.8186772727000005,5.0,7.5,8.8636363635,8.002,7.51,8.4375,8.255,5.5,9.5,,Fase 2 (5° e 6° ano),2.0,-1,Moderada,,,
RA-1407,Aluno-1407,2024,10,Masculino,2024,0.0,Pública,1D,1,1D,Ametista,7.546086363600001,5.0,5.75,9.318181818,10.002,7.51,7.8125,7.5,5.5,6.0,,Fase 2 (5° e 6° ano),2.0,-1,Moderada,,,
RA-1408,Aluno-1408,2024,11,Masculino,2024,0.0,Pública,1D,1,1D,Ametista,7.626768181800001,5.0,6.75,8.409090909,10.002,7.51,8.4375,7.5,5.5,8.0,,Fase 2 (5° e 6° ano),2.0,-1,Moderada,,,
RA-1409,Aluno-1409,2024,10,Masculino,2024,0.0,Pública,1D,1,1D,Ametista,7.863131818100001,5.0,7.25,9.0909090905,10.002,7.51,8.4375,7.5,7.5,7.0,,Fase 2 (5° e 6° ano),2.0,-1,Moderada,,,
RA-141,Aluno-141,2022,14,Masculino,2017,5.0,Escola Pública,4,4,F,Ametista,7.118,10.0,5.7,8.2,9.2,5.6,,5.917,5.8,6.2,5.0,Fase 4 (9º ano),4.0,0,Em fase,False,False,Requer avaliação
RA-141,Aluno-141,2023,15,Masculino,2017,6.0,Pública,FASE 4,4,4F,Ágata,6.719791667,5.0,4.5,8.4,9.6,5.63,7.03125,7.0425,6.0,5.3,2.3,Fase 5 (1° EM),5.0,-1,Moderada,,,
RA-1410,Aluno-1410,2024,11,Masculino,2024,0.0,Pública,1E,1,1E,Ametista,7.5319272727,5.0,6.25,8.1136363635,9.002,7.51,8.75,8.165,6.5,6.0,,Fase 2 (5° e 6° ano),2.0,-1,Moderada,,,
RA-1411,Aluno-1411,2024,11,Masculino,2024,0.0,Pública,1E,1,1E,Ágata,6.886950000000001,5.0,2.75,9.5,9.002,6.26,8.4375,7.835,5.5,0.0,,Fase 2 (5° e 6° ano),2.0,-1,Moderada,,,
RA-1412,Aluno-1412,2024,10,Masculino,2024,0.0,Pública,1E,1,1E,Topázio,9.204671861500001,10.0,9.75,9.3073593075,10.002,7.51,8.75,8.835,10.0,9.5,,Fase 1 (3° e 4° ano),1.0,0,Em fase,,,
RA-1413,Aluno-1413,2024,12,Masculino,2024,0.0,Pública,1E,1,1E,Ametista,7.747564718600001,5.0,7.25,8.593073593,9.002,7.51,8.4375,7.92,7.5,7.0,,Fase 3 (7° e 8° ano),3.0,-2,Moderada,,,
RA-1414,Aluno-1414,2024,10,Feminino,2024,0.0,Pública,1E,1,1E,Topázio,8.840007359300001,10.0,8.5,9.2965367965,9.502,6.885,8.75,8.835,10.0,7.0,,Fase 1 (3° e 4° ano),1.0,0,Em fase,,,
RA-1415,Aluno-1415,2024,10,Feminino,2024,0.0,Pública,1G,1,1G,Ametista,7.3712454546,5.0,6.75,9.7727272725,8.002,6.26,7.291666667,7.056666667,6.5,7.0,,Fase 2 (5° e 6° ano),2.0,-1,Moderada,,,
RA-1416,Aluno-1416,2024,12,Feminino,2024,0.0,Pública,1G,1,1G,Ametista,7.375503030400001,5.0,7.75,8.2765151515,8.502,7.51,7.916666667,6.386666667,6.5,9.0,,Fase 2 (5° e 6° ano),2.0,-1,Moderada,,,
RA-1417,Aluno-1417,2024,10,Masculino,2024,0.0,Pública,1G,1,1G,Ametista,7.7436242424,5.0,9.0,9.337121212,9.002,7.51,6.25,6.5,10.0,8.0,,Fase 2 (5° e 6° ano),2.0,-1,Moderada,,,
RA-1418,Aluno-1418,2024,11,Masculino,2024,0.0,Pública,1G,1,1G,Ametista,7.7352909091000015,5.0,8.25,9.128787879,8.502,7.51,7.916666667,6.833333333,8.5,8.0,,Fase 2 (5° e 6° ano),2.0,-1,Moderada,,,
RA-1419,Aluno-1419,2024,10,Feminino,2024,0.0,Pública,1H,1,1H,Topázio,8.7536999999,10.0,7.5,10.0,8.502,7.51,8.958333333,8.783333333,6.0,9.0,,Fase 1 (3° e 4° ano),1.0,0,Em fase,,,
RA-142,Aluno-142,2022,14,Feminino,2021,1.0,Escola Pública,4,4,F,Ametista,7.457,10.0,6.3,8.6,6.7,5.6,,7.583,6.0,6.8,6.0,Fase 4 (9º ano),4.0,0,Em fase,False,False,Requer avaliação
RA-1420,Aluno-1420,2024,12,Masculino,2024,0.0,Pública,1H,1,1H,Quartzo,5.6558,5.0,4.5,5.520833333500001,7.918,6.26,6.458333333,5.44,5.0,4.0,,Fase 3 (7° e 8° ano),3.0,-2,Moderada,,,
RA-1421,Aluno-1421,2024,11,Masculino,2024,0.0,Pública,1H,1,1H,Ametista,7.126922222200001,5.0,7.5,6.777777778,9.002,7.51,6.875,7.163333333,8.0,7.0,,Fase 2 (5° e 6° ano),2.0,-1,Moderada,,,
RA-1422,Aluno-1422,2024,11,Feminino,2024,0.0,Pública,1J,1,1J,Ametista,7.0132,5.0,4.75,7.5,9.502,7.51,8.125,7.7475,0.0,9.5,,Fase 2 (5° e 6° ano),2.0,-1,Moderada,,,
RA-1423,Aluno-1423,2024,11,Masculino,2024,0.0,Pública,1J,1,1J,Ágata,6.403450000000001,5.0,5.75,5.3125,8.502,7.51,7.8125,6.5425,4.0,7.5,,Fase 2 (5° e 6° ano),2.0,-1,Moderada,,,
RA-1424,Aluno-1424,2024,12,Feminino,2024,0.0,Pública,1J,1,1J,Ametista,7.5543388889,5.0,7.25,8.9444444445,9.002,7.51,7.8125,6.915,7.5,7.0,,Fase 2 (5° e 6° ano),2.0,-1,Moderada,,,
RA-1425,Aluno-1425,2024,12,Masculino,2024,0.0,Pública,1J,1,1J,Ágata,6.8290988095000005,5.0,7.0,6.7976190475,9.002,7.51,7.34375,5.92,6.0,8.0,,Fase 2 (5° e 6° ano),2.0,-1,Moderada,,,
RA-1426,Aluno-1426,2024,11,Feminino,2023,1.0,Pública,1J,1,1J,Quartzo,5.8367476190000005,5.0,2.75,5.845238095,9.502,7.51,7.5,5.8325,5.5,0.0,,Fase 2 (5° e 6° ano),2.0,-1,Moderada,,,
RA-1427,Aluno-1427,2024,11,Feminino,2024,0.0,Pública,1J,1,1J,Topázio,8.425325,5.0,8.0,10.0,9.502,7.51,8.90625,8.6675,6.5,9.5,,Fase 2 (5° e 6° ano),2.0,-1,Moderada,,,
RA-1428,Aluno-1428,2024,10,Masculino,2024,0.0,Pública,1L,1,1L,Topázio,8.006108496800001,5.0,8.0,8.8562091505,8.502,7.51,9.166666667,8.085,7.0,9.0,,Fase 2 (5° e 6° ano),2.0,-1,Moderada,,,
RA-1429,Aluno-1429,2024,11,Masculino,2024,0.0,Pública,1L,1,1L,Topázio,8.041811111100001,5.0,7.75,8.888888889,9.502,7.51,8.958333333,8.085,8.5,7.0,,Fase 2 (5° e 6° ano),2.0,-1,Moderada,,,
RA-143,Aluno-143,2022,13,Masculino,2019,3.0,Rede Decisão,4,4,F,Topázio,8.638,10.0,7.9,9.9,8.3,5.6,,9.5,9.7,7.7,6.4,Fase 3 (7º e 8º ano),3.0,1,Em fase,False,True,Sem limitações
RA-143,Aluno-143,2023,14,Masculino,2019,4.0,Privada - Programa de Apadrinhamento,FASE 5,5,5A,Ametista,7.794358333,10.0,6.5,9.6,8.3,2.52,8.28125,8.3375,9.2,5.0,5.2,Fase 4 (9° ano),4.0,1,Em fase,,,
RA-143,Aluno-143,2024,15,Masculino,2021,3.0,Privada - Programa de Apadrinhamento,7E,7,7E,Ametista,7.449366666666667,10.0,2.6333333333333333,9.92,10.002,6.885,7.5,7.5,0.0,0.0,7.9,Fase 5 (1° EM),5.0,2,Em fase,,,
RA-1430,Aluno-1430,2024,11,Masculino,2024,0.0,Pública,1L,1,1L,Ametista,7.864033333300001,5.0,6.25,10.0,8.502,7.51,8.958333333,8.085,6.0,6.5,,Fase 2 (5° e 6° ano),2.0,-1,Moderada,,,
RA-1431,Aluno-1431,2024,11,Feminino,2024,0.0,Pública,1M,1,1M,Ametista,7.9147292443,5.0,8.0,7.7432712215,9.002,7.51,7.96875,9.09,8.0,8.0,,Fase 2 (5° e 6° ano),2.0,-1,Moderada,,,
RA-1432,Aluno-1432,2024,10,Feminino,2024,0.0,Pública,1M,1,1M,Topázio,8.774075000000002,5.0,9.5,10.0,10.002,7.51,9.21875,8.505,10.0,9.0,,Fase 2 (5° e 6° ano),2.0,-1,Moderada,,,
RA-1433,Aluno-1433,2024,10,Feminino,2024,0.0,Pública,1M,1,1M,Topázio,8.1939895962,5.0,8.75,9.068322981,8.502,7.51,8.28125,8.505,8.0,9.5,,Fase 2 (5° e 6° ano),2.0,-1,Moderada,,,
RA-1434,Aluno-1434,2024,10,Masculino,2024,0.0,Pública,1M,1,1M,Topázio,8.2775982919,5.0,9.0,7.9813664595,8.502,6.26,9.53125,9.76,10.0,8.0,,Fase 2 (5° e 6° ano),2.0,-1,Moderada,,,
RA-1435,Aluno-1435,2024,10,Masculino,2024,0.0,Pública,1M,1,1M,Ametista,7.7196166667,10.0,7.5,7.833333333500001,9.502,7.51,7.1875,6.165,7.5,7.5,,Fase 1 (3° e 4° ano),1.0,0,Em fase,,,
RA-1436,Aluno-1436,2024,11,Feminino,2024,0.0,Pública,1M,1,1M,Ametista,7.589914648100001,5.0,8.0,8.674948240500001,7.418,7.51,8.28125,7.17,8.0,8.0,,Fase 2 (5° e 6° ano),2.0,-1,Moderada,,,
RA-1437,Aluno-1437,2024,11,Feminino,2024,0.0,Pública,1M,1,1M,Ametista,7.982890217400001,5.0,8.0,9.347826087,8.502,7.51,8.28125,7.92,8.0,8.0,,Fase 2 (5° e 6° ano),2.0,-1,Moderada,,,
RA-1438,Aluno-1438,2024,10,Feminino,2024,0.0,Pública,1M,1,1M,Topázio,8.176825000000001,5.0,7.0,9.0,10.002,7.51,8.90625,9.175,6.0,8.0,,Fase 2 (5° e 6° ano),2.0,-1,Moderada,,,
RA-1439,Aluno-1439,2024,11,Feminino,2024,0.0,Pública,1M,1,1M,Topázio,8.507700000000002,5.0,8.5,10.0,7.502,7.51,9.375,9.345,9.0,8.0,,Fase 2 (5° e 6° ano),2.0,-1,Moderada,,,
RA-144,Aluno-144,2022,14,Feminino,2017,5.0,Rede Decisão,4,4,F,Topázio,8.181,10.0,7.9,9.3,7.5,5.0,,8.292,7.5,7.2,9.0,Fase 4 (9º ano),4.0,0,Em fase,False,False,Requer avaliação
RA-144,Aluno-144,2023,14,Feminino,2017,6.0,Privada - Programa de Apadrinhamento,FASE 5,5,5F,Quartzo,4.990333333,10.0,4.4,5.2,0.0,2.52,6.25,6.0,3.3,2.5,7.3,Fase 4 (9° ano),4.0,1,Em fase,,,
RA-1440,Aluno-1440,2024,10,Feminino,2024,0.0,Pública,1M,1,1M,Ametista,7.469102691500001,5.0,4.5,9.544513457499999,9.002,7.51,8.75,8.17,9.0,0.0,,Fase 2 (5° e 6° ano),2.0,-1,Moderada,,,
RA-1441,Aluno-1441,2024,9,Masculino,2024,0.0,Pública,1M,1,1M,Topázio,8.961646169800002,10.0,8.5,9.109730849,9.502,7.51,9.375,9.005,9.0,8.0,,Fase 1 (3° e 4° ano),1.0,0,Em fase,,,
RA-1442,Aluno-1442,2024,13,Masculino,2024,0.0,Pública,1M,1,1M,Ametista,7.135189648100001,5.0,7.25,8.674948240500001,8.002,7.51,7.5,5.745,8.5,6.0,,Fase 3 (7° e 8° ano),3.0,-2,Moderada,,,
RA-1443,Aluno-1443,2024,13,Feminino,2024,0.0,Pública,1N,1,1N,Ágata,6.921633333300001,5.0,6.75,7.5,6.918,6.26,7.708333333,7.415,6.5,7.0,,Fase 3 (7° e 8° ano),3.0,-2,Moderada,,,
RA-1444,Aluno-1444,2024,11,Masculino,2024,0.0,Pública,1N,1,1N,Ágata,6.610588888900001,5.0,6.0,5.277777778,8.502,7.51,7.708333333,7.415,8.0,4.0,,Fase 2 (5° e 6° ano),2.0,-1,Moderada,,,
RA-1445,Aluno-1445,2024,10,Feminino,2024,0.0,Pública,1N,1,1N,Ametista,7.842866666700001,5.0,7.25,9.5,9.502,7.51,7.916666667,7.5,6.5,8.0,,Fase 2 (5° e 6° ano),2.0,-1,Moderada,,,
RA-1446,Aluno-1446,2024,9,Masculino,2024,0.0,Pública,1N,1,1N,Quartzo,5.9004061924,10.0,0.0,6.6501976285,8.002,6.26,7.291666667,7.075,0.0,0.0,,Fase 1 (3° e 4° ano),1.0,0,Em fase,,,
RA-1447,Aluno-1447,2024,11,Feminino,2024,0.0,Pública,1N,1,1N,Ametista,7.5402350878,5.0,5.25,9.7368421055,9.502,7.51,7.916666667,7.75,6.5,4.0,,Fase 2 (5° e 6° ano),2.0,-1,Moderada,,,
RA-1448,Aluno-1448,2024,13,Feminino,2024,0.0,Pública,1P,1,1P,Ametista,7.466126406900001,5.0,6.0,9.5346320345,9.002,7.51,7.5,7.29,6.0,6.0,,Fase 3 (7° e 8° ano),3.0,-2,Moderada,,,
RA-1449,Aluno-1449,2024,10,Feminino,2024,0.0,Pública,1R,1,1R,Ametista,7.214341666700001,5.0,6.75,8.3333333335,7.418,7.51,7.96875,7.04,6.5,7.0,,Fase 2 (5° e 6° ano),2.0,-1,Moderada,,,
RA-145,Aluno-145,2022,16,Masculino,2017,5.0,Escola Pública,4,4,H,Quartzo,5.846,5.0,5.2,6.3,0.0,8.1,,7.25,3.0,4.8,7.8,Fase 6 (2º EM),6.0,-2,Moderada,True,False,Sem limitações
RA-145,Aluno-145,2023,17,Masculino,2017,6.0,Pública,FASE 4,4,4H,,,2.5,6.2,9.0,7.9,,7.96875,7.4625,5.3,6.0,7.2,Fase 7 (3° EM),7.0,-3,Severa,,,
RA-1450,Aluno-1450,2024,9,Masculino,2024,0.0,Pública,1R,1,1R,Ametista,7.405235714200002,10.0,3.5,8.571428571,9.502,7.51,7.8125,7.5425,0.0,7.0,,Fase 1 (3° e 4° ano),1.0,0,Em fase,,,
RA-1451,Aluno-1451,2024,11,Feminino,2024,0.0,Pública,1R,1,1R,Ametista,7.560479761900002,5.0,6.0,8.8095238095,10.002,7.51,7.96875,7.7525,6.0,6.0,,Fase 2 (5° e 6° ano),2.0,-1,Moderada,,,
RA-1452,Aluno-1452,2024,12,Masculino,2024,0.0,Pública,2A,2,2A,Topázio,8.6268666667,10.0,7.75,10.0,9.002,7.51,7.916666667,8.17,7.0,8.5,,Fase 2 (5° e 6° ano),2.0,0,Em fase,,,
RA-1453,Aluno-1453,2024,12,Feminino,2021,3.0,Pública,2A,2,2A,Ametista,7.1234857143,5.0,6.5,7.8214285715,8.502,6.25,7.5,7.67,4.5,8.5,,Fase 3 (7° e 8° ano),3.0,-1,Moderada,,,
RA-1454,Aluno-1454,2024,10,Feminino,2023,1.0,Pública,2A,2,2A,Ametista,7.7042238095,10.0,7.75,5.880952381,8.002,7.51,7.708333333,8.28,7.5,8.0,,Fase 2 (5° e 6° ano),2.0,0,Em fase,,,
RA-1455,Aluno-1455,2024,12,Feminino,2024,0.0,Pública,2A,2,2A,Ágata,6.6442555555,5.0,3.5,7.777777778,8.002,7.51,7.708333333,7.833333333,,3.5,,Fase 3 (7° e 8° ano),3.0,-1,Moderada,,,
RA-1456,Aluno-1456,2024,11,Masculino,2024,0.0,Pública,2A,2,2A,Topázio,8.492914285800001,10.0,7.75,9.511904762,9.502,7.51,7.5,7.946666667,5.5,10.0,,Fase 2 (5° e 6° ano),2.0,0,Em fase,,,
RA-1457,Aluno-1457,2024,12,Feminino,2024,0.0,Pública,2B,2,2B,Ágata,6.0197761904,5.0,2.75,8.0357142855,3.498,7.51,7.291666667,7.663333333,2.5,3.0,,Fase 3 (7° e 8° ano),3.0,-1,Moderada,,,
RA-1458,Aluno-1458,2024,12,Feminino,2024,0.0,Pública,2B,2,2B,Quartzo,5.879073684200001,5.0,3.25,7.280701754500001,8.751,7.51,6.041666667,5.213333333,0.5,6.0,,Fase 3 (7° e 8° ano),3.0,-1,Moderada,,,
RA-1459,Aluno-1459,2024,12,Masculino,2024,0.0,Pública,2C,2,2C,Ágata,6.665390476100001,5.0,3.75,8.2976190475,8.002,7.51,7.5,7.273333333,2.0,5.5,,Fase 3 (7° e 8° ano),3.0,-1,Moderada,,,
RA-146,Aluno-146,2022,15,Feminino,2022,0.0,Escola Pública,4,4,H,Ametista,7.947,5.0,7.9,9.2,8.3,7.5,,8.208,6.3,7.3,10.0,Fase 5 (1º EM),5.0,-1,Moderada,True,False,Não atendido
RA-146,Aluno-146,2023,16,Feminino,2022,1.0,Pública,FASE 5,5,5C,Ametista,7.584483333,5.0,7.9,9.5,6.2,5.0,8.4375,8.2125,7.8,5.8,10.0,Fase 6 (2° EM),6.0,-1,Moderada,,,
RA-146,Aluno-146,2024,17,Feminino,2022,2.0,Pública,5D,5,5D,Topázio,8.134554885333333,5.0,9.333333333333334,9.514316093333333,8.751,5.635,7.65625,8.304,9.0,9.0,10.0,Fase 7 (3° EM),7.0,-2,Moderada,,,
RA-1460,Aluno-1460,2024,12,Masculino,2024,0.0,Pública,2C,2,2C,Ágata,6.784805263200001,10.0,3.25,7.460526316,9.502,7.51,6.875,6.27,2.5,4.0,,Fase 2 (5° e 6° ano),2.0,0,Em fase,,,
RA-1461,Aluno-1461,2024,12,Feminino,2024,0.0,Pública,2C,2,2C,Ágata,6.871961904800001,5.0,2.75,9.273809524,10.002,7.51,7.5,7.33,0.5,5.0,,Fase 3 (7° e 8° ano),3.0,-1,Moderada,,,
RA-1462,Aluno-1462,2024,13,Feminino,2024,0.0,Pública,2D,2,2D,Ametista,7.6243666666,5.0,6.5,10.0,8.502,7.51,8.125,7.053333333,6.0,7.0,,Fase 3 (7° e 8° ano),3.0,-1,Moderada,,,
RA-1463,Aluno-1463,2024,12,Masculino,2024,0.0,Pública,2D,2,2D,Topázio,9.074561111000001,10.0,10.0,9.722222222,8.502,7.51,9.0625,8.113333333,10.0,10.0,,Fase 2 (5° e 6° ano),2.0,0,Em fase,,,
RA-1464,Aluno-1464,2024,13,Feminino,2024,0.0,Pública,2D,2,2D,Ametista,7.288424359,5.0,6.25,7.794871795,8.002,7.51,9.0625,7.61,4.0,8.5,,Fase 3 (7° e 8° ano),3.0,-1,Moderada,,,
RA-1465,Aluno-1465,2024,12,Masculino,2024,0.0,Pública,2D,2,2D,Ametista,7.3344666666,5.0,5.75,8.75,7.418,7.51,8.75,7.833333333,5.0,6.5,,Fase 3 (7° e 8° ano),3.0,-1,Moderada,,,
RA-1466,Aluno-1466,2024,12,Masculino,2024,0.0,Pública,2D,2,2D,Topázio,8.213723809600001,10.0,7.5,7.380952381,10.002,7.51,8.75,8.056666667,7.0,8.0,,Fase 2 (5° e 6° ano),2.0,0,Em fase,,,
RA-1467,Aluno-1467,2024,12,Masculino,2024,0.0,Pública,2D,2,2D,Topázio,8.836711278200001,10.0,9.25,9.022556391,9.002,7.51,8.75,8.28,9.0,9.5,,Fase 2 (5° e 6° ano),2.0,0,Em fase,,,
RA-1468,Aluno-1468,2024,12,Feminino,2024,0.0,Pública,2D,2,2D,Topázio,8.1281028822,10.0,7.0,8.972431078,8.502,7.51,8.4375,7.443333333,4.5,9.5,,Fase 2 (5° e 6° ano),2.0,0,Em fase,,,
RA-1469,Aluno-1469,2024,13,Masculino,2024,0.0,Pública,2D,2,2D,Ametista,7.459755555500001,5.0,4.75,9.4444444445,8.502,7.51,8.75,8.223333333,6.0,3.5,,Fase 3 (7° e 8° ano),3.0,-1,Moderada,,,
RA-147,Aluno-147,2022,14,Feminino,2022,0.0,Escola Pública,4,4,H,Ametista,7.541,10.0,6.1,7.7,8.3,7.5,,7.25,5.8,4.8,7.7,Fase 4 (9º ano),4.0,0,Em fase,False,False,Não atendido
RA-147,Aluno-147,2023,15,Feminino,2022,1.0,Pública,FASE 4,4,4F,Quartzo,5.5425,5.0,4.5,7.0,0.0,5.63,6.875,7.46,5.0,6.0,2.5,Fase 5 (1° EM),5.0,-1,Moderada,,,
RA-147,Aluno-147,2024,16,Feminino,2022,2.0,Pública,5F,5,5F,Ametista,7.400477922133334,5.0,6.166666666666667,9.277056277,8.334,7.51,7.5,7.386666667,6.0,2.5,10.0,Fase 6 (2° EM),6.0,-1,Moderada,,,
RA-1470,Aluno-1470,2024,12,Feminino,2024,0.0,Pública,2G,2,2G,Quartzo,5.967421532000001,5.0,5.0,6.35610766,8.002,6.26,6.875,5.4125,5.0,5.0,,Fase 3 (7° e 8° ano),3.0,-1,Moderada,,,
RA-1471,Aluno-1471,2024,13,Masculino,2024,0.0,Pública,2G,2,2G,Ametista,7.404455434800001,5.0,7.5,7.195652174,10.002,7.51,7.65625,7.2425,8.0,7.0,,Fase 3 (7° e 8° ano),3.0,-1,Moderada,,,
RA-1472,Aluno-1472,2024,11,Masculino,2022,2.0,Pública,2G,2,2G,Topázio,8.773575000000001,10.0,8.75,10.0,8.502,7.51,7.96875,8.1275,9.0,8.5,,Fase 2 (5° e 6° ano),2.0,0,Em fase,,,
RA-1473,Aluno-1473,2024,13,Masculino,2024,0.0,Pública,2G,2,2G,Ágata,6.689320600500001,5.0,5.25,8.4368530025,9.502,5.625,6.5625,6.415,6.0,4.5,,Fase 3 (7° e 8° ano),3.0,-1,Moderada,,,
RA-1474,Aluno-1474,2024,11,Feminino,2024,0.0,Pública,2H,2,2H,Ametista,7.384207505200001,10.0,7.5,7.960662526,8.002,5.625,6.71875,6.2875,7.0,8.0,,Fase 2 (5° e 6° ano),2.0,0,Em fase,,,
RA-1475,Aluno-1475,2024,10,Feminino,2024,0.0,Pública,2I,2,2I,Ametista,7.413901754400001,10.0,5.0,8.070175439,9.002,7.51,7.5,6.993333333,7.0,3.0,,Fase 2 (5° e 6° ano),2.0,0,Em fase,,,
RA-1476,Aluno-1476,2024,11,Feminino,2024,0.0,Pública,2K,2,2K,Topázio,8.80795,10.0,8.5,10.0,9.502,5.635,8.4375,8.7525,8.0,9.0,,Fase 2 (5° e 6° ano),2.0,0,Em fase,,,
RA-1477,Aluno-1477,2024,11,Masculino,2024,0.0,Pública,2K,2,2K,Ametista,7.0514989130000005,10.0,5.0,8.010869565,8.002,7.51,6.40625,6.2875,5.0,5.0,,Fase 2 (5° e 6° ano),2.0,0,Em fase,,,
RA-1478,Aluno-1478,2024,11,Masculino,2024,0.0,Pública,2K,2,2K,Ágata,6.7210333334,10.0,4.25,6.666666667,8.002,6.255,6.875,7.1225,4.0,4.5,,Fase 2 (5° e 6° ano),2.0,0,Em fase,,,
RA-1479,Aluno-1479,2024,12,Masculino,2024,0.0,Pública,2K,2,2K,Ágata,6.615766239300001,10.0,4.25,6.1965811965,8.502,7.51,7.1875,6.0325,4.0,4.5,,Fase 2 (5° e 6° ano),2.0,0,Em fase,,,
RA-148,Aluno-148,2022,14,Masculino,2022,0.0,Escola Pública,4,4,H,Ametista,7.894,10.0,5.3,7.9,9.2,10.0,,7.708,4.7,6.3,5.0,Fase 4 (9º ano),4.0,0,Em fase,True,False,Sem limitações
RA-1480,Aluno-1480,2024,12,Masculino,2024,0.0,Pública,2K,2,2K,Ametista,7.09445,5.0,5.5,8.875,8.502,7.51,7.1875,6.9975,,5.5,,Fase 3 (7° e 8° ano),3.0,-1,Moderada,,,
RA-1481,Aluno-1481,2024,12,Feminino,2024,0.0,Pública,2K,2,2K,Ágata,6.860721739100001,5.0,4.75,8.782608695499999,8.502,7.51,6.875,6.8275,4.0,5.5,,Fase 3 (7° e 8° ano),3.0,-1,Moderada,,,
RA-1482,Aluno-1482,2024,14,Masculino,2024,0.0,Pública,2K,2,2K,Quartzo,5.2257,5.0,0.0,5.0,8.502,7.51,7.5,6.8725,0.0,0.0,,Fase 3 (7° e 8° ano),3.0,-1,Moderada,,,
RA-1483,Aluno-1483,2024,11,Masculino,2024,0.0,Pública,2K,2,2K,Ametista,7.311433695700001,10.0,6.5,7.913043478500001,9.502,7.51,5.78125,5.7475,6.0,7.0,,Fase 2 (5° e 6° ano),2.0,0,Em fase,,,
RA-1484,Aluno-1484,2024,14,Feminino,2024,0.0,Pública,2L,2,2L,Ametista,7.754200000000001,5.0,7.0,10.0,9.002,6.26,7.5,7.89,5.0,9.0,,Fase 3 (7° e 8° ano),3.0,-1,Moderada,,,
RA-1485,Aluno-1485,2024,13,Masculino,2024,0.0,Pública,2L,2,2L,Ágata,6.7386875776999995,5.0,5.0,7.7432712215,9.002,5.625,7.5,7.386666667,5.0,5.0,,Fase 3 (7° e 8° ano),3.0,-1,Moderada,,,
RA-1486,Aluno-1486,2024,11,Masculino,2024,0.0,Pública,2L,2,2L,Ágata,6.865474509900001,10.0,5.75,5.431372549,8.002,6.26,7.916666667,7.056666667,6.0,5.5,,Fase 2 (5° e 6° ano),2.0,0,Em fase,,,
RA-1487,Aluno-1487,2024,13,Feminino,2024,0.0,Pública,2L,2,2L,Topázio,8.0267434782,5.0,8.25,9.5652173915,10.002,6.26,7.708333333,7.833333333,7.0,9.5,,Fase 3 (7° e 8° ano),3.0,-1,Moderada,,,
RA-1488,Aluno-1488,2024,11,Feminino,2024,0.0,Pública,2L,2,2L,Ágata,6.7668935818000016,10.0,3.5,7.111801242,8.002,7.51,7.5,6.716666667,7.0,0.0,,Fase 2 (5° e 6° ano),2.0,0,Em fase,,,
RA-1489,Aluno-1489,2024,12,Masculino,2024,0.0,Pública,2L,2,2L,Quartzo,5.9842289855000015,5.0,5.0,5.793478261000001,9.002,6.26,6.666666667,5.663333333,5.0,5.0,,Fase 3 (7° e 8° ano),3.0,-1,Moderada,,,
RA-149,Aluno-149,2022,15,Feminino,2022,0.0,Escola Pública,4,4,H,Ágata,6.323,5.0,5.0,6.5,9.2,7.5,,6.125,4.0,6.0,,Fase 5 (1º EM),5.0,-1,Moderada,False,False,Não atendido
RA-149,Aluno-149,2023,16,Feminino,2022,1.0,Pública,FASE 4,4,4C,Quartzo,5.622266667,5.0,4.7,4.2,8.8,2.52,7.5,7.2925,5.7,3.5,5.0,Fase 6 (2° EM),6.0,-2,Moderada,,,
RA-149,Aluno-149,2024,17,Feminino,2022,2.0,Pública,5D,5,5D,Quartzo,5.7316173854,5.0,3.8333333333333335,4.104378593666667,9.585,6.26,7.34375,6.626,0.0,6.5,5.0,Fase 7 (3° EM),7.0,-2,Moderada,,,
RA-1490,Aluno-1490,2024,12,Feminino,2024,0.0,Privada,2L,2,2L,Ametista,7.3725768116,5.0,7.75,9.5652173915,8.502,6.26,6.666666667,6.333333333,8.0,7.5,,Fase 3 (7° e 8° ano),3.0,-1,Moderada,,,
RA-1491,Aluno-1491,2024,12,Masculino,2024,0.0,Pública,2L,2,2L,Ametista,7.5072,10.0,6.5,6.25,9.002,7.51,7.5,7.78,6.0,7.0,,Fase 2 (5° e 6° ano),2.0,0,Em fase,,,
RA-1492,Aluno-1492,2024,9,Masculino,2024,0.0,Pública,2L,2,2L,Topázio,8.479020512900002,10.0,8.0,8.8141025645,8.002,7.51,8.75,8.45,6.0,10.0,,Fase 1 (3° e 4° ano),1.0,1,Em fase,,,
RA-1493,Aluno-1493,2024,12,Masculino,2024,0.0,Pública,2M,2,2M,Ágata,6.378661323900001,5.0,4.0,7.8468899525,8.502,7.51,7.1875,5.946666667,3.5,4.5,,Fase 3 (7° e 8° ano),3.0,-1,Moderada,,,
RA-1494,Aluno-1494,2024,11,Feminino,2024,0.0,Pública,2M,2,2M,Quartzo,5.8748823529,10.0,4.25,6.7794117645,0.0,7.51,7.5,5.84,8.5,0.0,,Fase 2 (5° e 6° ano),2.0,0,Em fase,,,
RA-1495,Aluno-1495,2024,11,Feminino,2021,3.0,Pública,2M,2,2M,Topázio,8.4845030302,10.0,8.25,8.318181818,9.002,7.51,8.75,8.223333333,8.5,8.0,,Fase 2 (5° e 6° ano),2.0,0,Em fase,,,
RA-1496,Aluno-1496,2024,12,Feminino,2024,0.0,Pública,2M,2,2M,Ágata,6.7799738095,10.0,4.25,5.714285714500001,9.002,7.51,7.8125,6.773333333,2.5,6.0,,Fase 2 (5° e 6° ano),2.0,0,Em fase,,,
RA-1497,Aluno-1497,2024,12,Feminino,2024,0.0,Pública,2M,2,2M,Quartzo,5.2423787879,10.0,2.0,5.0227272725,0.0,7.51,6.875,6.996666667,4.0,0.0,,Fase 2 (5° e 6° ano),2.0,0,Em fase,,,
RA-1498,Aluno-1498,2024,13,Feminino,2024,0.0,Pública,2M,2,2M,Ametista,7.147881818200001,5.0,7.0,7.840909091,8.502,7.51,8.125,6.33,5.0,9.0,,Fase 3 (7° e 8° ano),3.0,-1,Moderada,,,
RA-1499,Aluno-1499,2024,12,Feminino,2024,0.0,Pública,2N,2,2N,Ametista,7.914800000000001,10.0,6.5,9.25,8.418,6.885,8.125,7.11,6.0,7.0,,Fase 2 (5° e 6° ano),2.0,0,Em fase,,,
RA-15,Aluno-15,2022,18,Masculino,2022,0.0,Escola Pública,7,7,D,Ametista,7.783,5.0,7.3,10.0,8.8,7.5,,7.292,8.0,6.5,,Fase 8 (Universitários),8.0,-1,Moderada,True,False,Não atendido
RA-150,Aluno-150,2022,16,Feminino,2020,2.0,Escola Pública,4,4,H,Ágata,6.962,5.0,6.9,6.3,9.6,6.9,,7.333,5.3,6.7,8.6,Fase 6 (2º EM),6.0,-2,Moderada,True,False,Sem limitações
RA-1500,Aluno-1500,2024,11,Masculino,2024,0.0,Pública,2N,2,2N,Ametista,7.360450000100002,10.0,3.5,8.3333333335,9.502,6.885,8.4375,7.556666667,2.0,5.0,,Fase 2 (5° e 6° ano),2.0,0,Em fase,,,
RA-1501,Aluno-1501,2024,11,Feminino,2024,0.0,Pública,2N,2,2N,Topázio,8.04495,10.0,5.0,10.0,9.502,7.51,8.4375,7.5,4.5,5.5,,Fase 2 (5° e 6° ano),2.0,0,Em fase,,,
RA-1502,Aluno-1502,2024,12,Feminino,2024,0.0,Pública,2N,2,2N,Ágata,6.886091025600001,5.0,5.25,7.628205128,8.002,7.51,7.8125,7.39,3.5,7.0,,Fase 3 (7° e 8° ano),3.0,-1,Moderada,,,
RA-1503,Aluno-1503,2024,13,Feminino,2024,0.0,Pública,2P,2,2P,Ágata,6.991699999900001,5.0,2.75,10.0,7.502,7.51,8.958333333,7.723333333,3.0,2.5,,Fase 3 (7° e 8° ano),3.0,-1,Moderada,,,
RA-1504,Aluno-1504,2024,12,Feminino,2024,0.0,Pública,2P,2,2P,Ágata,6.057060605999999,5.0,6.75,4.6136363634999995,7.5,5.63,5.833333333,6.94,5.0,8.5,,Fase 3 (7° e 8° ano),3.0,-1,Moderada,,,
RA-1505,Aluno-1505,2024,13,Masculino,2024,0.0,Pública,2P,2,2P,Ágata,6.7199171717,5.0,3.75,7.5252525255,9.502,7.51,8.75,6.943333333,3.0,4.5,,Fase 3 (7° e 8° ano),3.0,-1,Moderada,,,
RA-1506,Aluno-1506,2024,11,Feminino,2024,0.0,Pública,2R,2,2R,Ametista,7.151855844200001,10.0,3.5,8.3874458875,8.002,7.51,6.458333333,7.886666667,0.0,7.0,,Fase 2 (5° e 6° ano),2.0,0,Em fase,,,
RA-1507,Aluno-1507,2024,12,Masculino,2024,0.0,Pública,2R,2,2R,Quartzo,5.046077056300001,5.0,5.0,4.448051948,6.918,7.51,4.583333333,3.776666667,5.0,5.0,,Fase 3 (7° e 8° ano),3.0,-1,Moderada,,,
RA-1508,Aluno-1508,2024,10,Feminino,2024,0.0,Pública,2R,2,2R,Topázio,8.1804207793,10.0,9.25,7.2294372295,7.502,7.51,7.5,8.166666667,10.0,8.5,,Fase 2 (5° e 6° ano),2.0,0,Em fase,,,
RA-1509,Aluno-1509,2024,11,Masculino,2024,0.0,Pública,2R,2,2R,Ametista,7.560230303200001,10.0,7.5,6.5151515155,8.502,7.51,6.666666667,7.446666667,7.0,8.0,,Fase 2 (5° e 6° ano),2.0,0,Em fase,,,
RA-151,Aluno-151,2022,16,Feminino,2020,2.0,Escola Pública,4,4,H,Ametista,7.563,5.0,8.3,7.5,8.8,6.9,,7.958,7.3,8.0,9.5,Fase 6 (2º EM),6.0,-2,Moderada,True,False,Sem limitações
RA-151,Aluno-151,2023,17,Feminino,2020,3.0,Pública,FASE 5,5,5C,Ágata,6.892541667,5.0,7.9,7.8,0.0,7.52,8.59375,8.1725,6.8,7.0,10.0,Fase 7 (3° EM),7.0,-2,Moderada,,,
RA-1510,Aluno-1510,2024,11,Feminino,2024,0.0,Pública,2R,2,2R,Topázio,9.464745454400001,10.0,10.0,9.7727272725,10.002,7.51,9.583333333,9.003333333,10.0,10.0,,Fase 2 (5° e 6° ano),2.0,0,Em fase,,,
RA-1511,Aluno-1511,2024,11,Feminino,2024,0.0,Pública,2U,2,2U,Topázio,8.9217077641,10.0,8.75,9.3271221535,10.002,7.51,8.4375,8.556666667,8.0,9.5,,Fase 2 (5° e 6° ano),2.0,0,Em fase,,,
RA-1512,Aluno-1512,2024,10,Feminino,2024,0.0,Pública,2U,2,2U,Topázio,8.10445,10.0,5.5,10.0,9.502,7.51,7.8125,7.61,7.0,4.0,,Fase 2 (5° e 6° ano),2.0,0,Em fase,,,
RA-1513,Aluno-1513,2024,12,Feminino,2024,0.0,Pública,2U,2,2U,Ágata,6.5509171717,5.0,3.75,7.5252525255,8.502,7.51,7.5,7.223333333,4.0,3.5,,Fase 3 (7° e 8° ano),3.0,-1,Moderada,,,
RA-1514,Aluno-1514,2024,12,Feminino,2024,0.0,Pública,2U,2,2U,Ametista,7.520576262600001,10.0,5.5,7.979797980000001,9.002,7.51,7.1875,7.273333333,5.0,6.0,,Fase 2 (5° e 6° ano),2.0,0,Em fase,,,
RA-1515,Aluno-1515,2024,12,Feminino,2024,0.0,Pública,2U,2,2U,Quartzo,5.832133333300001,5.0,3.5,6.6666666665,6.418,6.255,6.875,6.72,6.0,1.0,,Fase 3 (7° e 8° ano),3.0,-1,Moderada,,,
RA-1516,Aluno-1516,2024,13,Feminino,2024,0.0,Privada,3A,3,3A,Ametista,7.217066033133334,10.0,4.666666666666667,5.404288499000001,9.585,9.38,7.96875,7.5475,0.0,5.0,9.0,Fase 3 (7° e 8° ano),3.0,3,Em fase,,,
RA-1517,Aluno-1517,2024,15,Masculino,2024,0.0,Pública,3A,3,3A,Ágata,6.240744444466667,5.0,4.666666666666667,4.305555555666667,9.168,9.38,7.5,6.7075,5.0,4.5,4.5,Fase 4 (9° ano),4.0,-1,Moderada,,,
RA-1518,Aluno-1518,2024,15,Feminino,2022,2.0,Pública,3A,3,3A,Quartzo,5.721382142866666,5.0,1.75,5.714285714333333,7.084,9.38,7.65625,6.5825,0.0,3.5,,Fase 4 (9° ano),4.0,-1,Moderada,,,
RA-1519,Aluno-1519,2024,15,Masculino,2024,0.0,,3A,3,3A,Ametista,7.210222117800001,10.0,4.833333333333333,5.560902255666666,9.585,8.755,7.96875,7.5025,0.0,6.5,8.0,Fase 3 (7° e 8° ano),3.0,3,Em fase,,,
RA-152,Aluno-152,2022,16,Feminino,2022,0.0,Escola Pública,4,4,L,Ágata,6.712,5.0,6.5,7.0,8.3,7.5,,6.292,4.0,7.0,8.5,Fase 6 (2º EM),6.0,-2,Moderada,False,False,Não atendido
RA-152,Aluno-152,2023,16,Feminino,2022,1.0,Pública,FASE 4,4,4M,Ágata,6.30695,5.0,4.5,7.7,7.9,2.52,7.8125,7.71,4.0,5.0,4.5,Fase 6 (2° EM),6.0,-2,Moderada,,,
RA-152,Aluno-152,2024,17,Feminino,2022,2.0,Pública,5L,5,5L,Ágata,6.5837938596,5.0,5.166666666666667,7.337719298333333,7.5,5.63,7.8125,7.443333333,0.0,7.5,8.0,Fase 7 (3° EM),7.0,-2,Moderada,,,
RA-1520,Aluno-1520,2024,14,Feminino,2024,0.0,Pública,3B,3,3B,Ametista,7.0026462121333335,5.0,3.75,9.060606060666666,8.334,8.75,7.65625,7.3325,4.0,3.5,,Fase 4 (9° ano),4.0,-1,Moderada,,,
RA-1521,Aluno-1521,2024,14,Feminino,2024,0.0,Pública,3B,3,3B,Quartzo,5.065788844333333,5.0,3.1666666666666665,6.157902555,7.5,2.51,6.09375,5.4525,2.0,5.5,2.0,Fase 4 (9° ano),4.0,-1,Moderada,,,
RA-1522,Aluno-1522,2024,13,Masculino,2024,0.0,Pública,3B,3,3B,Topázio,8.3261,10.0,7.0,10.0,8.751,9.38,6.875,7.1275,10.0,4.0,,Fase 3 (7° e 8° ano),3.0,0,Em fase,,,
RA-1523,Aluno-1523,2024,11,Masculino,2024,0.0,Pública,3B,3,3B,Topázio,8.67371279,10.0,8.166666666666666,9.283272283333334,6.666,8.755,8.90625,8.755,8.0,6.5,10.0,Fase 2 (5° e 6° ano),2.0,1,Em fase,,,
RA-1524,Aluno-1524,2024,14,Feminino,2024,0.0,Pública,3B,3,3B,Quartzo,5.5473805555333335,5.0,4.0,2.777777777666667,7.917,7.51,7.65625,6.9175,4.0,,,Fase 4 (9° ano),4.0,-1,Moderada,,,
RA-1525,Aluno-1525,2024,13,Masculino,2024,0.0,Pública,3C,3,3C,Ametista,7.778263492033334,10.0,7.0,8.293650793666666,7.917,5.63,8.541666667,7.553333333,6.5,5.5,9.0,Fase 3 (7° e 8° ano),3.0,0,Em fase,,,
RA-1526,Aluno-1526,2024,13,Feminino,2024,0.0,Pública,3D,3,3D,Ametista,7.9798,10.0,3.75,10.0,9.168,8.75,8.125,8.1275,2.0,5.5,,Fase 3 (7° e 8° ano),3.0,0,Em fase,,,
RA-1527,Aluno-1527,2024,13,Masculino,2024,0.0,Pública,3D,3,3D,Topázio,8.631675000000001,10.0,8.0,10.0,9.168,7.51,7.96875,7.835,9.0,7.0,,Fase 3 (7° e 8° ano),3.0,0,Em fase,,,
RA-1528,Aluno-1528,2024,13,Masculino,2024,0.0,Pública,3D,3,3D,Ametista,7.622584090933335,10.0,5.666666666666667,7.787878788,9.168,7.51,7.96875,7.335,3.0,6.0,8.0,Fase 3 (7° e 8° ano),3.0,0,Em fase,,,
RA-1529,Aluno-1529,2024,14,Feminino,2024,0.0,Pública,3F,3,3F,Ágata,6.710079487200001,5.0,5.5,7.435897436,6.666,7.51,8.125,6.964,6.0,5.5,5.0,Fase 4 (9° ano),4.0,-1,Moderada,,,
RA-153,Aluno-153,2022,14,Feminino,2018,4.0,Rede Decisão,4,4,L,Ametista,7.535,10.0,6.6,8.2,7.9,5.0,,7.708,3.3,7.7,8.8,Fase 4 (9º ano),4.0,0,Em fase,False,False,Requer avaliação
RA-153,Aluno-153,2023,15,Feminino,2018,5.0,Privada - Programa de Apadrinhamento,FASE 5,5,5M,Ametista,7.289966667,10.0,6.4,7.4,9.2,2.52,8.125,7.71,6.0,5.3,8.0,Fase 5 (1° EM),5.0,0,Em fase,,,
RA-153,Aluno-153,2024,16,Feminino,2021,3.0,Privada - Programa de Apadrinhamento,7E,7,7E,Quartzo,4.78185,10.0,0.0,0.0,8.751,6.5675,7.5,7.5,0.0,0.0,0.0,Fase 5 (1° EM),5.0,2,Em fase,,,
RA-1530,Aluno-1530,2024,13,Masculino,2024,0.0,Pública,3F,3,3F,Quartzo,4.6391535714200005,10.0,2.8333333333333335,2.5238095237666665,0.0,8.13,7.03125,5.258,1.5,7.0,0.0,Fase 3 (7° e 8° ano),3.0,0,Em fase,,,
RA-1531,Aluno-1531,2024,14,Masculino,2024,0.0,Pública,3F,3,3F,Ametista,7.0491790134,5.0,5.833333333333333,7.9726867336666665,8.751,7.505,7.34375,7.14,4.5,8.0,5.0,Fase 4 (9° ano),4.0,-1,Moderada,,,
RA-1532,Aluno-1532,2024,15,Masculino,2024,0.0,Pública,3H,3,3H,Quartzo,4.548544781066667,5.0,2.0,3.9057239053333332,0.0,7.51,7.5,6.832,0.0,6.0,0.0,Fase 4 (9° ano),4.0,-1,Moderada,,,
RA-1533,Aluno-1533,2024,14,Feminino,2024,0.0,Pública,3I,3,3I,Topázio,9.089828985533336,10.0,9.5,9.710144927666667,9.168,8.135,8.5,8.3375,10.0,8.5,10.0,Fase 3 (7° e 8° ano),3.0,0,Em fase,,,
RA-1534,Aluno-1534,2024,13,Feminino,2024,0.0,Pública,3I,3,3I,Ametista,7.188366666666667,10.0,1.1666666666666667,9.666666666666666,7.917,8.135,8.0,8.0825,2.0,1.5,0.0,Fase 3 (7° e 8° ano),3.0,0,Em fase,,,
RA-1535,Aluno-1535,2024,13,Feminino,2024,0.0,Pública,3I,3,3I,Ametista,7.109390969933334,10.0,5.833333333333333,5.103121516333333,8.751,7.51,7.125,7.9175,7.5,5.5,4.5,Fase 3 (7° e 8° ano),3.0,0,Em fase,,,
RA-1536,Aluno-1536,2024,15,Feminino,2024,0.0,Pública,3I,3,3I,Ametista,7.653744444466668,5.0,7.0,8.722222222333334,9.168,8.135,7.875,7.4575,10.0,3.5,7.5,Fase 4 (9° ano),4.0,-1,Moderada,,,
RA-1537,Aluno-1537,2024,14,Feminino,2024,0.0,Pública,3I,3,3I,Topázio,8.176263231333333,5.0,8.666666666666666,8.33064949,9.168,8.135,8.125,8.67,10.0,6.0,10.0,Fase 4 (9° ano),4.0,-1,Moderada,,,
RA-1538,Aluno-1538,2024,13,Masculino,2021,3.0,Pública,3K,3,3K,Ametista,7.9631703704333345,10.0,7.166666666666667,7.935185184999999,9.168,8.13,7.916666667,7.106666667,7.5,6.0,8.0,Fase 2 (5° e 6° ano),2.0,1,Em fase,,,
RA-1539,Aluno-1539,2024,13,Feminino,2024,0.0,Pública,3K,3,3K,Ametista,7.709588888900001,10.0,6.833333333333333,9.027777777666666,6.667,6.885,7.708333333,7.056666667,6.0,7.0,7.5,Fase 3 (7° e 8° ano),3.0,0,Em fase,,,
RA-154,Aluno-154,2022,15,Masculino,2017,5.0,Escola Pública,4,4,L,Ágata,6.073,5.0,4.0,6.1,8.3,6.3,,6.833,3.7,6.2,2.1,Fase 5 (1º EM),5.0,-1,Moderada,True,False,Sem limitações
RA-1540,Aluno-1540,2024,14,Feminino,2024,0.0,Pública,3M,3,3M,Quartzo,5.696233333333334,5.0,2.6666666666666665,5.0,8.334,7.51,7.125,6.83,2.0,2.0,4.0,Fase 4 (9° ano),4.0,-1,Moderada,,,
RA-1541,Aluno-1541,2024,13,Masculino,2024,0.0,Pública,3M,3,3M,Topázio,8.337,10.0,8.166666666666666,8.633333333333333,9.168,6.88,8.25,7.736,9.0,7.0,8.5,Fase 3 (7° e 8° ano),3.0,0,Em fase,,,
RA-1542,Aluno-1542,2024,16,Feminino,2024,0.0,Pública,3M,3,3M,Ágata,6.0886079922,5.0,3.1666666666666665,6.304873294333333,7.501,8.135,7.375,6.966,1.0,3.5,5.0,Fase 5 (1° EM),5.0,-2,Moderada,,,
RA-1543,Aluno-1543,2024,14,Masculino,2024,0.0,Pública,3M,3,3M,Ágata,6.754584615400001,5.0,5.0,8.076923077,7.5,7.51,7.25,7.066,6.0,4.0,,Fase 4 (9° ano),4.0,-1,Moderada,,,
RA-1544,Aluno-1544,2024,14,Feminino,2024,0.0,Pública,3M,3,3M,Ágata,6.905568627466667,5.0,5.833333333333333,8.674509804,8.334,6.885,6.625,6.598,5.5,5.5,6.5,Fase 4 (9° ano),4.0,-1,Moderada,,,
RA-1545,Aluno-1545,2024,12,Feminino,2024,0.0,Pública,3N,3,3N,Ametista,7.296598575533334,10.0,8.166666666666666,6.210826211,7.501,8.13,6.25,6.165,8.0,6.5,10.0,Fase 3 (7° e 8° ano),3.0,0,Em fase,,,
RA-1546,Aluno-1546,2024,14,Masculino,2024,0.0,Pública,3N,3,3N,Ágata,6.900662108266667,10.0,4.666666666666667,6.374643874666667,8.334,8.75,7.5,6.17,5.0,3.0,6.0,Fase 3 (7° e 8° ano),3.0,0,Em fase,,,
RA-1547,Aluno-1547,2024,14,Feminino,2024,0.0,Pública,3N,3,3N,Ágata,6.748480626800001,5.0,6.666666666666667,6.467236467333334,7.917,8.13,7.5,6.335,9.5,6.0,4.5,Fase 4 (9° ano),4.0,-1,Moderada,,,
RA-1548,Aluno-1548,2024,13,Feminino,2024,0.0,Pública,3N,3,3N,Ágata,6.482499715066667,10.0,4.833333333333333,5.2421652420000004,8.334,7.51,7.5,5.665,9.0,4.5,1.0,Fase 3 (7° e 8° ano),3.0,0,Em fase,,,
RA-1549,Aluno-1549,2024,15,Masculino,2024,0.0,Pública,3N,3,3N,Ágata,6.514862200466668,5.0,4.166666666666667,7.441394335666668,9.585,7.51,7.1875,6.325,5.5,3.0,4.0,Fase 5 (1° EM),5.0,-2,Moderada,,,
RA-155,Aluno-155,2022,16,Masculino,2022,0.0,Escola Pública,4,4,L,Ametista,7.051,5.0,5.2,8.3,10.0,7.5,,6.833,4.3,6.8,4.3,Fase 6 (2º EM),6.0,-2,Moderada,True,False,Não atendido
RA-155,Aluno-155,2023,17,Masculino,2022,1.0,Pública,FASE 5,5,5L,Ágata,6.318991667,5.0,4.4,8.1,7.9,5.0,7.03125,6.5875,5.3,2.8,5.2,Fase 7 (3° EM),7.0,-2,Moderada,,,
RA-155,Aluno-155,2024,18,Masculino,2022,2.0,Privada *Parcerias com Bolsa 100%,8F,8,8F,,,10.0,,0.0,,,,,,,,Fase 8 (Universitários),8.0,0,Em fase,,,
RA-1550,Aluno-1550,2024,15,Masculino,2024,0.0,Pública,3P,3,3P,Ágata,6.064236111066667,5.0,4.333333333333333,5.222222222,9.585,7.51,7.03125,6.2025,5.0,3.0,5.0,Fase 4 (9° ano),4.0,-1,Moderada,,,
RA-1551,Aluno-1551,2024,15,Masculino,2024,0.0,Pública,3P,3,3P,Quartzo,5.9717087542,5.0,3.5,4.7710437709999995,9.585,7.51,7.5,6.79,1.0,5.5,4.0,Fase 5 (1° EM),5.0,-2,Moderada,,,
RA-1552,Aluno-1552,2024,13,Masculino,2024,0.0,Pública,3P,3,3P,Ametista,7.443301282066667,10.0,3.1666666666666665,9.743589743666666,9.585,7.51,7.1875,7.165,1.0,4.5,4.0,Fase 3 (7° e 8° ano),3.0,0,Em fase,,,
RA-1553,Aluno-1553,2024,13,Masculino,2024,0.0,Pública,3R,3,3R,Ametista,7.641184313700001,10.0,4.333333333333333,9.003921568666668,8.334,7.51,8.333333333,7.78,6.0,5.0,2.0,Fase 3 (7° e 8° ano),3.0,0,Em fase,,,
RA-1554,Aluno-1554,2024,15,Masculino,2024,0.0,Pública,3R,3,3R,Ágata,6.941692592633334,5.0,4.0,9.629629629666667,6.666,8.76,7.291666667,7.22,3.0,,5.0,Fase 5 (1° EM),5.0,-2,Moderada,,,
RA-1555,Aluno-1555,2024,13,Masculino,2024,0.0,Pública,3R,3,3R,Ametista,7.4827333334,10.0,3.0,10.0,8.334,6.255,8.125,8.056666667,9.0,0.0,0.0,Fase 3 (7° e 8° ano),3.0,0,Em fase,,,
RA-1556,Aluno-1556,2024,14,Masculino,2024,0.0,Pública,3U,3,3U,Ágata,6.666811111166668,10.0,4.0,5.222222222333333,7.917,7.51,7.916666667,7.44,3.5,,4.5,Fase 3 (7° e 8° ano),3.0,0,Em fase,,,
RA-1557,Aluno-1557,2024,14,Feminino,2024,0.0,Pública,3U,3,3U,Topázio,8.228500000033334,10.0,7.0,8.916666666666666,9.585,7.51,7.916666667,7.72,6.0,,8.0,Fase 3 (7° e 8° ano),3.0,0,Em fase,,,
RA-1558,Aluno-1558,2024,16,Masculino,2024,0.0,Pública,4A,4,4A,Ametista,7.643772047733333,5.0,5.5,8.705360238666666,9.168,8.755,8.5,8.302,5.0,5.5,6.0,Fase 5 (1° EM),5.0,-1,Moderada,,,
RA-1559,Aluno-1559,2024,15,Feminino,2024,0.0,Pública,4A,4,4A,Ágata,6.330428437666668,5.0,4.666666666666667,5.2929755216666665,7.917,6.885,8.375,7.604,8.0,0.0,6.0,Fase 5 (1° EM),5.0,-1,Moderada,,,
RA-156,Aluno-156,2022,15,Masculino,2018,4.0,Escola Pública,4,4,L,Ametista,7.357,5.0,4.4,8.3,10.0,9.4,,7.792,4.7,6.5,2.1,Fase 5 (1º EM),5.0,-1,Moderada,True,False,Sem limitações
RA-1560,Aluno-1560,2024,14,Feminino,2024,0.0,Privada,4A,4,4A,Topázio,8.4721031746,10.0,8.166666666666666,9.206349206333334,9.168,5.635,8.5,8.336,6.0,8.5,10.0,Fase 3 (7° e 8° ano),3.0,1,Em fase,,,
RA-1561,Aluno-1561,2024,16,Masculino,2024,0.0,Pública,4A,4,4A,Ametista,7.9402206349333335,5.0,9.0,9.174603174666666,9.585,5.0,8.0,7.734,8.5,8.5,10.0,Fase 5 (1° EM),5.0,-1,Moderada,,,
RA-1562,Aluno-1562,2024,16,Feminino,2024,0.0,Pública,4B,4,4B,Quartzo,5.458833333333334,5.0,0.5,8.666666666666666,6.25,5.01,6.25,6.8725,0.5,,,Fase 6 (2° EM),6.0,-2,Moderada,,,
RA-1563,Aluno-1563,2024,15,Feminino,2024,0.0,Pública,4B,4,4B,Ametista,7.604211111133335,5.0,7.0,8.305555555666666,8.751,7.51,7.25,8.46,5.0,7.5,8.5,Fase 5 (1° EM),5.0,-1,Moderada,,,
RA-1564,Aluno-1564,2024,15,Masculino,2024,0.0,Pública,4B,4,4B,Quartzo,5.0761468806000005,5.0,2.1666666666666665,4.942067736333334,8.334,6.885,5.75,5.2875,1.0,3.5,2.0,Fase 5 (1° EM),5.0,-1,Moderada,,,
RA-1565,Aluno-1565,2024,16,Masculino,2024,0.0,Pública,4B,4,4B,Quartzo,5.816448179266667,5.0,5.5,8.102240896333333,0.0,7.51,6.375,6.0375,7.0,3.0,6.5,Fase 5 (1° EM),5.0,-1,Moderada,,,
RA-1566,Aluno-1566,2024,17,Feminino,2024,0.0,Pública,4B,4,4B,Ametista,7.759243871133334,5.0,6.5,9.247219355666667,9.168,7.51,7.75,8.335,3.0,8.0,8.5,Fase 6 (2° EM),6.0,-2,Moderada,,,
RA-1567,Aluno-1567,2024,16,Feminino,2024,0.0,Pública,4B,4,4B,Ametista,7.913942087533334,5.0,8.166666666666666,8.771043771,8.334,7.51,7.75,8.335,5.0,9.5,10.0,Fase 6 (2° EM),6.0,-2,Moderada,,,
RA-1568,Aluno-1568,2024,15,Feminino,2024,0.0,Pública,4B,4,4B,Ametista,7.8003261438000004,5.0,8.166666666666666,7.493464052333334,9.168,7.51,8.0,8.5025,7.5,7.5,9.5,Fase 5 (1° EM),5.0,-1,Moderada,,,
RA-1569,Aluno-1569,2024,17,Feminino,2024,0.0,Pública,4B,4,4B,Quartzo,5.7191555556,5.0,2.1666666666666665,7.111111111333334,6.666,6.26,6.875,6.9175,2.0,3.0,1.5,Fase 6 (2° EM),6.0,-2,Moderada,,,
RA-157,Aluno-157,2022,12,Feminino,2018,4.0,Rede Decisão,4,4,L,Topázio,8.317,10.0,7.7,10.0,7.5,6.3,,8.292,7.0,7.5,8.7,Fase 3 (7º e 8º ano),3.0,1,Em fase,False,False,Requer avaliação
RA-157,Aluno-157,2023,13,Feminino,2018,5.0,Privada - Programa de Apadrinhamento,FASE 5,5,5M,Ametista,7.879008333,10.0,6.8,9.9,7.1,2.52,8.59375,8.63,6.0,6.8,7.5,Fase 3 (7° e 8° ano),3.0,2,Em fase,,,
RA-157,Aluno-157,2024,14,Feminino,2021,3.0,Privada - Programa de Apadrinhamento,5N,5,5N,Topázio,8.950566666733334,10.0,9.666666666666666,10.0,8.334,6.26,8.125,8.726666667,10.0,9.0,10.0,Fase 4 (9° ano),4.0,1,Em fase,,,
RA-1570,Aluno-1570,2024,16,Feminino,2024,0.0,Pública,4B,4,4B,Ametista,7.894084175066667,5.0,8.333333333333334,7.542087542,9.585,7.51,7.75,8.6725,6.5,9.0,9.5,Fase 5 (1° EM),5.0,-1,Moderada,,,
RA-1571,Aluno-1571,2024,16,Masculino,2024,0.0,Pública,4B,4,4B,Ametista,7.2484555556,5.0,5.666666666666667,9.111111111333335,8.334,5.005,7.5,8.545,5.0,6.0,6.0,Fase 5 (1° EM),5.0,-1,Moderada,,,
RA-1572,Aluno-1572,2024,15,Feminino,2024,0.0,Pública,4C,4,4C,Topázio,8.080345634866667,5.0,7.5,9.841269841333334,9.168,7.51,7.65625,8.393333333,7.5,6.5,8.5,Fase 5 (1° EM),5.0,-1,Moderada,,,
RA-1573,Aluno-1573,2024,16,Masculino,2024,0.0,Pública,4C,4,4C,Ágata,6.743847969266667,5.0,5.0,6.120448179333334,9.168,6.26,7.65625,8.556666667,0.0,6.0,9.0,Fase 5 (1° EM),5.0,-1,Moderada,,,
RA-1574,Aluno-1574,2024,16,Feminino,2024,0.0,Pública,4C,4,4C,Ametista,7.777244180000001,5.0,7.333333333333333,8.399470899666667,8.751,7.51,7.8125,8.616666667,7.0,6.0,9.0,Fase 5 (1° EM),5.0,-1,Moderada,,,
RA-1575,Aluno-1575,2024,16,Feminino,2024,0.0,Pública,4C,4,4C,Ametista,7.318459391466667,5.0,5.333333333333333,8.624338624,9.168,6.885,7.65625,8.28,0.0,7.5,8.5,Fase 5 (1° EM),5.0,-1,Moderada,,,
RA-1576,Aluno-1576,2024,16,Feminino,2024,0.0,Pública,4C,4,4C,Ametista,7.4636202380666665,5.0,6.666666666666667,9.523809523666666,8.334,5.635,6.40625,8.44,7.5,4.5,8.0,Fase 5 (1° EM),5.0,-1,Moderada,,,
RA-1577,Aluno-1577,2024,16,Masculino,2024,0.0,Pública,4C,4,4C,Ágata,6.305585581933334,5.0,4.333333333333333,4.993386243333333,10.002,7.51,7.34375,7.273333333,4.0,7.0,2.0,Fase 5 (1° EM),5.0,-1,Moderada,,,
RA-1578,Aluno-1578,2024,13,Feminino,2024,0.0,Pública,4F,4,4F,Ametista,7.880605848,10.0,7.333333333333333,6.761695906666667,8.334,7.51,7.5,8.636,6.0,6.0,10.0,Fase 3 (7° e 8° ano),3.0,1,Em fase,,,
RA-1579,Aluno-1579,2024,16,Feminino,2022,2.0,Pública,4F,4,4F,Ametista,7.894385710733333,5.0,7.166666666666667,9.090261886999999,8.751,5.635,8.5,9.272,7.5,6.0,8.0,Fase 6 (2° EM),6.0,-2,Moderada,,,
RA-158,Aluno-158,2022,17,Feminino,2017,5.0,Rede Decisão,4,4,L,Ametista,7.302,2.5,6.6,9.8,7.9,5.6,,8.125,5.0,6.7,8.1,Fase 7 (3º EM),7.0,-3,Severa,False,False,Requer avaliação
RA-158,Aluno-158,2023,14,Feminino,2017,6.0,Privada - Programa de Apadrinhamento,FASE 5,5,5M,Ametista,7.297425,10.0,6.0,9.0,7.1,2.52,8.28125,7.545,6.0,5.7,6.3,Fase 4 (9° ano),4.0,1,Em fase,,,
RA-158,Aluno-158,2024,15,Feminino,2021,3.0,Privada - Programa de Apadrinhamento,5M,5,5M,Ágata,6.855159259266667,10.0,4.0,7.796296296333334,8.334,6.26,6.875,6.745,2.5,1.5,8.0,Fase 5 (1° EM),5.0,0,Em fase,,,
RA-1580,Aluno-1580,2024,16,Masculino,2024,0.0,Pública,4F,4,4F,Ametista,7.790523996266667,5.0,6.166666666666667,9.049953314666666,8.751,7.51,7.875,9.168,5.0,7.5,6.0,Fase 5 (1° EM),5.0,-1,Moderada,,,
RA-1581,Aluno-1581,2024,16,Masculino,2024,0.0,Pública,4H,4,4H,Ágata,6.9787022855,5.0,6.333333333333333,7.834844760666667,8.334,6.26,7.083333333,7.386666667,7.0,4.5,7.5,Fase 5 (1° EM),5.0,-1,Moderada,,,
RA-1582,Aluno-1582,2024,15,Masculino,2024,0.0,Pública,4H,4,4H,Ágata,6.472788888966667,5.0,4.5,8.069444444333334,8.334,6.255,6.666666667,6.666666667,7.0,2.0,4.5,Fase 5 (1° EM),5.0,-1,Moderada,,,
RA-1583,Aluno-1583,2024,15,Feminino,2024,0.0,Pública,4H,4,4H,Ametista,7.8197579711000005,5.0,8.166666666666666,7.753623188333333,7.917,6.26,9.166666667,9.006666667,8.0,6.5,10.0,Fase 5 (1° EM),5.0,-1,Moderada,,,
RA-1584,Aluno-1584,2024,15,Feminino,2024,0.0,Pública,4L,4,4L,Ametista,7.429837830666667,5.0,5.5,9.153439153333332,8.334,7.51,7.8125,8.1675,6.0,5.5,5.0,Fase 5 (1° EM),5.0,-1,Moderada,,,
RA-1585,Aluno-1585,2024,15,Feminino,2024,0.0,Pública,4L,4,4L,Ágata,6.730367016866668,5.0,4.0,6.775210084333334,10.002,7.51,7.65625,7.7925,5.0,3.0,4.0,Fase 5 (1° EM),5.0,-1,Moderada,,,
RA-1586,Aluno-1586,2024,15,Feminino,2024,0.0,Pública,4L,4,4L,Ágata,6.555764327466668,5.0,5.666666666666667,6.128654970666666,10.002,5.01,6.875,7.54,3.5,5.5,8.0,Fase 5 (1° EM),5.0,-1,Moderada,,,
RA-1587,Aluno-1587,2024,16,Feminino,2024,0.0,Pública,4L,4,4L,Ametista,7.34055,5.0,3.75,10.0,9.168,7.51,7.8125,8.2075,7.5,0.0,,Fase 6 (2° EM),6.0,-2,Moderada,,,
RA-1588,Aluno-1588,2024,14,Feminino,2024,0.0,Pública,4L,4,4L,Ametista,7.303823728133333,10.0,4.0,8.640618640666666,7.917,7.51,7.5,7.415,3.5,4.5,,Fase 4 (9° ano),4.0,0,Em fase,,,
RA-1589,Aluno-1589,2024,15,Feminino,2024,0.0,Pública,4M,4,4M,Quartzo,5.260851851866667,5.0,2.5,6.259259259333334,0.0,7.51,7.5,7.54,3.0,2.0,,Fase 5 (1° EM),5.0,-1,Moderada,,,
RA-159,Aluno-159,2022,15,Feminino,2021,1.0,Escola Pública,4,4,L,Ágata,6.49,5.0,4.7,8.1,8.3,5.6,,6.458,4.3,5.8,3.9,Fase 5 (1º EM),5.0,-1,Moderada,False,False,Requer avaliação
RA-159,Aluno-159,2023,16,Feminino,2021,2.0,Pública,FASE 4,4,4N,Ágata,6.805033333,5.0,6.3,8.1,7.9,2.52,8.125,7.8775,5.0,6.0,7.8,Fase 6 (2° EM),6.0,-2,Moderada,,,
RA-1590,Aluno-1590,2024,15,Feminino,2024,0.0,Pública,4N,4,4N,Topázio,8.1907875086,5.0,8.666666666666666,8.267770876333332,7.917,7.51,10.0,8.806,8.5,8.0,9.5,Fase 5 (1° EM),5.0,-1,Moderada,,,
RA-1591,Aluno-1591,2024,16,Feminino,2024,0.0,Pública,4N,4,4N,Ágata,6.1707952862,5.0,3.5,6.430976431,7.083,7.51,8.125,7.064,3.0,4.5,3.0,Fase 6 (2° EM),6.0,-2,Moderada,,,
RA-1592,Aluno-1592,2024,15,Feminino,2024,0.0,Pública,4N,4,4N,Ágata,6.812545479666667,5.0,5.5,6.854727398333334,7.917,7.51,8.125,7.432,4.0,7.5,5.0,Fase 5 (1° EM),5.0,-1,Moderada,,,
RA-1593,Aluno-1593,2024,15,Masculino,2024,0.0,Pública,4N,4,4N,Ágata,6.638525017333334,5.0,6.5,4.868875086666667,6.249,6.26,9.0625,8.538,9.0,6.5,4.0,Fase 5 (1° EM),5.0,-1,Moderada,,,
RA-1594,Aluno-1594,2024,16,Masculino,2024,0.0,Pública,4N,4,4N,Quartzo,5.731267287800001,5.0,3.0,6.112836439,9.585,6.26,6.25,5.996,1.0,4.0,4.0,Fase 6 (2° EM),6.0,-2,Moderada,,,
RA-1595,Aluno-1595,2024,14,Masculino,2024,0.0,Pública,4R,4,4R,Ágata,6.6599304233000005,10.0,2.3333333333333335,7.949735449666666,8.334,6.26,7.395833333,7.021666667,3.0,0.0,4.0,Fase 4 (9° ano),4.0,0,Em fase,,,
RA-1596,Aluno-1596,2024,17,Feminino,2024,0.0,Pública,4R,4,4R,Ametista,7.261016666766667,5.0,3.3333333333333335,10.0,8.751,7.51,8.229166667,8.226666667,5.0,0.0,5.0,Fase 6 (2° EM),6.0,-2,Moderada,,,
RA-1597,Aluno-1597,2024,16,Feminino,2024,0.0,Pública,4R,4,4R,Ágata,6.7187063492,5.0,2.8333333333333335,8.412698412666666,7.5,7.51,8.125,8.28,2.0,0.0,6.5,Fase 5 (1° EM),5.0,-1,Moderada,,,
RA-1598,Aluno-1598,2024,15,Feminino,2024,0.0,Pública,5B,5,5B,Topázio,8.4656285714,10.0,7.5,8.857142857,9.585,7.51,8.375,8.236,7.5,7.5,,Fase 5 (1° EM),5.0,0,Em fase,,,
RA-1599,Aluno-1599,2024,17,Feminino,2024,0.0,Pública,5B,5,5B,Ametista,7.6059333333333345,5.0,6.5,9.666666666666666,8.334,7.51,7.75,7.566,7.0,6.0,,Fase 7 (3° EM),7.0,-2,Moderada,,,
RA-16,Aluno-16,2022,19,Masculino,2022,0.0,Escola Pública,7,7,D,Ágata,6.112,5.0,3.5,8.3,7.9,5.0,,6.333,7.0,0.0,,Fase 8 (Universitários),8.0,-1,Moderada,True,False,Requer avaliação
RA-160,Aluno-160,2022,15,Feminino,2021,1.0,Escola Pública,4,4,L,Ágata,6.746,5.0,5.3,7.2,7.5,5.6,,8.25,2.7,6.0,7.1,Fase 5 (1º EM),5.0,-1,Moderada,True,False,Requer avaliação
RA-160,Aluno-160,2023,16,Feminino,2021,2.0,Privada - Programa de Apadrinhamento,FASE 5,5,5L,Ágata,6.598266667,5.0,5.0,8.3,8.8,2.52,8.125,7.46,3.3,3.8,8.0,Fase 6 (2° EM),6.0,-1,Moderada,,,
RA-160,Aluno-160,2024,17,Feminino,2021,3.0,Privada - Programa de Apadrinhamento,5L,5,5L,Ágata,6.855108333266668,5.0,5.666666666666667,7.416666666666667,8.334,6.26,7.34375,7.723333333,3.0,5.5,8.5,Fase 6 (2° EM),6.0,-1,Moderada,,,
RA-1600,Aluno-1600,2024,17,Feminino,2024,0.0,Pública,5B,5,5B,Ágata,6.750618518533334,5.0,5.666666666666667,8.425925926,8.751,6.26,7.25,6.03,5.0,2.0,10.0,Fase 7 (3° EM),7.0,-2,Moderada,,,
RA-1601,Aluno-1601,2024,17,Feminino,2024,0.0,Pública,5C,5,5C,Ametista,7.2431,5.0,6.5,7.0,8.751,7.51,7.5,8.335,5.0,5.0,9.5,Fase 6 (2° EM),6.0,-1,Moderada,,,
RA-1602,Aluno-1602,2024,15,Feminino,2024,0.0,Pública,5C,5,5C,Topázio,8.041889814800001,10.0,7.166666666666667,8.782407407333332,7.917,7.51,7.34375,7.875,9.5,2.0,10.0,Fase 5 (1° EM),5.0,0,Em fase,,,
RA-1603,Aluno-1603,2024,16,Feminino,2024,0.0,Pública,5C,5,5C,Ametista,7.836518518466668,5.0,8.333333333333334,9.259259258999998,7.5,7.51,7.5,7.835,8.5,7.0,9.5,Fase 6 (2° EM),6.0,-1,Moderada,,,
RA-1604,Aluno-1604,2024,16,Masculino,2024,0.0,Pública,5C,5,5C,Topázio,8.0118555556,5.0,8.5,7.777777778,9.168,7.51,8.125,8.88,10.0,5.5,10.0,Fase 6 (2° EM),6.0,-1,Moderada,,,
RA-1605,Aluno-1605,2024,16,Masculino,2024,0.0,Pública,5D,5,5D,Quartzo,4.920488888866667,5.0,2.5,5.0694444443333335,0.0,7.51,7.5,7.028,0.0,7.5,0.0,Fase 6 (2° EM),6.0,-1,Moderada,,,
RA-1606,Aluno-1606,2024,17,Feminino,2024,0.0,Pública,5D,5,5D,Quartzo,5.8216796296,5.0,2.5,5.148148148,8.334,7.51,7.8125,7.132,7.5,0.0,0.0,Fase 7 (3° EM),7.0,-2,Moderada,,,
RA-1607,Aluno-1607,2024,16,Masculino,2024,0.0,Pública,5D,5,5D,Quartzo,4.899894444466667,5.0,0.0,6.222222222333333,5.833,5.635,6.5625,6.762,,0.0,0.0,Fase 6 (2° EM),6.0,-1,Moderada,,,
RA-1608,Aluno-1608,2024,15,Masculino,2024,0.0,Pública,5D,5,5D,Ametista,7.072539814866667,10.0,5.0,7.199074074333335,8.751,7.51,6.40625,6.83,8.5,3.5,3.0,Fase 5 (1° EM),5.0,0,Em fase,,,
RA-1609,Aluno-1609,2024,17,Feminino,2024,0.0,Pública,5F,5,5F,Ametista,7.577233333233334,5.0,6.0,9.666666666666666,8.334,7.51,7.708333333,7.943333333,6.0,4.0,8.0,Fase 7 (3° EM),7.0,-2,Moderada,,,
RA-161,Aluno-161,2022,11,Feminino,2018,4.0,Rede Decisão,4,4,L,Ametista,7.957,10.0,6.9,9.1,7.9,5.6,,8.083,5.3,6.8,8.5,Fase 2 (5º e 6º ano),2.0,2,Em fase,False,False,Requer avaliação
RA-161,Aluno-161,2023,14,Feminino,2018,5.0,Privada - Programa de Apadrinhamento,FASE 5,5,5M,Ágata,6.250166667,10.0,5.8,7.3,0.0,2.52,8.125,7.795,7.0,4.5,6.0,Fase 4 (9° ano),4.0,1,Em fase,,,
RA-161,Aluno-161,2024,15,Feminino,2021,3.0,Privada - Programa de Apadrinhamento,5L,5,5L,Ametista,7.258445588333334,10.0,4.0,7.965686274666666,8.751,6.26,7.96875,7.836666667,5.0,7.0,0.0,Fase 5 (1° EM),5.0,0,Em fase,,,
RA-1610,Aluno-1610,2024,17,Masculino,2024,0.0,Pública,5F,5,5F,Ágata,6.7023729275666675,5.0,5.166666666666667,7.753697970666667,9.168,7.51,7.291666667,6.106666667,4.0,2.0,9.5,Fase 7 (3° EM),7.0,-2,Moderada,,,
RA-1611,Aluno-1611,2024,17,Masculino,2024,0.0,Pública,5F,5,5F,Ágata,6.4589186218000005,5.0,4.5,8.361426442,7.083,7.51,7.5,5.886666667,2.0,2.5,9.0,Fase 7 (3° EM),7.0,-2,Moderada,,,
RA-1612,Aluno-1612,2024,18,Masculino,2024,0.0,Pública,5F,5,5F,Ametista,7.014528571366666,5.0,6.166666666666667,8.523809523666666,6.666,7.51,7.708333333,6.94,5.0,6.5,7.0,Fase 7 (3° EM),7.0,-2,Moderada,,,
RA-1613,Aluno-1613,2024,17,Feminino,2024,0.0,Pública,5G,5,5G,Ágata,6.085471428700001,5.0,3.0,7.1428571430000005,8.334,7.51,7.291666667,6.216666667,0.0,1.0,8.0,Fase 7 (3° EM),7.0,-2,Moderada,,,
RA-1614,Aluno-1614,2024,16,Masculino,2024,0.0,Pública,5L,5,5L,Ágata,6.787898989933334,5.0,6.5,6.574494949666668,7.5,7.51,7.5,7.11,5.0,5.5,9.0,Fase 6 (2° EM),6.0,-1,Moderada,,,
RA-1615,Aluno-1615,2024,15,Feminino,2024,0.0,Pública,5M,5,5M,Topázio,8.417533333333333,10.0,8.333333333333334,9.833333333333334,7.917,7.51,7.5,7.4575,8.0,7.0,10.0,Fase 5 (1° EM),5.0,0,Em fase,,,
RA-1616,Aluno-1616,2024,17,Feminino,2024,0.0,Pública,5M,5,5M,Ametista,7.147738235266668,5.0,6.166666666666667,8.436274509666667,8.334,7.51,7.1875,7.12,5.5,6.5,6.5,Fase 6 (2° EM),6.0,-1,Moderada,,,
RA-1617,Aluno-1617,2024,16,Feminino,2024,0.0,Pública,5M,5,5M,Quartzo,4.926285714266666,5.0,3.25,5.571428571333333,0.0,7.51,6.875,6.1175,0.5,6.0,,Fase 6 (2° EM),6.0,-1,Moderada,,,
RA-1618,Aluno-1618,2024,17,Masculino,2024,0.0,Pública,5M,5,5M,Ametista,7.0487660130666665,5.0,6.333333333333333,7.908496732000001,8.334,7.51,7.5,6.83,5.0,7.0,7.0,Fase 6 (2° EM),6.0,-1,Moderada,,,
RA-1619,Aluno-1619,2024,15,Masculino,2024,0.0,Pública,5M,5,5M,Ametista,7.393951851866667,10.0,4.25,9.259259259333334,7.501,7.51,7.5,7.205,4.0,4.5,,Fase 4 (9° ano),4.0,1,Em fase,,,
RA-162,Aluno-162,2022,14,Feminino,2021,1.0,Escola Pública,4,4,L,Ametista,7.215,10.0,5.5,8.5,6.7,7.5,,6.542,4.7,5.5,6.4,Fase 4 (9º ano),4.0,0,Em fase,False,False,Requer avaliação
RA-1620,Aluno-1620,2024,16,Masculino,2024,0.0,Pública,5N,5,5N,Ágata,6.652766666666667,5.0,5.166666666666667,6.666666666666667,8.751,7.51,7.5,7.05,5.5,7.0,3.0,Fase 6 (2° EM),6.0,-1,Moderada,,,
RA-1621,Aluno-1621,2024,17,Feminino,2024,0.0,Pública,5N,5,5N,Topázio,8.107033333366667,5.0,8.333333333333334,10.0,7.917,6.26,8.333333333,8.446666667,7.5,7.5,10.0,Fase 6 (2° EM),6.0,-1,Moderada,,,
RA-1622,Aluno-1622,2024,16,Feminino,2024,0.0,Pública,5N,5,5N,Topázio,8.429066666633334,5.0,9.666666666666666,10.0,8.334,7.51,8.333333333,7.89,10.0,9.0,10.0,Fase 6 (2° EM),6.0,-1,Moderada,,,
RA-1623,Aluno-1623,2024,17,Masculino,2024,0.0,Pública,6A,6,6A,Ametista,7.7609537037333345,10.0,6.0,8.518518518666667,9.168,6.26,7.8125,7.666,5.5,2.5,10.0,Fase 6 (2° EM),6.0,0,Em fase,,,
RA-1624,Aluno-1624,2024,18,Feminino,2024,0.0,Concluiu o 3º EM,6A,6,6A,Ametista,7.743213492066667,5.0,7.5,9.460317460333334,7.917,7.51,7.8125,7.636,8.0,5.5,9.0,Fase 7 (3° EM),7.0,-1,Moderada,,,
RA-1625,Aluno-1625,2024,17,Masculino,2024,0.0,Pública,6A,6,6A,Ágata,6.888194089266667,10.0,4.333333333333333,7.112887113,7.5,7.51,7.1875,6.896,3.0,2.0,8.0,Fase 6 (2° EM),6.0,0,Em fase,,,
RA-1626,Aluno-1626,2024,16,Feminino,2024,0.0,Pública,6A,6,6A,Topázio,8.541085606066668,10.0,7.333333333333333,9.696969697,8.751,7.51,8.28125,8.404,5.5,6.5,10.0,Fase 6 (2° EM),6.0,0,Em fase,,,
RA-1627,Aluno-1627,2024,17,Feminino,2024,0.0,Pública,6A,6,6A,Ametista,7.481547222200001,5.0,7.833333333333333,7.777777777666667,7.083,7.51,7.65625,8.172,6.0,7.5,10.0,Fase 7 (3° EM),7.0,-1,Moderada,,,
RA-1628,Aluno-1628,2024,16,Feminino,2024,0.0,Pública,6A,6,6A,Ametista,7.500131368600001,10.0,5.833333333333333,8.509823509666667,8.334,7.51,6.875,6.798,3.0,5.0,9.5,Fase 6 (2° EM),6.0,0,Em fase,,,
RA-1629,Aluno-1629,2024,17,Feminino,2024,0.0,Pública,6A,6,6A,Ametista,7.560550529133334,5.0,7.25,8.645502645666667,9.585,7.51,7.1875,7.266,8.75,3.0,10.0,Fase 7 (3° EM),7.0,-1,Moderada,,,
RA-163,Aluno-163,2022,15,Feminino,2021,1.0,Escola Pública,4,4,L,Ágata,6.797,5.0,6.7,7.9,8.8,5.6,,6.5,6.5,6.3,7.4,Fase 5 (1º EM),5.0,-1,Moderada,False,False,Requer avaliação
RA-1630,Aluno-1630,2024,16,Masculino,2024,0.0,Privada - Programa de Apadrinhamento,6L,6,6L,Topázio,8.583133333333334,10.0,7.333333333333333,9.833333333333334,8.334,7.51,8.25,8.702,9.0,9.0,4.0,Fase 6 (2° EM),6.0,0,Em fase,,,
RA-1631,Aluno-1631,2024,17,Masculino,2024,0.0,Privada,6L,6,6L,Topázio,8.186433333333333,5.0,7.166666666666667,10.0,9.585,7.51,8.5,8.468,5.0,6.5,10.0,Fase 7 (3° EM),7.0,-1,Moderada,,,
RA-1632,Aluno-1632,2024,16,Masculino,2024,0.0,Pública,6L,6,6L,Topázio,8.389333333333335,10.0,6.666666666666667,10.0,9.168,7.51,7.75,8.066,9.0,6.0,5.0,Fase 6 (2° EM),6.0,0,Em fase,,,
RA-1633,Aluno-1633,2024,21,Masculino,2021,3.0,Privada,8B,8,8B,,,10.0,,0.0,,,,,,,,Fase 8 (Universitários),8.0,0,Em fase,,,
RA-1634,Aluno-1634,2024,21,Feminino,2021,3.0,Privada,8B,8,8B,,,10.0,,0.0,,,,,,,,Fase 8 (Universitários),8.0,0,Em fase,,,
RA-1635,Aluno-1635,2024,20,Feminino,2021,3.0,Privada,8D,8,8D,,,10.0,,0.0,,,,,,,,Fase 8 (Universitários),8.0,0,Em fase,,,
RA-1636,Aluno-1636,2024,20,Feminino,2021,3.0,Privada,8E,8,8E,,,10.0,,0.0,,,,,,,,Fase 8 (Universitários),8.0,0,Em fase,,,
RA-1637,Aluno-1637,2024,23,Masculino,2021,3.0,Privada,9,9,9,,,10.0,,0.0,,,,,,,,Fase 8 (Universitários),8.0,1,Em fase,,,
RA-1638,Aluno-1638,2024,22,Feminino,2021,3.0,Bolsista Universitário *Formado (a),9,9,9,,,10.0,,0.0,,,,,,,,Fase 8 (Universitários),8.0,1,Em fase,,,
RA-1639,Aluno-1639,2024,21,Masculino,2021,3.0,Bolsista Universitário *Formado (a),9,9,9,,,10.0,,0.0,,,,,,,,Fase 8 (Universitários),8.0,1,Em fase,,,
RA-164,Aluno-164,2022,16,Masculino,2018,4.0,Escola Pública,4,4,L,Ágata,6.776,5.0,6.5,7.3,8.3,5.6,,7.208,4.7,6.5,8.3,Fase 6 (2º EM),6.0,-2,Moderada,True,False,Requer avaliação
RA-164,Aluno-164,2023,16,Masculino,2018,5.0,Privada,FASE 5,5,5M,Quartzo,5.638666667,5.0,5.8,8.2,0.0,2.52,6.875,6.9625,6.0,4.2,7.3,Fase 6 (2° EM),6.0,-1,Moderada,,,
RA-164,Aluno-164,2024,17,Masculino,2021,3.0,Privada,5L,5,5L,Ágata,6.837125731066667,5.0,5.666666666666667,8.084795321666666,9.585,6.26,6.25,6.886666667,6.0,2.0,9.0,Fase 7 (3° EM),7.0,-2,Moderada,,,
RA-1640,Aluno-1640,2024,23,Feminino,2021,3.0,Privada,9,9,9,,,10.0,,0.0,,,,,,,,Fase 8 (Universitários),8.0,1,Em fase,,,
RA-1641,Aluno-1641,2024,21,Masculino,2021,3.0,Privada,9,9,9,,,10.0,,0.0,,,,,,,,Fase 8 (Universitários),8.0,1,Em fase,,,
RA-1642,Aluno-1642,2024,23,Masculino,2021,3.0,Bolsista Universitário *Formado (a),9,9,9,,,10.0,,0.0,,,,,,,,Fase 8 (Universitários),8.0,1,Em fase,,,
RA-1643,Aluno-1643,2024,22,Masculino,2021,3.0,Privada,9,9,9,,,10.0,,0.0,,,,,,,,Fase 8 (Universitários),8.0,1,Em fase,,,
RA-1644,Aluno-1644,2024,21,Masculino,2021,3.0,Bolsista Universitário *Formado (a),9,9,9,,,10.0,,0.0,,,,,,,,Fase 8 (Universitários),8.0,1,Em fase,,,
RA-1645,Aluno-1645,2024,23,Masculino,2021,3.0,Privada,9,9,9,,,10.0,,0.0,,,,,,,,Fase 8 (Universitários),8.0,1,Em fase,,,
RA-1646,Aluno-1646,2024,21,Masculino,2021,3.0,Bolsista Universitário *Formado (a),9,9,9,,,10.0,,0.0,,,,,,,,Fase 8 (Universitários),8.0,1,Em fase,,,
RA-1647,Aluno-1647,2024,22,Feminino,2021,3.0,Privada,9,9,9,,,10.0,,0.0,,,,,,,,Fase 8 (Universitários),8.0,1,Em fase,,,
RA-1648,Aluno-1648,2024,22,Masculino,2021,3.0,Bolsista Universitário *Formado (a),9,9,9,,,10.0,,0.0,,,,,,,,Fase 8 (Universitários),8.0,1,Em fase,,,
RA-1649,Aluno-1649,2024,23,Masculino,2021,3.0,Privada,9,9,9,,,10.0,,0.0,,,,,,,,Fase 8 (Universitários),8.0,1,Em fase,,,
RA-165,Aluno-165,2022,14,Feminino,2017,5.0,Rede Decisão,4,4,L,Topázio,8.063,10.0,7.6,9.8,7.1,5.6,,7.5,5.3,7.8,9.7,Fase 4 (9º ano),4.0,0,Em fase,False,False,Sem limitações
RA-165,Aluno-165,2023,15,Feminino,2017,6.0,Privada - Programa de Apadrinhamento,FASE 5,5,5M,Ametista,7.583433333,10.0,7.3,9.2,6.7,2.52,8.125,7.795,7.3,6.2,8.3,Fase 5 (1° EM),5.0,0,Em fase,,,
RA-165,Aluno-165,2024,16,Feminino,2021,3.0,Privada - Programa de Apadrinhamento,5L,5,5L,Topázio,8.4627502436,10.0,8.5,9.431042884999998,7.5,7.51,7.96875,7.893333333,10.0,7.5,8.0,Fase 5 (1° EM),5.0,0,Em fase,,,
RA-1650,Aluno-1650,2024,22,Masculino,2021,3.0,Privada,9,9,9,,,10.0,,0.0,,,,,,,,Fase 8 (Universitários),8.0,1,Em fase,,,
RA-1651,Aluno-1651,2024,22,Masculino,2021,3.0,Bolsista Universitário *Formado (a),9,9,9,,,10.0,,0.0,,,,,,,,Fase 8 (Universitários),8.0,1,Em fase,,,
RA-1652,Aluno-1652,2024,22,Feminino,2021,3.0,Privada,9,9,9,,,10.0,,0.0,,,,,,,,Fase 8 (Universitários),8.0,1,Em fase,,,
RA-1653,Aluno-1653,2024,20,Masculino,2021,3.0,Bolsista Universitário *Formado (a),9,9,9,,,10.0,,0.0,,,,,,,,Fase 8 (Universitários),8.0,1,Em fase,,,
RA-1654,Aluno-1654,2024,22,Masculino,2021,3.0,Bolsista Universitário *Formado (a),9,9,9,,,10.0,,0.0,,,,,,,,Fase 8 (Universitários),8.0,1,Em fase,,,
RA-1655,Aluno-1655,2024,21,Feminino,2022,2.0,Privada,9,9,9,,,10.0,,0.0,,,,,,,,Fase 8 (Universitários),8.0,1,Em fase,,,
RA-1656,Aluno-1656,2024,22,Masculino,2021,3.0,Privada,9,9,9,,,10.0,,0.0,,,,,,,,Fase 8 (Universitários),8.0,1,Em fase,,,
RA-1657,Aluno-1657,2024,20,Masculino,2021,3.0,Bolsista Universitário *Formado (a),9,9,9,,,10.0,,0.0,,,,,,,,Fase 8 (Universitários),8.0,1,Em fase,,,
RA-1658,Aluno-1658,2024,21,Masculino,2021,3.0,Privada,9,9,9,,,10.0,,0.0,,,,,,,,Fase 8 (Universitários),8.0,1,Em fase,,,
RA-1659,Aluno-1659,2024,21,Masculino,2021,3.0,Bolsista Universitário *Formado (a),9,9,9,,,10.0,,0.0,,,,,,,,Fase 8 (Universitários),8.0,1,Em fase,,,
RA-166,Aluno-166,2022,14,Masculino,2020,2.0,Escola Pública,4,4,L,Topázio,8.253,10.0,8.1,9.0,9.2,6.3,,7.542,7.0,7.2,10.0,Fase 4 (9º ano),4.0,0,Em fase,True,False,Sem limitações
RA-166,Aluno-166,2023,15,Masculino,2020,3.0,Privada - Programa de Apadrinhamento,FASE 5,5,5L,Topázio,8.105583333,10.0,8.1,8.9,7.5,6.26,8.4375,7.4625,7.0,7.2,10.0,Fase 5 (1° EM),5.0,0,Em fase,,,
RA-166,Aluno-166,2024,16,Masculino,2021,3.0,Privada *Parcerias com Bolsa 100%,7E,7,7E,Topázio,8.243183333333334,10.0,8.266666666666667,9.246,8.334,6.5725,7.5,7.5,8.2,7.8,8.8,Fase 6 (2° EM),6.0,1,Em fase,,,
RA-1660,Aluno-1660,2024,24,Feminino,2021,3.0,Bolsista Universitário *Formado (a),9,9,9,,,10.0,,0.0,,,,,,,,Fase 8 (Universitários),8.0,1,Em fase,,,
RA-1661,Aluno-1661,2024,21,Feminino,2021,3.0,Bolsista Universitário *Formado (a),9,9,9,,,10.0,,0.0,,,,,,,,Fase 8 (Universitários),8.0,1,Em fase,,,
RA-167,Aluno-167,2022,16,Feminino,2018,4.0,Rede Decisão,4,4,P,Ametista,7.798,5.0,7.9,9.7,9.2,5.6,,7.833,9.3,8.0,6.3,Fase 6 (2º EM),6.0,-2,Moderada,False,False,Requer avaliação
RA-167,Aluno-167,2023,17,Feminino,2018,5.0,Privada - Programa de Apadrinhamento,FASE 5,5,5L,Ametista,7.806141667,5.0,7.9,9.9,8.8,5.0,7.96875,7.8375,8.3,7.2,8.3,Fase 7 (3° EM),7.0,-2,Moderada,,,
RA-167,Aluno-167,2024,18,Feminino,2021,3.0,Privada - Programa de Apadrinhamento,6L,6,6L,Topázio,8.033470175466666,5.0,8.166666666666666,9.473684210666667,8.751,6.26,8.375,8.334,8.0,6.5,10.0,Fase 7 (3° EM),7.0,-1,Moderada,,,
RA-168,Aluno-168,2022,15,Feminino,2018,4.0,Rede Decisão,4,4,P,Ágata,6.917,5.0,5.9,8.3,7.9,6.3,,7.083,4.7,8.2,5.0,Fase 5 (1º EM),5.0,-1,Moderada,False,False,Sem limitações
RA-168,Aluno-168,2023,15,Feminino,2018,5.0,Privada - Programa de Apadrinhamento,FASE 5,5,5L,Ágata,6.483083333,10.0,4.7,9.6,0.0,6.89,6.5625,6.4225,4.3,3.0,6.7,Fase 5 (1° EM),5.0,0,Em fase,,,
RA-169,Aluno-169,2022,15,Feminino,2018,4.0,Escola Pública,4,4,P,Quartzo,5.159,5.0,3.2,5.1,7.5,6.3,,4.792,1.3,4.5,3.8,Fase 5 (1º EM),5.0,-1,Moderada,False,False,Sem limitações
RA-17,Aluno-17,2022,20,Masculino,2022,0.0,Escola Pública,7,7,D,Topázio,8.068,5.0,7.8,10.0,8.8,7.5,,8.292,9.0,6.5,,Fase 8 (Universitários),8.0,-1,Moderada,True,False,Não atendido
RA-17,Aluno-17,2023,21,Masculino,2022,1.0,Privada - Pagamento por *Empresa Parceira,FASE 8,8,8E,,,10.0,,,,,,,,,,Fase 8 (Universitários),8.0,0,Em fase,,,
RA-17,Aluno-17,2024,22,Masculino,2022,2.0,Privada - Pagamento por *Empresa Parceira,8E,8,8E,,,10.0,,0.0,,,,,,,,Fase 8 (Universitários),8.0,0,Em fase,,,
RA-170,Aluno-170,2022,14,Feminino,2018,4.0,Rede Decisão,4,4,P,Ágata,7.007,10.0,4.9,9.2,8.3,5.6,,5.792,3.7,6.7,4.3,Fase 4 (9º ano),4.0,0,Em fase,False,False,Requer avaliação
RA-170,Aluno-170,2023,15,Feminino,2018,5.0,Privada - Programa de Apadrinhamento,FASE 3,3,3P,Ametista,7.062433333,5.0,7.2,8.9,8.8,2.52,6.875,7.6725,6.3,8.7,6.5,Fase 5 (1° EM),5.0,-2,Moderada,,,
RA-170,Aluno-170,2024,16,Feminino,2021,3.0,Privada - Programa de Apadrinhamento,4R,4,4R,Ametista,7.646383333300001,5.0,8.0,8.5,9.168,5.635,7.604166667,8.028333333,10.0,6.5,7.5,Fase 5 (1° EM),5.0,-1,Moderada,,,
RA-171,Aluno-171,2022,16,Masculino,2022,0.0,Escola Pública,4,4,P,Ágata,6.581,5.0,5.5,6.8,7.5,7.5,,6.875,3.0,8.0,,Fase 6 (2º EM),6.0,-2,Moderada,False,False,Sem limitações
RA-171,Aluno-171,2023,17,Masculino,2022,1.0,Pública,FASE 5,5,5L,Ágata,6.293083333,5.0,5.2,7.2,7.5,5.0,7.1875,6.755,4.5,4.8,6.2,Fase 7 (3° EM),7.0,-2,Moderada,,,
RA-171,Aluno-171,2024,18,Masculino,2022,2.0,Pública,6L,6,6L,Ametista,7.3289333333333335,5.0,8.333333333333334,7.833333333333333,7.5,5.635,7.625,7.598,7.0,8.0,10.0,Fase 7 (3° EM),7.0,-1,Moderada,,,
RA-172,Aluno-172,2022,14,Feminino,2018,4.0,Rede Decisão,4,4,P,Topázio,8.673,10.0,7.3,8.9,9.2,9.4,,8.917,6.0,7.7,8.1,Fase 4 (9º ano),4.0,0,Em fase,False,True,Sem limitações
RA-172,Aluno-172,2023,15,Feminino,2018,5.0,Privada - Programa de Apadrinhamento,FASE 7,7,7E,,,10.0,,,0.0,3.77,,,,,,Fase 5 (1° EM),5.0,2,Em fase,,,
RA-172,Aluno-172,2024,16,Feminino,2021,3.0,Privada - Programa de Apadrinhamento,7E,7,7E,Topázio,8.128766666666667,10.0,6.933333333333334,9.8,8.751,6.57,7.5,7.5,6.7,7.7,6.4,Fase 6 (2° EM),6.0,1,Em fase,,,
RA-173,Aluno-173,2022,17,Masculino,2019,3.0,Rede Decisão,4,4,P,Ametista,7.816,2.5,7.9,9.2,8.3,6.9,,9.25,9.0,7.5,7.1,Fase 7 (3º EM),7.0,-3,Severa,False,True,Requer avaliação
RA-173,Aluno-173,2023,17,Masculino,2019,4.0,Privada - Programa de Apadrinhamento,FASE 5,5,5L,Ametista,7.757466667,5.0,8.1,8.5,9.2,6.26,8.125,7.8775,9.0,6.2,9.2,Fase 7 (3° EM),7.0,-2,Moderada,,,
RA-173,Aluno-173,2024,18,Masculino,2021,3.0,Privada *Parcerias com Bolsa 100%,8F,8,8F,,,10.0,,0.0,,,,,,,,Fase 8 (Universitários),8.0,0,Em fase,,,
RA-174,Aluno-174,2022,15,Feminino,2019,3.0,Escola Pública,4,4,P,Ágata,6.075,5.0,4.4,6.2,7.9,7.5,,6.042,4.0,5.3,3.8,Fase 5 (1º EM),5.0,-1,Moderada,False,False,Sem limitações
RA-174,Aluno-174,2023,16,Feminino,2019,4.0,Pública,FASE 4,4,4L,Ágata,6.1242,5.0,5.1,5.6,7.9,5.0,7.5,7.2125,3.7,7.3,4.3,Fase 6 (2° EM),6.0,-2,Moderada,,,
RA-175,Aluno-175,2022,15,Feminino,2018,4.0,Rede Decisão,4,4,P,Ágata,6.75,5.0,5.9,9.2,8.3,5.6,,5.833,4.7,7.2,5.9,Fase 5 (1º EM),5.0,-1,Moderada,False,False,Requer avaliação
RA-175,Aluno-175,2023,16,Feminino,2018,5.0,Privada - Programa de Apadrinhamento,FASE 5,5,5L,Ágata,6.569516667,5.0,4.8,9.2,8.8,2.52,7.1875,7.085,5.0,5.0,4.5,Fase 6 (2° EM),6.0,-1,Moderada,,,
RA-175,Aluno-175,2024,17,Feminino,2021,3.0,Privada - Programa de Apadrinhamento,6L,6,6L,Topázio,8.024136842133334,5.0,8.5,9.473684210666667,10.002,6.26,7.5,7.766,9.5,6.5,9.5,Fase 7 (3° EM),7.0,-1,Moderada,,,
RA-176,Aluno-176,2022,13,Feminino,2018,4.0,Rede Decisão,3,3,A,Topázio,8.427,10.0,6.9,9.1,9.6,5.6,,9.083,5.1,6.8,8.7,Fase 3 (7º e 8º ano),3.0,0,Em fase,False,True,Requer avaliação
RA-176,Aluno-176,2023,14,Feminino,2018,5.0,Privada - Programa de Apadrinhamento,FASE 4,4,4A,Topázio,8.316833333,10.0,8.0,9.5,9.6,2.52,8.125,9.0025,7.3,7.3,9.3,Fase 4 (9° ano),4.0,0,Em fase,,,
RA-176,Aluno-176,2024,15,Feminino,2021,3.0,Privada - Programa de Apadrinhamento,5C,5,5C,Topázio,8.828632575733334,10.0,8.833333333333334,9.545454545333333,9.585,6.26,8.59375,8.545,9.0,8.0,9.5,Fase 4 (9° ano),4.0,1,Em fase,,,
RA-177,Aluno-177,2022,13,Feminino,2022,0.0,Escola Pública,3,3,A,Ametista,7.424,10.0,6.8,8.8,7.9,4.4,,6.958,6.0,7.5,,Fase 3 (7º e 8º ano),3.0,0,Em fase,False,False,Requer avaliação
RA-178,Aluno-178,2022,13,Feminino,2016,6.0,Rede Decisão,3,3,A,Ágata,7.025,10.0,6.3,8.8,0.0,4.4,,8.458,6.2,5.3,7.3,Fase 3 (7º e 8º ano),3.0,0,Em fase,False,True,Requer avaliação
RA-178,Aluno-178,2023,14,Feminino,2016,7.0,Privada - Programa de Apadrinhamento,FASE 4,4,4A,Ametista,7.406658333,10.0,5.9,8.7,7.9,2.52,7.65625,8.42,6.3,5.8,5.5,Fase 4 (9° ano),4.0,0,Em fase,,,
RA-178,Aluno-178,2024,16,Feminino,2021,3.0,Privada - Programa de Apadrinhamento,5A,5,5A,Ametista,7.234168831200001,10.0,4.166666666666667,8.739177489333334,9.585,6.26,7.625,6.53,2.5,2.5,7.5,Fase 5 (1° EM),5.0,0,Em fase,,,
RA-179,Aluno-179,2022,12,Masculino,2022,0.0,Escola Pública,3,3,A,Ametista,7.993,10.0,6.1,9.2,7.5,7.5,,8.042,3.7,6.7,8.0,Fase 3 (7º e 8º ano),3.0,0,Em fase,True,False,Sem limitações
RA-179,Aluno-179,2023,12,Masculino,2022,1.0,Pública,FASE 3,3,3A,Topázio,8.437641667,10.0,6.4,9.4,8.8,7.52,8.59375,8.9225,8.7,6.3,4.3,Fase 3 (7° e 8° ano),3.0,0,Em fase,,,
RA-179,Aluno-179,2024,13,Masculino,2022,2.0,Privada,4A,4,4A,Topázio,8.932712280733334,10.0,8.166666666666666,9.407894737,9.168,9.38,8.75,8.44,7.0,8.0,9.5,Fase 3 (7° e 8° ano),3.0,1,Em fase,,,
RA-18,Aluno-18,2022,19,Masculino,2022,0.0,Escola Pública,7,7,D,Ametista,7.226,5.0,9.0,8.7,6.3,6.3,,6.875,9.0,9.0,,Fase 8 (Universitários),8.0,-1,Moderada,True,False,Requer avaliação
RA-180,Aluno-180,2022,12,Masculino,2018,4.0,Rede Decisão,3,3,A,Topázio,8.442,10.0,8.1,8.3,9.2,6.3,,8.625,7.7,8.3,8.3,Fase 3 (7º e 8º ano),3.0,0,Em fase,False,True,Requer avaliação
RA-180,Aluno-180,2023,13,Masculino,2018,5.0,Privada - Programa de Apadrinhamento,FASE 4,4,4A,Topázio,8.283216667,10.0,8.0,9.4,9.2,2.52,8.4375,8.92,8.3,7.3,8.5,Fase 3 (7° e 8° ano),3.0,1,Em fase,,,
RA-180,Aluno-180,2024,14,Masculino,2021,3.0,Privada - Programa de Apadrinhamento,5A,5,5A,Topázio,8.801463636333335,10.0,8.5,9.431818181666666,9.168,7.51,8.125,8.674,9.0,8.5,8.0,Fase 3 (7° e 8° ano),3.0,2,Em fase,,,
RA-181,Aluno-181,2022,13,Feminino,2019,3.0,Rede Decisão,3,3,A,Topázio,8.623,10.0,6.8,9.5,9.2,8.8,,8.458,6.8,7.3,6.2,Fase 3 (7º e 8º ano),3.0,0,Em fase,False,True,Não atendido
RA-181,Aluno-181,2023,14,Feminino,2019,4.0,Privada - Programa de Apadrinhamento,FASE 4,4,4A,Ametista,7.671208333,10.0,6.8,8.3,9.6,2.52,7.96875,8.2525,8.3,6.5,5.5,Fase 4 (9° ano),4.0,0,Em fase,,,
RA-181,Aluno-181,2024,15,Feminino,2021,3.0,Privada - Programa de Apadrinhamento,5A,5,5A,Ametista,7.439841414133334,10.0,4.333333333333333,8.737373737333334,7.5,6.26,7.625,8.436,0.0,7.5,5.5,Fase 5 (1° EM),5.0,0,Em fase,,,
RA-182,Aluno-182,2022,16,Feminino,2021,1.0,Escola Pública,3,3,A,Ágata,6.328,2.5,4.1,8.0,7.5,7.5,,6.958,1.3,5.7,5.4,Fase 6 (2º EM),6.0,-3,Severa,False,False,Não atendido
RA-183,Aluno-183,2022,13,Feminino,2022,0.0,Escola Pública,3,3,A,Ametista,7.3,10.0,3.8,8.8,8.3,7.5,,7.25,0.0,7.5,,Fase 3 (7º e 8º ano),3.0,0,Em fase,False,False,Não atendido
RA-183,Aluno-183,2023,14,Feminino,2022,1.0,Pública,FASE 3,3,3D,Ametista,7.586241667,5.0,7.7,9.7,7.9,2.52,7.96875,8.795,7.0,8.0,8.2,Fase 4 (9° ano),4.0,-1,Moderada,,,
RA-183,Aluno-183,2024,15,Feminino,2022,2.0,Pública,4A,4,4A,Topázio,8.266902371533334,10.0,7.5,9.249011857666666,7.917,6.26,8.25,8.372,5.0,7.5,10.0,Fase 4 (9° ano),4.0,0,Em fase,,,
RA-184,Aluno-184,2022,16,Masculino,2019,3.0,Escola Pública,3,3,A,Ametista,7.28,2.5,7.2,7.7,8.8,7.5,,8.0,5.0,7.3,9.3,Fase 6 (2º EM),6.0,-3,Severa,True,False,Não atendido
RA-184,Aluno-184,2023,13,Masculino,2019,4.0,Pública,FASE 4,4,4B,Topázio,8.430241667,10.0,7.1,9.5,7.9,7.52,8.59375,8.5025,7.3,6.3,7.8,Fase 3 (7° e 8° ano),3.0,1,Em fase,,,
RA-184,Aluno-184,2024,14,Masculino,2021,3.0,Privada - Programa de Apadrinhamento,5D,5,5D,Topázio,8.471456704266666,10.0,8.166666666666666,8.696741854666667,8.751,6.26,7.96875,9.004,9.5,5.0,10.0,Fase 4 (9° ano),4.0,1,Em fase,,,
RA-185,Aluno-185,2022,15,Masculino,2021,1.0,Escola Pública,3,3,A,Ágata,6.615,5.0,4.5,7.7,7.9,7.5,,6.875,3.3,5.7,4.5,Fase 5 (1º EM),5.0,-2,Moderada,False,False,Não atendido
RA-186,Aluno-186,2022,13,Feminino,2019,3.0,Escola Pública,3,3,A,Ametista,7.832,10.0,6.6,8.5,8.3,7.5,,7.5,6.0,5.7,8.0,Fase 3 (7º e 8º ano),3.0,0,Em fase,True,False,Não atendido
RA-186,Aluno-186,2023,14,Feminino,2019,4.0,Privada,FASE 4,4,4A,Ametista,7.817541667,10.0,6.9,9.7,7.5,2.52,7.96875,8.46,6.8,7.0,7.0,Fase 4 (9° ano),4.0,0,Em fase,,,
RA-186,Aluno-186,2024,15,Feminino,2021,3.0,Privada,5B,5,5B,Topázio,8.325963636333334,10.0,7.166666666666667,9.640151515,7.917,6.26,8.125,8.672,6.0,7.0,8.5,Fase 4 (9° ano),4.0,1,Em fase,,,
RA-187,Aluno-187,2022,12,Feminino,2019,3.0,Rede Decisão,3,3,A,Ametista,7.928,10.0,5.8,8.9,8.8,7.5,,7.917,5.3,7.2,4.8,Fase 3 (7º e 8º ano),3.0,0,Em fase,False,False,Não atendido
RA-187,Aluno-187,2023,13,Feminino,2019,4.0,Privada - Programa de Apadrinhamento,FASE 3,3,3D,Ametista,7.809875,10.0,6.9,9.9,7.5,2.52,7.96875,8.255,7.3,8.7,4.7,Fase 3 (7° e 8° ano),3.0,0,Em fase,,,
RA-187,Aluno-187,2024,14,Feminino,2021,3.0,Privada - Programa de Apadrinhamento,4C,4,4C,Topázio,8.568424074066666,10.0,7.833333333333333,9.537037037,8.751,5.635,8.4375,9.06,7.5,7.0,9.0,Fase 4 (9° ano),4.0,0,Em fase,,,
RA-188,Aluno-188,2022,14,Masculino,2021,1.0,Escola Pública,3,3,A,Quartzo,5.307,5.0,2.7,6.1,0.0,7.5,,7.583,3.0,3.2,2.0,Fase 4 (9º ano),4.0,-1,Moderada,True,False,Não atendido
RA-189,Aluno-189,2022,14,Masculino,2018,4.0,Rede Decisão,3,3,A,Ametista,7.629,5.0,7.2,9.7,10.0,5.0,,7.333,6.3,7.2,8.0,Fase 4 (9º ano),4.0,-1,Moderada,False,False,Requer avaliação
RA-189,Aluno-189,2023,14,Masculino,2018,5.0,Privada - Programa de Apadrinhamento,FASE 4,4,4A,Ametista,7.727325,10.0,6.5,9.4,7.9,2.52,8.28125,8.3775,6.3,6.5,6.7,Fase 4 (9° ano),4.0,0,Em fase,,,
RA-189,Aluno-189,2024,15,Masculino,2021,3.0,Privada - Programa de Apadrinhamento,5A,5,5A,Topázio,8.586533333333334,10.0,8.166666666666666,10.0,10.002,6.255,6.875,8.2,7.0,7.5,10.0,Fase 5 (1° EM),5.0,0,Em fase,,,
RA-19,Aluno-19,2022,19,Feminino,2022,0.0,Escola Pública,7,7,D,Ametista,7.665,5.0,8.0,9.5,7.9,7.5,,7.0,7.0,9.0,,Fase 8 (Universitários),8.0,-1,Moderada,True,False,Sem limitações
RA-19,Aluno-19,2023,19,Feminino,2022,1.0,Nenhuma das opções acima,FASE 7,7,7A,Ametista,7.710866667,5.0,7.8,9.4,7.9,5.63,7.75,8.1725,7.7,7.0,8.8,Fase 8 (Universitários),8.0,-1,Moderada,,,
RA-19,Aluno-19,2024,20,Feminino,2022,2.0,Privada *Parcerias com Bolsa 100%,8F,8,8F,,,10.0,,0.0,,,,,,,,Fase 8 (Universitários),8.0,0,Em fase,,,
RA-190,Aluno-190,2022,13,Feminino,2022,0.0,Escola Pública,3,3,A,Ametista,7.335,10.0,6.3,6.9,6.7,8.8,,7.25,5.0,7.5,,Fase 3 (7º e 8º ano),3.0,0,Em fase,False,False,Não atendido
RA-190,Aluno-190,2023,14,Feminino,2022,1.0,Pública,FASE 3,3,3D,Ágata,6.934158333,5.0,5.7,9.5,7.9,2.52,7.65625,7.9575,5.8,5.2,6.0,Fase 4 (9° ano),4.0,-1,Moderada,,,
RA-191,Aluno-191,2022,13,Masculino,2019,3.0,Rede Decisão,3,3,A,Topázio,8.74,10.0,7.2,9.4,10.0,8.8,,8.5,8.0,7.2,6.3,Fase 3 (7º e 8º ano),3.0,0,Em fase,False,True,Não atendido
RA-191,Aluno-191,2023,14,Masculino,2019,4.0,Privada - Programa de Apadrinhamento,FASE 4,4,4A,Ametista,7.263666667,10.0,7.8,9.7,0.0,2.52,8.125,8.4625,8.7,7.0,7.8,Fase 4 (9° ano),4.0,0,Em fase,,,
RA-191,Aluno-191,2024,15,Masculino,2021,3.0,Privada *Parcerias com Bolsa 100%,7E,7,7E,Ametista,7.7887,10.0,6.3999999999999995,9.571,7.5,5.945,7.5,7.5,6.0,6.9,6.3,Fase 5 (1° EM),5.0,2,Em fase,,,
RA-192,Aluno-192,2022,15,Masculino,2021,1.0,Escola Pública,3,3,B,Quartzo,4.932,5.0,2.7,3.6,8.8,7.5,,4.708,1.7,4.7,1.7,Fase 5 (1º EM),5.0,-2,Moderada,False,False,Não atendido
RA-192,Aluno-192,2023,16,Masculino,2021,2.0,Privada,FASE 4,4,4B,Ágata,6.616016667,5.0,6.5,6.2,8.8,5.0,7.1875,7.3775,6.0,5.8,7.8,Fase 6 (2° EM),6.0,-2,Moderada,,,
RA-192,Aluno-192,2024,17,Masculino,2021,3.0,Privada,5B,5,5B,Ágata,6.882960606066668,5.0,7.166666666666667,6.363636363666667,8.334,7.51,7.125,6.9,4.0,7.5,10.0,Fase 7 (3° EM),7.0,-2,Moderada,,,
RA-193,Aluno-193,2022,12,Masculino,2016,6.0,Rede Decisão,3,3,B,Topázio,8.155,10.0,6.7,8.9,9.2,5.6,,8.5,5.0,6.3,8.7,Fase 3 (7º e 8º ano),3.0,0,Em fase,False,True,Sem limitações
RA-193,Aluno-193,2023,13,Masculino,2016,7.0,Privada - Programa de Apadrinhamento,FASE 4,4,4A,Ametista,7.718566667,10.0,6.5,9.4,8.3,2.52,8.125,8.17,6.0,6.3,7.3,Fase 3 (7° e 8° ano),3.0,1,Em fase,,,
RA-193,Aluno-193,2024,14,Masculino,2021,3.0,Privada - Programa de Apadrinhamento,5C,5,5C,Topázio,8.465046969666668,10.0,7.0,9.848484848333333,8.751,6.26,8.4375,8.7525,6.5,4.5,10.0,Fase 4 (9° ano),4.0,1,Em fase,,,
RA-194,Aluno-194,2022,14,Feminino,2022,0.0,Escola Pública,3,3,B,Quartzo,4.265,5.0,3.2,6.2,0.0,5.0,,3.75,3.7,5.8,0.0,Fase 4 (9º ano),4.0,-1,Moderada,False,False,Requer avaliação
RA-195,Aluno-195,2022,13,Feminino,2017,5.0,Rede Decisão,3,3,B,Ametista,8.017,10.0,6.3,9.2,8.8,5.0,,8.25,6.8,6.3,5.8,Fase 3 (7º e 8º ano),3.0,0,Em fase,False,False,Requer avaliação
RA-195,Aluno-195,2023,14,Feminino,2017,6.0,Privada - Programa de Apadrinhamento,FASE 4,4,4A,Ametista,7.60205,10.0,6.0,9.2,7.1,2.52,8.4375,8.79,6.3,6.2,5.5,Fase 4 (9° ano),4.0,0,Em fase,,,
RA-195,Aluno-195,2024,15,Feminino,2021,3.0,Privada - Programa de Apadrinhamento,5C,5,5C,Topázio,8.4690496032,10.0,7.833333333333333,9.682539682666667,7.5,6.26,7.96875,8.965,9.0,6.5,8.0,Fase 4 (9° ano),4.0,1,Em fase,,,
RA-196,Aluno-196,2022,12,Masculino,2018,4.0,Rede Decisão,3,3,B,Topázio,8.124,10.0,5.1,9.1,9.2,7.5,,8.625,4.0,6.0,5.3,Fase 3 (7º e 8º ano),3.0,0,Em fase,False,True,Não atendido
RA-196,Aluno-196,2023,13,Masculino,2018,5.0,Privada - Programa de Apadrinhamento,FASE 4,4,4A,Ametista,7.560991667,10.0,6.2,9.0,7.9,2.52,8.28125,8.2125,7.0,6.0,5.7,Fase 3 (7° e 8° ano),3.0,1,Em fase,,,
RA-196,Aluno-196,2024,14,Masculino,2021,3.0,Privada - Programa de Apadrinhamento,5C,5,5C,Topázio,8.823550937933334,10.0,8.0,9.689754689666666,8.751,7.51,8.75,8.9225,8.0,7.0,9.0,Fase 4 (9° ano),4.0,1,Em fase,,,
RA-197,Aluno-197,2022,13,Feminino,2021,1.0,Rede Decisão,3,3,B,Topázio,8.218,10.0,7.3,9.7,8.8,4.4,,8.292,6.0,7.5,8.3,Fase 3 (7º e 8º ano),3.0,0,Em fase,False,False,Requer avaliação
RA-197,Aluno-197,2023,13,Feminino,2021,2.0,Privada - Programa de Apadrinhamento,FASE 4,4,4A,Ametista,7.967608333,10.0,7.2,9.8,8.3,2.52,7.96875,8.46,7.0,7.3,7.2,Fase 3 (7° e 8° ano),3.0,1,Em fase,,,
RA-197,Aluno-197,2024,14,Feminino,2021,3.0,Privada - Programa de Apadrinhamento,5C,5,5C,Topázio,8.568238636333334,10.0,8.333333333333334,9.848484848333333,7.5,6.26,7.96875,8.795,7.0,8.0,10.0,Fase 5 (1° EM),5.0,0,Em fase,,,
RA-198,Aluno-198,2022,13,Masculino,2017,5.0,Escola Pública,3,3,B,Quartzo,5.554,10.0,4.6,6.2,0.0,5.0,,5.958,5.2,5.8,2.8,Fase 3 (7º e 8º ano),3.0,0,Em fase,False,False,Requer avaliação
RA-199,Aluno-199,2022,13,Masculino,2022,0.0,Escola Pública,3,3,B,Ametista,7.564,10.0,7.5,7.1,8.3,7.5,,6.458,5.7,7.8,9.0,Fase 3 (7º e 8º ano),3.0,0,Em fase,False,False,Não atendido
RA-199,Aluno-199,2023,14,Masculino,2022,1.0,Privada,FASE 3,3,3A,Ametista,7.892341667,5.0,8.5,7.6,9.2,7.51,7.96875,8.505,8.2,8.2,9.2,Fase 4 (9° ano),4.0,-1,Moderada,,,
RA-199,Aluno-199,2024,15,Masculino,2022,2.0,Privada,4A,4,4A,Ametista,7.419398245666667,5.0,7.166666666666667,7.554824561666667,8.334,6.88,8.125,8.206,5.0,9.0,7.5,Fase 5 (1° EM),5.0,-1,Moderada,,,
RA-2,Aluno-2,2022,17,Feminino,2017,5.0,Rede Decisão,7,7,A,Ametista,7.055,10.0,6.8,5.2,8.8,6.3,,6.778,6.3,4.5,9.7,Fase 7 (3º EM),7.0,0,Em fase,False,False,Sem limitações
RA-2,Aluno-2,2023,18,Feminino,2017,6.0,Privada *Parcerias com Bolsa 100%,FASE 8,8,8E,,,10.0,,,,,,,,,,Fase 8 (Universitários),8.0,0,Em fase,,,
RA-2,Aluno-2,2024,19,Feminino,2021,3.0,Privada *Parcerias com Bolsa 100%,8E,8,8E,,,10.0,,0.0,,,,,,,,Fase 8 (Universitários),8.0,0,Em fase,,,
RA-20,Aluno-20,2022,19,Feminino,2022,0.0,Escola Pública,7,7,D,Ametista,7.535,5.0,7.8,10.0,7.1,6.3,,7.167,9.0,6.5,,Fase 8 (Universitários),8.0,-1,Moderada,True,False,Não atendido
RA-200,Aluno-200,2022,15,Masculino,2018,4.0,Escola JP II,3,3,B,Quartzo,5.705,5.0,5.5,5.6,7.9,4.4,,4.917,4.7,5.0,6.8,Fase 5 (1º EM),5.0,-2,Moderada,False,False,Requer avaliação
RA-200,Aluno-200,2023,16,Masculino,2018,5.0,Privada - Programa de Apadrinhamento,FASE 4,4,4B,Quartzo,5.661166667,5.0,4.3,4.5,9.6,2.52,7.5,7.17,4.3,4.2,4.5,Fase 6 (2° EM),6.0,-2,Moderada,,,
RA-201,Aluno-201,2022,15,Feminino,2021,1.0,Escola Pública,3,3,B,Ametista,7.078,5.0,6.5,7.3,7.9,7.5,,7.542,6.0,7.2,6.3,Fase 5 (1º EM),5.0,-2,Moderada,False,False,Não atendido
RA-202,Aluno-202,2022,14,Feminino,2017,5.0,Escola Pública,3,3,B,Quartzo,5.201,5.0,5.4,5.2,0.0,4.4,,6.917,6.3,5.8,4.2,Fase 4 (9º ano),4.0,-1,Moderada,True,False,Requer avaliação
RA-202,Aluno-202,2023,15,Feminino,2017,6.0,Pública,FASE 4,4,4C,Ágata,6.791641667,5.0,5.9,7.9,8.8,2.52,7.96875,8.005,6.3,4.8,6.7,Fase 5 (1° EM),5.0,-1,Moderada,,,
RA-202,Aluno-202,2024,16,Feminino,2021,3.0,Pública,5C,5,5C,Ametista,7.3512154762,5.0,7.5,7.880952381,8.334,6.26,7.65625,7.75,8.5,6.0,8.0,Fase 6 (2° EM),6.0,-1,Moderada,,,
RA-203,Aluno-203,2022,14,Feminino,2021,1.0,Escola Pública,3,3,B,Quartzo,5.669,5.0,2.8,4.3,8.8,7.5,,6.875,2.3,3.5,2.5,Fase 4 (9º ano),4.0,-1,Moderada,False,False,Não atendido
RA-204,Aluno-204,2022,13,Feminino,2019,3.0,Escola Pública,3,3,B,Ágata,6.943,10.0,7.4,6.7,7.9,4.4,,5.708,5.3,8.5,8.5,Fase 3 (7º e 8º ano),3.0,0,Em fase,False,False,Requer avaliação
RA-204,Aluno-204,2023,14,Feminino,2019,4.0,Pública,FASE 4,4,4B,Ametista,7.557558333,10.0,7.1,7.9,8.8,2.52,8.28125,8.045,4.7,8.0,8.5,Fase 4 (9° ano),4.0,0,Em fase,,,
RA-204,Aluno-204,2024,15,Feminino,2021,3.0,Pública,4B,4,4B,Ametista,7.838218894866668,10.0,7.5,6.827094474333333,9.168,6.26,7.125,8.5875,5.0,7.5,10.0,Fase 4 (9° ano),4.0,0,Em fase,,,
RA-205,Aluno-205,2022,14,Masculino,2020,2.0,Escola Pública,3,3,B,Quartzo,5.372,5.0,4.1,3.8,9.6,7.5,,4.833,5.7,1.7,5.0,Fase 4 (9º ano),4.0,-1,Moderada,False,False,Não atendido
RA-205,Aluno-205,2023,15,Masculino,2020,3.0,Pública,FASE 4,4,4C,Ágata,6.857625,5.0,6.6,7.6,9.6,4.38,7.03125,7.09,7.0,5.5,7.3,Fase 5 (1° EM),5.0,-1,Moderada,,,
RA-206,Aluno-206,2022,12,Feminino,2022,0.0,Escola Pública,3,3,B,Ametista,7.101,10.0,5.0,8.8,8.3,7.5,,5.167,4.0,6.0,,Fase 3 (7º e 8º ano),3.0,0,Em fase,False,False,Não atendido
RA-207,Aluno-207,2022,16,Masculino,2021,1.0,Escola Pública,3,3,C,Quartzo,4.936,2.5,5.8,4.8,0.0,7.5,,5.708,5.3,4.0,8.0,Fase 6 (2º EM),6.0,-3,Severa,False,False,Não atendido
RA-208,Aluno-208,2022,14,Masculino,2018,4.0,Escola Pública,3,3,C,Ágata,6.667,5.0,6.1,7.1,7.5,7.5,,6.417,5.0,7.5,5.8,Fase 4 (9º ano),4.0,-1,Moderada,False,False,Não atendido
RA-209,Aluno-209,2022,14,Masculino,2019,3.0,Escola Pública,3,3,C,Quartzo,4.499,5.0,6.0,4.8,0.0,5.6,,3.75,5.0,5.2,7.8,Fase 4 (9º ano),4.0,-1,Moderada,False,False,Requer avaliação
RA-21,Aluno-21,2022,18,Masculino,2022,0.0,Escola Pública,7,7,D,Ágata,6.945,5.0,3.8,9.2,9.6,7.5,,7.25,7.0,0.5,,Fase 8 (Universitários),8.0,-1,Moderada,True,False,Não atendido
RA-21,Aluno-21,2023,19,Masculino,2022,1.0,Privada *Parcerias com Bolsa 100%,FASE 8,8,8E,,,10.0,,,,,,,,,,Fase 8 (Universitários),8.0,0,Em fase,,,
RA-21,Aluno-21,2024,20,Masculino,2022,2.0,Privada - Pagamento por *Empresa Parceira,8E,8,8E,,,10.0,,0.0,,,,,,,,Fase 8 (Universitários),8.0,0,Em fase,,,
RA-210,Aluno-210,2022,14,Masculino,2022,0.0,Escola Pública,3,3,C,Quartzo,4.44,5.0,3.4,5.1,0.0,7.5,,4.417,2.7,5.3,2.3,Fase 4 (9º ano),4.0,-1,Moderada,False,False,Não atendido
RA-211,Aluno-211,2022,13,Masculino,2021,1.0,Escola Pública,3,3,C,Topázio,8.465,10.0,7.6,8.8,9.2,7.5,,8.458,6.7,7.5,8.5,Fase 3 (7º e 8º ano),3.0,0,Em fase,True,True,Não atendido
RA-211,Aluno-211,2023,14,Masculino,2021,2.0,Privada - Programa de Apadrinhamento,FASE 4,4,4A,Topázio,8.024791667,10.0,7.1,9.4,9.6,2.52,7.65625,8.71,7.7,8.0,5.7,Fase 4 (9° ano),4.0,0,Em fase,,,
RA-211,Aluno-211,2024,15,Masculino,2021,3.0,Privada - Programa de Apadrinhamento,5A,5,5A,Topázio,8.283601875933334,10.0,7.0,9.379509379666667,9.585,7.51,7.25,7.866,5.5,6.5,9.0,Fase 5 (1° EM),5.0,0,Em fase,,,
RA-212,Aluno-212,2022,14,Masculino,2022,0.0,Escola Pública,3,3,C,Ametista,7.268,5.0,6.2,8.4,9.6,7.5,,6.958,4.8,5.8,7.8,Fase 4 (9º ano),4.0,-1,Moderada,False,False,Não atendido
RA-213,Aluno-213,2022,13,Masculino,2022,0.0,Escola Pública,3,3,C,Ametista,7.209,10.0,3.5,8.7,9.6,7.5,,6.833,5.0,2.0,,Fase 3 (7º e 8º ano),3.0,0,Em fase,False,False,Não atendido
RA-214,Aluno-214,2022,15,Masculino,2022,0.0,Escola Pública,3,3,C,Quartzo,4.87,5.0,4.3,6.1,0.0,7.5,,5.125,5.0,3.5,,Fase 5 (1º EM),5.0,-2,Moderada,False,False,Não atendido
RA-215,Aluno-215,2022,13,Feminino,2021,1.0,Escola Pública,3,3,D,Ametista,7.172,10.0,7.8,5.8,6.7,7.5,,6.542,5.7,7.7,10.0,Fase 3 (7º e 8º ano),3.0,0,Em fase,False,False,Não atendido
RA-215,Aluno-215,2023,14,Feminino,2021,2.0,Pública,FASE 4,4,4C,Ametista,7.166475,10.0,6.9,6.6,8.8,2.52,7.96875,7.7125,5.7,6.7,8.3,Fase 4 (9° ano),4.0,0,Em fase,,,
RA-215,Aluno-215,2024,15,Feminino,2021,3.0,Pública,5B,5,5B,Ametista,7.045258874400002,10.0,5.666666666666667,6.455627705333334,7.084,6.26,8.0,7.432,5.0,2.0,10.0,Fase 5 (1° EM),5.0,0,Em fase,,,
RA-216,Aluno-216,2022,13,Feminino,2018,4.0,Escola Pública,3,3,D,Ametista,7.502,10.0,7.0,8.5,7.9,7.5,,5.583,5.3,6.5,9.2,Fase 3 (7º e 8º ano),3.0,0,Em fase,False,False,Não atendido
RA-217,Aluno-217,2022,15,Feminino,2021,1.0,Escola Pública,3,3,D,Ametista,7.397,5.0,7.1,8.5,7.9,7.5,,7.292,6.3,7.2,7.7,Fase 5 (1º EM),5.0,-2,Moderada,True,False,Não atendido
RA-217,Aluno-217,2023,15,Feminino,2021,2.0,Pública,FASE 4,4,4B,Ágata,6.96965,5.0,5.6,8.6,8.3,2.52,8.4375,8.5025,6.7,5.3,4.8,Fase 5 (1° EM),5.0,-1,Moderada,,,
RA-217,Aluno-217,2024,17,Feminino,2021,3.0,Privada - Programa de Apadrinhamento,5A,5,5A,Ametista,7.4209164502,5.0,7.833333333333333,8.917748917666666,8.334,6.26,7.125,6.994,9.0,7.0,7.5,Fase 6 (2° EM),6.0,-1,Moderada,,,
RA-218,Aluno-218,2022,14,Feminino,2022,0.0,Escola Pública,3,3,D,Ágata,6.1,5.0,4.0,7.3,6.3,7.5,,6.125,5.0,7.0,0.0,Fase 4 (9º ano),4.0,-1,Moderada,False,False,Não atendido
RA-218,Aluno-218,2023,15,Feminino,2022,1.0,Pública,FASE 4,4,4C,Quartzo,5.811541667,5.0,6.7,6.7,0.0,2.52,7.96875,7.88,5.7,7.0,7.5,Fase 5 (1° EM),5.0,-1,Moderada,,,
RA-219,Aluno-219,2022,16,Masculino,2019,3.0,Escola Pública,3,3,D,Quartzo,5.942,2.5,3.5,6.9,8.8,7.5,,6.375,4.0,4.8,1.7,Fase 6 (2º EM),6.0,-3,Severa,False,False,Não atendido
RA-22,Aluno-22,2022,17,Feminino,2019,3.0,Rede Decisão,6,6,A,Ametista,7.474,5.0,6.7,7.4,8.3,8.1,,8.833,9.0,3.1,7.8,Fase 7 (3º EM),7.0,-1,Moderada,False,True,Sem limitações
RA-220,Aluno-220,2022,13,Feminino,2022,0.0,Escola Pública,3,3,D,Ágata,7.028,10.0,6.5,8.1,0.0,7.5,,7.833,6.8,6.8,5.8,Fase 3 (7º e 8º ano),3.0,0,Em fase,True,False,Não atendido
RA-220,Aluno-220,2023,14,Feminino,2022,1.0,Pública,FASE 4,4,4C,Ametista,7.102016667,10.0,6.1,7.6,8.8,2.52,7.1875,7.5475,6.3,5.8,6.3,Fase 4 (9° ano),4.0,0,Em fase,,,
RA-220,Aluno-220,2024,15,Feminino,2022,2.0,Pública,5B,5,5B,Ametista,7.6987770562666675,10.0,6.833333333333333,8.198051948,8.751,6.26,7.25,7.332,8.0,3.5,9.0,Fase 5 (1° EM),5.0,0,Em fase,,,
RA-221,Aluno-221,2022,14,Masculino,2022,0.0,Escola Pública,3,3,D,Ágata,6.892,5.0,5.2,8.5,9.6,7.5,,6.0,7.0,3.5,5.0,Fase 4 (9º ano),4.0,-1,Moderada,False,False,Não atendido
RA-221,Aluno-221,2023,15,Masculino,2022,1.0,Pública,FASE 3,3,3C,Ágata,6.959916667,5.0,5.0,9.0,9.6,5.0,7.1875,7.38,5.5,4.8,4.8,Fase 5 (1° EM),5.0,-2,Moderada,,,
RA-222,Aluno-222,2022,15,Feminino,2019,3.0,Escola Pública,3,3,D,Quartzo,5.604,5.0,6.2,4.6,7.1,7.5,,4.917,5.0,7.5,6.0,Fase 5 (1º EM),5.0,-2,Moderada,False,False,Não atendido
RA-223,Aluno-223,2022,13,Feminino,2022,0.0,Escola Pública,3,3,E,Quartzo,4.966,10.0,3.1,4.6,0.0,7.5,,5.583,4.3,4.7,0.2,Fase 3 (7º e 8º ano),3.0,0,Em fase,False,False,Não atendido
RA-223,Aluno-223,2023,14,Feminino,2022,1.0,Pública,FASE 3,3,3G,Quartzo,5.089833333,5.0,3.8,4.5,0.0,7.52,7.5,7.1725,5.5,4.0,1.8,Fase 4 (9° ano),4.0,-1,Moderada,,,
RA-224,Aluno-224,2022,13,Masculino,2021,1.0,Escola Pública,3,3,E,Quartzo,5.671,10.0,2.6,4.3,9.6,7.5,,4.875,5.0,2.7,0.0,Fase 3 (7º e 8º ano),3.0,0,Em fase,False,False,Não atendido
RA-225,Aluno-225,2022,14,Masculino,2022,0.0,Escola Pública,3,3,E,Quartzo,5.918,5.0,5.0,5.3,8.3,7.5,,5.708,3.0,7.0,,Fase 4 (9º ano),4.0,-1,Moderada,False,False,Não atendido
RA-226,Aluno-226,2022,14,Feminino,2022,0.0,Escola Pública,3,3,E,Ágata,6.549,5.0,6.8,6.1,7.5,7.5,,6.208,7.0,6.5,,Fase 4 (9º ano),4.0,-1,Moderada,False,False,Não atendido
RA-227,Aluno-227,2022,12,Masculino,2022,0.0,Escola Pública,3,3,E,Ágata,6.471,10.0,3.3,6.4,9.2,7.5,,5.833,4.7,4.3,1.0,Fase 3 (7º e 8º ano),3.0,0,Em fase,False,False,Não atendido
RA-227,Aluno-227,2023,12,Masculino,2022,1.0,Pública,FASE 3,3,3B,Ametista,7.722125,10.0,6.9,7.5,9.6,5.63,8.28125,7.4625,7.2,6.5,7.0,Fase 3 (7° e 8° ano),3.0,0,Em fase,,,
RA-227,Aluno-227,2024,13,Masculino,2022,2.0,Pública,3A,3,3A,Topázio,8.074015455333335,10.0,6.5,8.097577276666668,9.585,9.38,7.5,7.54,4.0,6.0,9.5,Fase 3 (7° e 8° ano),3.0,0,Em fase,,,
RA-228,Aluno-228,2022,15,Feminino,2017,5.0,Escola Pública,3,3,E,Ágata,6.196,5.0,4.8,6.7,7.5,7.5,,6.417,3.0,6.0,5.3,Fase 5 (1º EM),5.0,-2,Moderada,False,False,Não atendido
RA-229,Aluno-229,2022,12,Masculino,2022,0.0,Escola Pública,3,3,E,Topázio,8.62,10.0,6.9,9.4,10.0,7.5,,8.5,7.0,6.7,7.2,Fase 3 (7º e 8º ano),3.0,0,Em fase,True,True,Não atendido
RA-229,Aluno-229,2023,13,Masculino,2022,1.0,Privada - Programa de Apadrinhamento,FASE 4,4,4A,Topázio,8.207591667,10.0,7.8,9.8,9.2,2.52,8.28125,8.42,8.0,8.2,7.3,Fase 3 (7° e 8° ano),3.0,1,Em fase,,,
RA-229,Aluno-229,2024,14,Masculino,2022,2.0,Privada - Programa de Apadrinhamento,5C,5,5C,Topázio,8.852545634933334,10.0,8.833333333333334,9.841269841333334,9.585,5.635,8.28125,8.8375,9.5,7.0,10.0,Fase 4 (9° ano),4.0,1,Em fase,,,
RA-23,Aluno-23,2022,17,Masculino,2021,1.0,Escola Pública,6,6,A,Ametista,7.677,5.0,6.7,8.2,8.3,8.1,,8.556,7.2,4.7,8.2,Fase 7 (3º EM),7.0,-1,Moderada,True,True,Sem limitações
RA-23,Aluno-23,2023,17,Masculino,2021,2.0,Privada *Parcerias com Bolsa 100%,FASE 8,8,8E,,,10.0,,,,,,,,,,Fase 7 (3° EM),7.0,1,Em fase,,,
RA-23,Aluno-23,2024,19,Masculino,2021,3.0,Privada *Parcerias com Bolsa 100%,8E,8,8E,,,10.0,,0.0,,,,,,,,Fase 8 (Universitários),8.0,0,Em fase,,,
RA-230,Aluno-230,2022,14,Masculino,2022,0.0,Escola Pública,3,3,E,Ágata,6.328,5.0,5.7,5.1,7.9,7.5,,6.75,3.7,4.3,9.0,Fase 4 (9º ano),4.0,-1,Moderada,True,False,Não atendido
RA-231,Aluno-231,2022,14,Masculino,2022,0.0,Escola Pública,3,3,E,Ágata,6.116,5.0,3.8,7.4,8.8,7.5,,5.333,3.0,4.5,,Fase 4 (9º ano),4.0,-1,Moderada,False,False,Não atendido
RA-232,Aluno-232,2022,12,Masculino,2022,0.0,Escola Pública,3,3,E,Quartzo,4.245,10.0,0.0,4.9,0.0,7.5,,4.542,0.0,0.0,,Fase 3 (7º e 8º ano),3.0,0,Em fase,False,False,Não atendido
RA-233,Aluno-233,2022,14,Masculino,2022,0.0,Escola Pública,3,3,E,Ágata,6.051,5.0,3.8,7.4,7.9,7.5,,5.5,3.0,4.5,,Fase 4 (9º ano),4.0,-1,Moderada,False,False,Não atendido
RA-234,Aluno-234,2022,13,Masculino,2022,0.0,Escola Pública,3,3,E,Ágata,6.719,10.0,4.3,7.6,10.0,5.6,,5.583,3.7,6.3,2.8,Fase 3 (7º e 8º ano),3.0,0,Em fase,False,False,Sem limitações
RA-234,Aluno-234,2023,13,Masculino,2022,1.0,Pública,FASE 3,3,3D,Ágata,6.248741667,10.0,5.6,8.0,6.7,2.52,4.84375,5.595,6.3,5.3,5.3,Fase 3 (7° e 8° ano),3.0,0,Em fase,,,
RA-235,Aluno-235,2022,14,Feminino,2022,0.0,Escola Pública,3,3,E,Ágata,6.79,5.0,6.3,7.3,8.3,7.5,,6.417,7.0,5.5,,Fase 4 (9º ano),4.0,-1,Moderada,False,False,Não atendido
RA-236,Aluno-236,2022,12,Feminino,2022,0.0,Escola Pública,3,3,F,Ametista,7.11,10.0,3.7,7.5,9.6,7.5,,7.208,4.0,4.0,3.0,Fase 3 (7º e 8º ano),3.0,0,Em fase,False,False,Não atendido
RA-236,Aluno-236,2023,13,Feminino,2022,1.0,Pública,FASE 3,3,3G,Ametista,7.337116667,10.0,4.5,7.5,10.0,7.52,7.1875,7.2975,6.3,4.0,3.3,Fase 3 (7° e 8° ano),3.0,0,Em fase,,,
RA-236,Aluno-236,2024,14,Feminino,2022,2.0,Pública,4F,4,4F,Ágata,6.980833740133334,10.0,4.5,7.890668700666666,9.168,6.26,6.875,6.362,1.5,4.0,8.0,Fase 4 (9° ano),4.0,0,Em fase,,,
RA-237,Aluno-237,2022,14,Feminino,2022,0.0,Escola Pública,3,3,F,Topázio,8.084,5.0,7.8,9.0,10.0,7.5,,8.417,6.8,7.7,8.8,Fase 4 (9º ano),4.0,-1,Moderada,True,True,Não atendido
RA-237,Aluno-237,2023,15,Feminino,2022,1.0,Privada - Programa de Apadrinhamento,FASE 4,4,4F,Ametista,7.436566667,5.0,6.7,9.5,8.3,2.52,8.125,8.96,7.7,7.0,5.5,Fase 5 (1° EM),5.0,-1,Moderada,,,
RA-237,Aluno-237,2024,16,Feminino,2022,2.0,Privada - Programa de Apadrinhamento,5F,5,5F,Ametista,7.931384271366667,5.0,7.666666666666667,9.689754689666666,8.751,6.26,7.916666667,8.336666667,6.0,7.0,10.0,Fase 6 (2° EM),6.0,-1,Moderada,,,
RA-238,Aluno-238,2022,14,Feminino,2021,1.0,Escola Pública,3,3,F,Ágata,6.331,5.0,5.1,6.4,8.8,5.0,,7.208,4.3,6.5,4.5,Fase 4 (9º ano),4.0,-1,Moderada,False,False,Requer avaliação
RA-239,Aluno-239,2022,15,Feminino,2021,1.0,Escola Pública,3,3,F,Quartzo,4.572,5.0,3.7,3.7,0.0,7.5,,5.958,2.0,4.7,4.5,Fase 5 (1º EM),5.0,-2,Moderada,False,False,Não atendido
RA-239,Aluno-239,2023,16,Feminino,2021,2.0,Pública,FASE 4,4,4G,Ágata,6.411333333,5.0,7.0,8.4,0.0,5.0,8.125,7.6275,6.0,7.2,7.7,Fase 6 (2° EM),6.0,-2,Moderada,,,
RA-239,Aluno-239,2024,17,Feminino,2021,3.0,Pública,4F,4,4F,Ágata,6.782180868800001,2.5,6.666666666666667,6.361737677333333,8.751,5.635,7.875,8.502,4.0,10.0,6.0,Fase 7 (3° EM),7.0,-3,Severa,,,
RA-24,Aluno-24,2022,17,Feminino,2021,1.0,Rede Decisão,6,6,A,Topázio,8.087,5.0,8.6,7.9,9.2,6.9,,9.111,10.0,6.3,9.7,Fase 7 (3º EM),7.0,-1,Moderada,False,True,Requer avaliação
RA-240,Aluno-240,2022,13,Feminino,2017,5.0,Rede Decisão,3,3,F,Ágata,6.943,10.0,4.7,8.1,7.1,5.0,,7.042,6.3,5.0,2.8,Fase 3 (7º e 8º ano),3.0,0,Em fase,False,False,Requer avaliação
RA-240,Aluno-240,2023,14,Feminino,2017,6.0,Privada - Programa de Apadrinhamento,FASE 4,4,4F,Ágata,6.337966667,10.0,4.8,6.7,7.1,2.52,6.875,6.9175,7.0,3.3,4.2,Fase 4 (9° ano),4.0,0,Em fase,,,
RA-241,Aluno-241,2022,14,Masculino,2016,6.0,Rede Decisão,3,3,F,Topázio,8.468,5.0,7.7,10.0,10.0,7.5,,9.125,8.2,7.5,7.3,Fase 4 (9º ano),4.0,-1,Moderada,False,True,Não atendido
RA-241,Aluno-241,2023,15,Masculino,2016,7.0,Privada - Programa de Apadrinhamento,FASE 4,4,4F,Ametista,7.016,5.0,7.5,9.9,0.0,2.52,8.75,9.545,9.3,7.0,6.2,Fase 5 (1° EM),5.0,-1,Moderada,,,
RA-241,Aluno-241,2024,16,Masculino,2021,3.0,Privada *Parcerias com Bolsa 100%,7E,7,7E,Topázio,8.311616666733334,10.0,6.816666666666667,9.891666667,10.002,7.1975,7.5,7.5,6.15,7.2,7.1,Fase 5 (1° EM),5.0,2,Em fase,,,
RA-242,Aluno-242,2022,13,Masculino,2018,4.0,Rede Decisão,3,3,F,Topázio,8.673,10.0,8.2,9.7,9.6,5.6,,8.708,8.7,7.2,8.7,Fase 3 (7º e 8º ano),3.0,0,Em fase,False,True,Requer avaliação
RA-242,Aluno-242,2023,14,Masculino,2018,5.0,Privada - Programa de Apadrinhamento,FASE 4,4,4F,Topázio,8.221841667,10.0,7.9,9.7,7.1,2.52,8.59375,9.3775,9.3,7.3,7.2,Fase 4 (9° ano),4.0,0,Em fase,,,
RA-242,Aluno-242,2024,15,Masculino,2021,3.0,Privada *Parcerias com Bolsa 100%,7E,7,7E,Topázio,8.2887,10.0,7.650000000000001,9.621,9.585,6.26,7.5,7.5,8.05,8.05,6.85,Fase 5 (1° EM),5.0,2,Em fase,,,
RA-243,Aluno-243,2022,15,Feminino,2022,0.0,Escola Pública,3,3,F,Ágata,6.982,5.0,6.0,8.7,7.1,5.0,,7.875,5.0,5.3,7.7,Fase 5 (1º EM),5.0,-2,Moderada,False,False,Requer avaliação
RA-244,Aluno-244,2022,12,Feminino,2018,4.0,Rede Decisão,3,3,F,Topázio,8.51,10.0,7.8,9.4,7.5,6.3,,9.208,6.7,8.0,8.7,Fase 3 (7º e 8º ano),3.0,0,Em fase,False,True,Requer avaliação
RA-244,Aluno-244,2023,13,Feminino,2018,5.0,Privada - Programa de Apadrinhamento,FASE 4,4,4F,Ametista,7.044333333,10.0,7.3,8.8,0.0,2.52,8.125,8.8325,7.0,8.0,6.8,Fase 3 (7° e 8° ano),3.0,1,Em fase,,,
RA-244,Aluno-244,2024,14,Feminino,2021,3.0,Privada - Programa de Apadrinhamento,5G,5,5G,Topázio,8.7225,10.0,9.5,10.0,7.5,6.26,8.125,8.17,10.0,9.0,9.5,Fase 4 (9° ano),4.0,1,Em fase,,,
RA-245,Aluno-245,2022,14,Masculino,2016,6.0,Rede Decisão,3,3,F,Topázio,8.656,5.0,8.4,9.9,10.0,7.5,,9.25,8.3,8.2,8.8,Fase 4 (9º ano),4.0,-1,Moderada,False,True,Não atendido
RA-245,Aluno-245,2023,15,Masculino,2016,7.0,Privada - Programa de Apadrinhamento,FASE 4,4,4F,Ametista,7.171166667,5.0,8.1,10.0,0.0,2.52,8.75,9.5875,9.3,7.8,7.3,Fase 5 (1° EM),5.0,-1,Moderada,,,
RA-245,Aluno-245,2024,16,Masculino,2021,3.0,Privada - Programa de Apadrinhamento,7E,7,7E,Topázio,8.452633333266668,10.0,8.033333333333333,9.953333333,9.168,6.885,7.5,7.5,8.4,7.6,8.1,Fase 5 (1° EM),5.0,2,Em fase,,,
RA-246,Aluno-246,2022,13,Masculino,2022,0.0,Escola Pública,3,3,F,Topázio,8.639,10.0,7.6,9.4,8.3,7.5,,9.167,8.0,6.7,8.0,Fase 3 (7º e 8º ano),3.0,0,Em fase,True,True,Não atendido
RA-246,Aluno-246,2023,14,Masculino,2022,1.0,Privada,FASE 4,4,4F,Topázio,8.256766667,10.0,6.8,9.9,8.8,4.39,8.125,8.9175,7.7,7.0,5.8,Fase 4 (9° ano),4.0,0,Em fase,,,
RA-246,Aluno-246,2024,15,Masculino,2022,2.0,Privada *Parcerias com Bolsa 100%,7E,7,7E,Quartzo,4.7404,10.0,0.0,0.0,8.334,6.57,7.5,7.5,0.0,0.0,0.0,Fase 5 (1° EM),5.0,2,Em fase,,,
RA-247,Aluno-247,2022,13,Feminino,2021,1.0,Escola Pública,3,3,F,Ametista,7.72,10.0,5.8,8.2,8.3,7.5,,7.875,5.3,5.7,6.3,Fase 3 (7º e 8º ano),3.0,0,Em fase,True,False,Não atendido
RA-247,Aluno-247,2023,13,Feminino,2021,2.0,Pública,FASE 3,3,3B,Ametista,7.221958333,10.0,7.2,8.5,0.0,7.52,8.28125,7.5425,6.5,6.7,8.3,Fase 3 (7° e 8° ano),3.0,0,Em fase,,,
RA-247,Aluno-247,2024,14,Feminino,2021,3.0,Pública,4B,4,4B,Ágata,6.646485739800001,10.0,4.333333333333333,8.306595365666666,0.0,6.26,7.75,8.5875,0.0,5.0,8.0,Fase 4 (9° ano),4.0,0,Em fase,,,
RA-248,Aluno-248,2022,13,Masculino,2022,0.0,Escola Pública,3,3,F,Ametista,7.429,10.0,5.2,7.6,9.2,7.5,,7.292,4.0,5.5,6.0,Fase 3 (7º e 8º ano),3.0,0,Em fase,False,False,Não atendido
RA-249,Aluno-249,2022,14,Masculino,2017,5.0,Escola Pública,3,3,G,Quartzo,5.097,5.0,2.9,7.4,6.7,5.0,,4.292,2.3,4.2,2.2,Fase 4 (9º ano),4.0,-1,Moderada,False,False,Não atendido
RA-249,Aluno-249,2023,15,Masculino,2017,6.0,Pública,FASE 3,3,3F,Quartzo,5.444625,5.0,4.9,8.2,0.0,5.0,5.15625,6.545,6.2,5.3,3.2,Fase 5 (1° EM),5.0,-2,Moderada,,,
RA-249,Aluno-249,2024,16,Masculino,2021,3.0,Pública,4F,4,4F,Ágata,6.125104328999999,5.0,5.0,6.645021645,7.083,5.0,6.75,7.064,1.0,8.0,6.0,Fase 6 (2° EM),6.0,-2,Moderada,,,
RA-25,Aluno-25,2022,17,Feminino,2021,1.0,Escola Pública,6,6,A,Ametista,7.979,5.0,6.9,8.3,8.3,8.8,,9.667,9.2,3.8,7.7,Fase 7 (3º EM),7.0,-1,Moderada,True,True,Sem limitações
RA-25,Aluno-25,2023,18,Feminino,2021,2.0,Privada *Parcerias com Bolsa 100%,FASE 8,8,8E,,,10.0,,,,,,,,,,Fase 8 (Universitários),8.0,0,Em fase,,,
RA-25,Aluno-25,2024,19,Feminino,2021,3.0,Privada *Parcerias com Bolsa 100%,8E,8,8E,,,10.0,,0.0,,,,,,,,Fase 8 (Universitários),8.0,0,Em fase,,,
RA-250,Aluno-250,2022,12,Feminino,2022,0.0,Escola Pública,3,3,G,Ametista,7.958,10.0,6.6,8.6,8.3,7.5,,7.625,6.7,6.5,6.7,Fase 3 (7º e 8º ano),3.0,0,Em fase,True,False,Não atendido
RA-250,Aluno-250,2023,13,Feminino,2022,1.0,Pública,FASE 3,3,3F,Ametista,7.598208333,10.0,8.3,9.3,0.0,5.63,7.96875,8.625,7.7,8.8,8.3,Fase 3 (7° e 8° ano),3.0,0,Em fase,,,
RA-250,Aluno-250,2024,14,Feminino,2022,2.0,Privada - Programa de Apadrinhamento,4H,4,4H,Topázio,9.049892592566668,10.0,9.166666666666666,9.629629629666667,9.168,6.88,8.958333333,8.95,10.0,7.5,10.0,Fase 4 (9° ano),4.0,0,Em fase,,,
RA-251,Aluno-251,2022,15,Masculino,2018,4.0,Escola Pública,3,3,G,Ágata,7.022,5.0,6.3,8.1,10.0,5.6,,6.625,5.3,6.3,7.2,Fase 5 (1º EM),5.0,-2,Moderada,False,False,Sem limitações
RA-251,Aluno-251,2023,15,Masculino,2018,5.0,Pública,FASE 4,4,4N,Ágata,6.665208333,5.0,5.3,8.0,9.6,2.52,7.34375,7.835,5.0,5.5,5.3,Fase 5 (1° EM),5.0,-1,Moderada,,,
RA-251,Aluno-251,2024,16,Masculino,2021,3.0,Pública,5N,5,5N,Ágata,6.7135006212,5.0,4.5,8.612836439,8.751,5.63,6.875,7.326666667,4.0,2.5,7.0,Fase 6 (2° EM),6.0,-1,Moderada,,,
RA-252,Aluno-252,2022,14,Masculino,2018,4.0,Escola Pública,3,3,G,Quartzo,4.277,5.0,0.9,2.8,9.2,7.5,,3.875,1.3,1.2,0.2,Fase 4 (9º ano),4.0,-1,Moderada,False,False,Não atendido
RA-253,Aluno-253,2022,15,Masculino,2019,3.0,Escola Pública,3,3,G,Quartzo,4.312,5.0,1.8,3.6,9.2,5.0,,3.75,1.0,3.7,0.7,Fase 5 (1º EM),5.0,-2,Moderada,False,False,Requer avaliação
RA-254,Aluno-254,2022,14,Masculino,2019,3.0,Escola Pública,3,3,G,Ágata,6.715,5.0,5.3,7.4,10.0,5.6,,6.917,5.0,6.8,4.0,Fase 4 (9º ano),4.0,-1,Moderada,False,False,Requer avaliação
RA-254,Aluno-254,2023,15,Masculino,2019,4.0,Pública,FASE 4,4,4H,,,5.0,5.9,8.8,9.6,,7.8125,7.71,5.7,5.7,6.2,Fase 5 (1° EM),5.0,-1,Moderada,,,
RA-255,Aluno-255,2022,14,Masculino,2019,3.0,Escola Pública,3,3,G,Quartzo,4.563,5.0,1.3,3.8,7.5,5.0,,5.542,1.0,2.3,0.5,Fase 4 (9º ano),4.0,-1,Moderada,False,False,Não indicado
RA-256,Aluno-256,2022,12,Feminino,2019,3.0,Escola Pública,3,3,G,Ametista,7.192,10.0,5.2,8.5,8.8,5.0,,6.708,5.3,6.7,3.5,Fase 3 (7º e 8º ano),3.0,0,Em fase,False,False,Requer avaliação
RA-257,Aluno-257,2022,14,Feminino,2018,4.0,Escola Pública,3,3,G,Quartzo,5.149,5.0,3.6,6.4,0.0,5.6,,6.708,4.0,5.2,1.5,Fase 4 (9º ano),4.0,-1,Moderada,False,False,Requer avaliação
RA-258,Aluno-258,2022,12,Feminino,2018,4.0,Escola Pública,3,3,G,Ágata,6.926,10.0,4.8,7.3,10.0,5.6,,6.125,2.7,6.2,5.5,Fase 3 (7º e 8º ano),3.0,0,Em fase,False,False,Sem limitações
RA-258,Aluno-258,2024,13,Feminino,2021,3.0,Pública,3H,3,3H,Ágata,6.429063888866667,10.0,2.5,6.944444444333333,7.084,7.51,7.34375,6.732,,5.0,0.0,Fase 3 (7° e 8° ano),3.0,0,Em fase,,,
RA-259,Aluno-259,2022,16,Masculino,2017,5.0,Escola Pública,3,3,G,Quartzo,4.182,2.5,0.9,2.9,8.8,7.5,,4.625,0.0,2.7,0.2,Fase 6 (2º EM),6.0,-3,Severa,False,False,Não atendido
RA-26,Aluno-26,2022,17,Masculino,2022,0.0,Escola Pública,6,6,A,Topázio,8.677,5.0,8.0,8.8,9.6,10.0,,10.0,9.5,4.4,10.0,Fase 7 (3º EM),7.0,-1,Moderada,True,True,Sem limitações
RA-26,Aluno-26,2023,18,Masculino,2022,1.0,Privada *Parcerias com Bolsa 100%,FASE 7,7,7E,,,5.0,,,0.0,7.52,,,,,,Fase 8 (Universitários),8.0,-1,Moderada,,,
RA-26,Aluno-26,2024,19,Masculino,2022,2.0,Privada *Parcerias com Bolsa 100%,8F,8,8F,,,10.0,,0.0,,,,,,,,Fase 8 (Universitários),8.0,0,Em fase,,,
RA-260,Aluno-260,2022,13,Feminino,2019,3.0,Escola Pública,3,3,G,Ametista,7.44,10.0,5.0,8.2,10.0,7.5,,6.458,5.7,5.2,4.2,Fase 3 (7º e 8º ano),3.0,0,Em fase,False,False,Não atendido
RA-260,Aluno-260,2023,13,Feminino,2019,4.0,Pública,FASE 3,3,3G,Topázio,8.080008333,10.0,6.1,9.9,9.2,7.52,7.34375,7.4175,6.3,5.2,6.7,Fase 3 (7° e 8° ano),3.0,0,Em fase,,,
RA-260,Aluno-260,2024,15,Feminino,2021,3.0,Pública,4F,4,4F,Topázio,8.448920634933334,10.0,7.0,9.674603174666666,8.751,7.51,7.875,8.502,7.5,5.5,8.0,Fase 4 (9° ano),4.0,0,Em fase,,,
RA-261,Aluno-261,2022,14,Feminino,2019,3.0,Escola Pública,3,3,G,Ágata,6.763,5.0,5.8,7.2,8.8,5.6,,7.042,6.2,5.8,5.5,Fase 4 (9º ano),4.0,-1,Moderada,True,False,Sem limitações
RA-262,Aluno-262,2022,15,Masculino,2021,1.0,Escola Pública,3,3,G,Quartzo,4.786,5.0,3.4,5.8,0.0,5.6,,5.625,1.3,5.5,3.5,Fase 5 (1º EM),5.0,-2,Moderada,False,False,Sem limitações
RA-262,Aluno-262,2023,16,Masculino,2021,2.0,Privada,FASE 4,4,4G,Quartzo,4.406458333,5.0,3.8,3.7,0.0,5.0,7.03125,6.05,5.0,3.3,3.0,Fase 6 (2° EM),6.0,-2,Moderada,,,
RA-262,Aluno-262,2024,17,Masculino,2021,3.0,Privada,4F,4,4F,Quartzo,5.806145462066667,5.0,4.166666666666667,4.854560643666667,7.917,7.51,7.0,6.296,1.0,4.5,7.0,Fase 6 (2° EM),6.0,-2,Moderada,,,
RA-263,Aluno-263,2022,15,Feminino,2019,3.0,Escola Pública,3,3,G,Quartzo,5.319,5.0,3.7,5.6,5.8,7.5,,4.417,3.0,2.8,5.4,Fase 5 (1º EM),5.0,-2,Moderada,False,False,Não atendido
RA-264,Aluno-264,2022,15,Feminino,2022,0.0,Escola Pública,3,3,I,Ametista,7.087,5.0,5.8,9.2,10.0,5.6,,6.625,6.0,5.5,,Fase 5 (1º EM),5.0,-2,Moderada,False,False,Requer avaliação
RA-265,Aluno-265,2022,13,Masculino,2019,3.0,Escola Pública,3,3,I,Ametista,7.926,10.0,6.9,7.7,8.3,7.5,,7.917,5.3,7.0,8.5,Fase 3 (7º e 8º ano),3.0,0,Em fase,True,False,Não atendido
RA-265,Aluno-265,2023,14,Masculino,2019,4.0,Pública,FASE 4,4,4H,,,10.0,7.0,8.7,8.3,,7.96875,7.88,7.3,6.8,6.8,Fase 4 (9° ano),4.0,0,Em fase,,,
RA-266,Aluno-266,2022,16,Feminino,2019,3.0,Escola Pública,3,3,I,Quartzo,5.987,2.5,6.0,5.8,7.5,5.6,,6.583,5.0,6.7,6.3,Fase 6 (2º EM),6.0,-3,Severa,False,False,Requer avaliação
RA-267,Aluno-267,2022,15,Feminino,2016,6.0,Escola Pública,3,3,I,Ágata,6.012,5.0,3.3,7.4,10.0,5.0,,6.292,2.3,4.8,2.7,Fase 5 (1º EM),5.0,-2,Moderada,False,False,Não indicado
RA-267,Aluno-267,2023,16,Feminino,2016,7.0,Pública,FASE 4,4,4H,,,5.0,2.7,7.7,7.9,,4.6875,6.505,2.7,4.0,1.3,Fase 6 (2° EM),6.0,-2,Moderada,,,
RA-267,Aluno-267,2024,17,Feminino,2021,3.0,Pública,5G,5,5G,Quartzo,5.8963067819666675,5.0,2.0,8.285533910333333,10.002,6.26,4.583333333,6.273333333,0.0,2.0,4.0,Fase 7 (3° EM),7.0,-2,Moderada,,,
RA-268,Aluno-268,2022,14,Feminino,2021,1.0,Escola Pública,3,3,K,Ágata,6.695,5.0,5.7,6.7,9.2,6.3,,7.208,7.0,6.8,3.2,Fase 4 (9º ano),4.0,-1,Moderada,True,False,Requer avaliação
RA-269,Aluno-269,2022,13,Masculino,2022,0.0,Escola Pública,3,3,K,Topázio,8.231,10.0,8.9,8.6,9.2,6.3,,7.25,8.7,9.5,8.5,Fase 3 (7º e 8º ano),3.0,0,Em fase,False,False,Requer avaliação
RA-269,Aluno-269,2023,14,Masculino,2022,1.0,Pública,FASE 4,4,4L,Topázio,8.116041667,10.0,7.4,9.0,9.6,2.52,8.59375,8.7975,8.0,7.3,7.0,Fase 4 (9° ano),4.0,0,Em fase,,,
RA-269,Aluno-269,2024,15,Masculino,2022,2.0,Privada *Parcerias com Bolsa 100%,7E,7,7E,Topázio,8.4773,10.0,8.200000000000001,9.6,9.168,7.505,7.5,7.5,8.1,8.6,7.9,Fase 5 (1° EM),5.0,2,Em fase,,,
RA-27,Aluno-27,2022,17,Masculino,2016,6.0,Rede Decisão,6,6,A,Ametista,7.124,5.0,8.0,7.6,0.0,8.1,,9.111,7.7,6.3,10.0,Fase 7 (3º EM),7.0,-1,Moderada,False,True,Sem limitações
RA-27,Aluno-27,2023,17,Masculino,2016,7.0,Privada - Programa de Apadrinhamento,FASE 7,7,7A,Ametista,7.921266667,10.0,6.9,7.7,6.7,6.89,8.625,8.8825,7.0,5.8,8.0,Fase 7 (3° EM),7.0,0,Em fase,,,
RA-27,Aluno-27,2024,18,Masculino,2021,3.0,Privada *Parcerias com Bolsa 100%,8F,8,8F,,,10.0,,0.0,,,,,,,,Fase 8 (Universitários),8.0,0,Em fase,,,
RA-270,Aluno-270,2022,13,Feminino,2019,3.0,Rede Decisão,3,3,K,Topázio,8.226,10.0,7.9,8.4,8.3,6.9,,8.125,8.0,7.2,8.5,Fase 3 (7º e 8º ano),3.0,0,Em fase,False,False,Não atendido
RA-270,Aluno-270,2023,14,Feminino,2019,4.0,Privada - Programa de Apadrinhamento,FASE 4,4,4M,Ametista,7.982633333,10.0,6.6,9.0,9.2,2.52,8.75,9.1275,7.7,6.2,5.8,Fase 4 (9° ano),4.0,0,Em fase,,,
RA-270,Aluno-270,2024,15,Feminino,2021,3.0,Privada - Programa de Apadrinhamento,7E,7,7E,Quartzo,4.79255,10.0,0.0,0.0,9.168,6.2575,7.5,7.5,0.0,0.0,0.0,Fase 5 (1° EM),5.0,2,Em fase,,,
RA-271,Aluno-271,2022,15,Feminino,2022,0.0,Escola Pública,3,3,K,Ametista,7.255,5.0,7.1,8.5,9.2,5.6,,6.958,6.3,6.5,8.3,Fase 5 (1º EM),5.0,-2,Moderada,True,False,Requer avaliação
RA-271,Aluno-271,2023,16,Feminino,2022,1.0,Pública,FASE 4,4,4M,Ágata,6.140333333,5.0,5.9,9.3,0.0,2.52,8.125,7.7125,4.3,7.0,6.3,Fase 6 (2° EM),6.0,-2,Moderada,,,
RA-271,Aluno-271,2024,17,Feminino,2022,2.0,Pública,5M,5,5M,Ametista,7.400633333333334,5.0,7.333333333333333,8.958333333333334,9.168,6.26,7.5,6.7475,5.0,7.5,9.5,Fase 6 (2° EM),6.0,-1,Moderada,,,
RA-272,Aluno-272,2022,14,Masculino,2021,1.0,Escola Pública,3,3,K,Ágata,6.361,5.0,5.1,5.7,9.2,7.5,,6.417,5.0,6.8,3.5,Fase 4 (9º ano),4.0,-1,Moderada,False,False,Não atendido
RA-273,Aluno-273,2022,14,Feminino,2018,4.0,Escola Pública,3,3,K,Quartzo,5.679,5.0,3.0,5.3,9.2,7.5,,5.833,3.8,4.7,0.5,Fase 4 (9º ano),4.0,-1,Moderada,False,False,Não atendido
RA-273,Aluno-273,2023,14,Feminino,2018,5.0,Pública,FASE 3,3,3L,Ágata,6.337116667,5.0,5.0,7.4,7.9,2.52,7.8125,7.6275,5.3,6.8,3.0,Fase 4 (9° ano),4.0,-1,Moderada,,,
RA-273,Aluno-273,2024,16,Feminino,2021,3.0,Pública,4N,4,4N,Ágata,6.5991307798,5.0,4.5,7.323153899,9.168,6.26,8.125,6.896,3.0,6.5,4.0,Fase 5 (1° EM),5.0,-1,Moderada,,,
RA-274,Aluno-274,2022,11,Feminino,2019,3.0,Rede Decisão,3,3,K,Ametista,7.946,10.0,8.1,8.3,7.9,7.5,,7.0,8.1,9.3,7.0,Fase 2 (5º e 6º ano),2.0,1,Em fase,False,False,Não atendido
RA-274,Aluno-274,2023,12,Feminino,2019,4.0,Privada - Programa de Apadrinhamento,FASE 4,4,4M,Topázio,8.137625,10.0,7.5,9.5,7.5,5.63,7.65625,8.295,7.0,7.7,7.8,Fase 3 (7° e 8° ano),3.0,1,Em fase,,,
RA-274,Aluno-274,2024,13,Feminino,2021,3.0,Privada - Programa de Apadrinhamento,5L,5,5L,Topázio,8.651029629666667,10.0,9.333333333333334,9.648148147999999,8.334,5.635,8.125,8.226666667,9.0,9.0,10.0,Fase 3 (7° e 8° ano),3.0,2,Em fase,,,
RA-275,Aluno-275,2022,15,Masculino,2018,4.0,Escola Pública,3,3,K,Ágata,6.665,5.0,4.6,6.9,9.6,7.5,,6.667,5.0,6.0,2.7,Fase 5 (1º EM),5.0,-2,Moderada,True,False,Não atendido
RA-276,Aluno-276,2022,14,Feminino,2017,5.0,Escola Pública,3,3,K,Quartzo,5.527,5.0,4.3,5.7,7.1,5.6,,5.125,3.7,6.0,3.3,Fase 4 (9º ano),4.0,-1,Moderada,False,False,Não indicado
RA-276,Aluno-276,2023,14,Feminino,2017,6.0,Privada - Programa de Apadrinhamento,FASE 4,4,4M,Ágata,6.690458333,10.0,5.5,8.5,6.3,2.52,7.03125,6.585,3.7,4.7,8.0,Fase 4 (9° ano),4.0,0,Em fase,,,
RA-277,Aluno-277,2022,14,Masculino,2021,1.0,Escola Pública,3,3,K,Ametista,7.411,5.0,7.4,8.8,7.1,7.5,,7.208,7.2,7.0,8.2,Fase 4 (9º ano),4.0,-1,Moderada,True,False,Não atendido
RA-277,Aluno-277,2023,15,Masculino,2021,2.0,Pública,FASE 4,4,4M,Ametista,7.7284,5.0,5.5,9.9,8.3,7.52,8.125,8.7525,5.7,6.0,4.8,Fase 5 (1° EM),5.0,-1,Moderada,,,
RA-277,Aluno-277,2024,16,Masculino,2021,3.0,Privada *Parcerias com Bolsa 100%,7E,7,7E,Topázio,8.0689833334,10.0,6.8999999999999995,9.741666667,8.334,6.5725,7.5,7.5,6.5,8.15,6.05,Fase 5 (1° EM),5.0,2,Em fase,,,
RA-278,Aluno-278,2022,12,Masculino,2018,4.0,Rede Decisão,3,3,K,Ametista,7.741,10.0,6.0,9.2,8.8,5.6,,7.417,5.7,5.8,6.4,Fase 3 (7º e 8º ano),3.0,0,Em fase,False,False,Requer avaliação
RA-278,Aluno-278,2023,13,Masculino,2018,5.0,Pública,FASE 4,4,4M,Ametista,7.1935,10.0,5.6,9.8,0.0,5.63,8.75,8.3775,6.0,5.3,5.5,Fase 3 (7° e 8° ano),3.0,1,Em fase,,,
RA-278,Aluno-278,2024,14,Masculino,2021,3.0,Privada - Programa de Apadrinhamento,5N,5,5N,Topázio,8.907314492800001,10.0,9.333333333333334,9.855072463666666,9.168,7.51,8.125,7.946666667,9.0,9.0,10.0,Fase 4 (9° ano),4.0,1,Em fase,,,
RA-279,Aluno-279,2022,13,Masculino,2019,3.0,Rede Decisão,3,3,K,Topázio,8.815,10.0,9.1,9.9,9.2,6.3,,8.208,9.7,8.3,9.3,Fase 3 (7º e 8º ano),3.0,0,Em fase,False,False,Sem limitações
RA-279,Aluno-279,2023,14,Masculino,2019,4.0,Pública,FASE 4,4,4M,Topázio,9.006266667,10.0,8.9,10.0,8.8,6.27,8.75,9.2125,9.0,8.5,9.3,Fase 4 (9° ano),4.0,0,Em fase,,,
RA-279,Aluno-279,2024,15,Masculino,2021,3.0,Privada - Programa de Apadrinhamento,5N,5,5N,Topázio,9.113133333366667,10.0,9.333333333333334,10.0,9.168,7.51,8.333333333,8.726666667,10.0,8.0,10.0,Fase 4 (9° ano),4.0,1,Em fase,,,
RA-28,Aluno-28,2022,17,Feminino,2019,3.0,Escola Pública,6,6,A,Ágata,6.242,5.0,5.0,6.1,7.9,7.5,,6.333,8.2,1.5,5.3,Fase 7 (3º EM),7.0,-1,Moderada,False,False,Requer avaliação
RA-280,Aluno-280,2022,13,Feminino,2021,1.0,Rede Decisão,3,3,K,Ametista,8.046,10.0,7.1,9.2,7.5,7.5,,7.333,5.7,7.0,8.7,Fase 3 (7º e 8º ano),3.0,0,Em fase,False,False,Sem limitações
RA-280,Aluno-280,2023,14,Feminino,2021,2.0,Privada - Programa de Apadrinhamento,FASE 4,4,4M,Topázio,8.189225,10.0,6.5,9.5,6.7,7.52,8.28125,8.7125,6.3,7.7,5.5,Fase 4 (9° ano),4.0,0,Em fase,,,
RA-280,Aluno-280,2024,15,Feminino,2021,3.0,Privada - Programa de Apadrinhamento,5N,5,5N,Topázio,8.822714492700001,10.0,9.333333333333334,9.855072463666666,7.917,6.26,8.333333333,8.67,10.0,8.0,10.0,Fase 4 (9° ano),4.0,1,Em fase,,,
RA-281,Aluno-281,2022,13,Feminino,2019,3.0,Escola Pública,3,3,K,Ágata,6.806,10.0,5.9,6.9,6.7,7.5,,5.625,5.0,6.8,6.0,Fase 3 (7º e 8º ano),3.0,0,Em fase,False,False,Sem limitações
RA-282,Aluno-282,2022,13,Feminino,2019,3.0,Escola Pública,3,3,K,Ágata,6.618,10.0,4.0,6.8,8.8,7.5,,5.625,4.7,6.3,1.0,Fase 3 (7º e 8º ano),3.0,0,Em fase,False,False,Sem limitações
RA-283,Aluno-283,2022,14,Masculino,2020,2.0,Escola Pública,3,3,K,Ametista,7.131,5.0,5.6,8.8,9.6,7.5,,6.625,4.5,5.8,6.6,Fase 4 (9º ano),4.0,-1,Moderada,False,False,Não atendido
RA-283,Aluno-283,2023,15,Masculino,2020,3.0,Pública,FASE 3,3,3N,Ametista,7.549025,5.0,6.8,9.5,8.3,7.52,7.03125,7.5025,6.8,4.8,8.8,Fase 5 (1° EM),5.0,-2,Moderada,,,
RA-283,Aluno-283,2024,16,Masculino,2021,3.0,Pública,4N,4,4N,Ametista,7.9444309524,5.0,8.0,9.761904762,8.751,6.885,7.8125,7.736,6.5,8.0,9.5,Fase 6 (2° EM),6.0,-2,Moderada,,,
RA-284,Aluno-284,2022,13,Masculino,2022,0.0,Escola Pública,3,3,L,Quartzo,5.939,10.0,3.8,5.1,6.7,5.6,,5.958,7.0,4.5,0.0,Fase 3 (7º e 8º ano),3.0,0,Em fase,False,False,Sem limitações
RA-285,Aluno-285,2022,16,Feminino,2020,2.0,Escola Pública,3,3,L,Quartzo,5.063,2.5,2.8,4.1,9.2,7.5,,5.75,4.0,3.2,1.2,Fase 6 (2º EM),6.0,-3,Severa,False,False,Sem limitações
RA-285,Aluno-285,2023,17,Feminino,2020,3.0,Pública,FASE 4,4,4N,Quartzo,5.380358333,2.5,4.7,4.6,8.3,2.52,7.65625,7.13,4.0,6.0,4.0,Fase 7 (3° EM),7.0,-3,Severa,,,
RA-286,Aluno-286,2022,15,Feminino,2022,0.0,Escola Pública,3,3,L,Quartzo,5.424,5.0,3.0,5.8,7.1,6.3,,5.625,4.7,2.3,2.0,Fase 5 (1º EM),5.0,-2,Moderada,False,False,Sem limitações
RA-286,Aluno-286,2023,15,Feminino,2022,1.0,Pública,FASE 4,4,4L,Quartzo,5.713333333,5.0,4.7,7.5,0.0,5.0,8.125,7.3375,3.7,5.0,5.3,Fase 5 (1° EM),5.0,-1,Moderada,,,
RA-286,Aluno-286,2024,16,Feminino,2022,2.0,Pública,5M,5,5M,Quartzo,5.123180882333333,5.0,3.1666666666666665,4.031862745000001,6.666,6.26,7.34375,5.7825,5.0,0.0,4.5,Fase 6 (2° EM),6.0,-1,Moderada,,,
RA-287,Aluno-287,2022,17,Feminino,2022,0.0,Escola Pública,3,3,L,Quartzo,3.7,2.5,1.1,3.4,7.9,5.0,,4.292,0.7,2.5,0.2,Fase 7 (3º EM),7.0,-4,Severa,False,False,Requer avaliação
RA-287,Aluno-287,2023,18,Feminino,2022,1.0,Pública,FASE 4,4,4N,Quartzo,3.745541667,2.5,3.9,4.8,0.0,2.52,4.21875,5.375,3.0,2.3,6.5,Fase 8 (Universitários),8.0,-4,Severa,,,
RA-288,Aluno-288,2022,16,Feminino,2022,0.0,Escola Pública,3,3,L,Quartzo,4.097,2.5,0.0,5.6,0.0,6.3,,6.833,,,,Fase 6 (2º EM),6.0,-3,Severa,False,False,Sem limitações
RA-289,Aluno-289,2022,14,Feminino,2020,2.0,Escola Pública,3,3,L,Ágata,6.236,5.0,6.8,7.8,0.0,6.3,,7.25,5.3,7.5,7.5,Fase 4 (9º ano),4.0,-1,Moderada,False,False,Sem limitações
RA-29,Aluno-29,2022,17,Masculino,2022,0.0,Escola Pública,6,6,A,Quartzo,4.985,5.0,3.7,4.0,0.0,8.8,,7.611,6.3,1.1,3.8,Fase 7 (3º EM),7.0,-1,Moderada,True,False,Requer avaliação
RA-29,Aluno-29,2023,18,Masculino,2022,1.0,Privada *Parcerias com Bolsa 100%,FASE 8,8,8E,,,10.0,,,,,,,,,,Fase 8 (Universitários),8.0,0,Em fase,,,
RA-29,Aluno-29,2024,19,Masculino,2022,2.0,Privada - Pagamento por *Empresa Parceira,8E,8,8E,,,10.0,,0.0,,,,,,,,Fase 8 (Universitários),8.0,0,Em fase,,,
RA-290,Aluno-290,2022,17,Feminino,2022,0.0,Escola Pública,3,3,L,Quartzo,4.929,2.5,1.7,3.9,10.0,6.3,,6.042,1.0,2.3,1.8,Fase 7 (3º EM),7.0,-4,Severa,False,False,Sem limitações
RA-291,Aluno-291,2022,13,Masculino,2022,0.0,Escola Pública,3,3,L,Topázio,8.122,10.0,8.0,8.2,8.3,6.9,,7.792,8.0,7.5,8.5,Fase 3 (7º e 8º ano),3.0,0,Em fase,True,False,Sem limitações
RA-291,Aluno-291,2023,14,Masculino,2022,1.0,Privada - Programa de Apadrinhamento,FASE 4,4,4M,Topázio,8.493058333,10.0,7.1,8.6,8.8,7.52,8.90625,9.21,8.0,6.5,6.7,Fase 4 (9° ano),4.0,0,Em fase,,,
RA-291,Aluno-291,2024,15,Masculino,2022,2.0,Privada - Programa de Apadrinhamento,7E,7,7E,Ametista,7.9319666667333335,10.0,6.166666666666667,9.737666667,8.751,6.26,7.5,7.5,6.0,6.5,6.0,Fase 5 (1° EM),5.0,2,Em fase,,,
RA-292,Aluno-292,2022,16,Masculino,2022,0.0,Escola Pública,3,3,L,Quartzo,4.837,2.5,1.8,3.7,7.9,7.5,,6.292,0.0,5.0,0.5,Fase 6 (2º EM),6.0,-3,Severa,False,False,Não atendido
RA-293,Aluno-293,2022,13,Masculino,2022,0.0,Escola Pública,3,3,L,Quartzo,4.875,10.0,2.3,2.9,8.8,7.5,,3.333,2.0,3.8,1.0,Fase 3 (7º e 8º ano),3.0,0,Em fase,False,False,Não atendido
RA-294,Aluno-294,2022,18,Feminino,2022,0.0,Escola Pública,3,3,L,Quartzo,5.031,2.5,0.0,5.8,9.6,7.5,,5.917,,,,Fase 8 (Universitários),8.0,-5,Severa,False,False,Não atendido
RA-295,Aluno-295,2022,14,Feminino,2022,0.0,Escola Pública,3,3,M,Ametista,7.305,5.0,6.9,8.0,7.9,7.5,,7.375,5.3,7.7,7.7,Fase 4 (9º ano),4.0,-1,Moderada,True,False,Não atendido
RA-295,Aluno-295,2023,15,Feminino,2022,1.0,Pública,FASE 4,4,4L,Ametista,7.641016667,5.0,7.7,8.8,8.8,2.52,9.0625,9.005,7.3,7.2,8.7,Fase 5 (1° EM),5.0,-1,Moderada,,,
RA-296,Aluno-296,2022,15,Feminino,2022,0.0,Escola Pública,3,3,M,Quartzo,4.665,5.0,2.8,3.6,8.8,7.5,,3.833,5.7,2.7,0.2,Fase 5 (1º EM),5.0,-2,Moderada,False,False,Não atendido
RA-297,Aluno-297,2022,13,Feminino,2022,0.0,Escola Pública,3,3,M,Ametista,7.478,10.0,6.6,7.9,7.1,6.3,,7.417,6.3,5.3,8.2,Fase 3 (7º e 8º ano),3.0,0,Em fase,True,False,Sem limitações
RA-298,Aluno-298,2022,13,Masculino,2019,3.0,Escola Pública,3,3,M,Ágata,6.409,10.0,5.2,6.3,9.2,5.6,,5.417,5.5,4.8,,Fase 3 (7º e 8º ano),3.0,0,Em fase,False,False,Sem limitações
RA-298,Aluno-298,2023,14,Masculino,2019,4.0,Pública,FASE 3,3,3K,Ágata,6.824333333,5.0,5.5,8.6,9.6,2.52,7.5,7.7525,7.7,4.5,4.2,Fase 4 (9° ano),4.0,-1,Moderada,,,
RA-299,Aluno-299,2022,13,Feminino,2019,3.0,Rede Decisão,3,3,M,Ametista,7.278,10.0,6.8,8.2,7.1,5.0,,6.708,6.3,7.3,6.7,Fase 3 (7º e 8º ano),3.0,0,Em fase,False,False,Requer avaliação
RA-299,Aluno-299,2023,14,Feminino,2019,4.0,Privada - Programa de Apadrinhamento,FASE 4,4,4M,Ágata,6.796541667,10.0,6.1,9.6,0.0,2.52,7.96875,8.005,5.0,7.2,6.2,Fase 4 (9° ano),4.0,0,Em fase,,,
RA-299,Aluno-299,2024,15,Feminino,2021,3.0,Privada - Programa de Apadrinhamento,5N,5,5N,Topázio,8.177186956533333,10.0,8.166666666666666,8.963768115999999,8.751,6.26,7.5,7.5,8.0,7.5,9.0,Fase 4 (9° ano),4.0,1,Em fase,,,
RA-3,Aluno-3,2022,17,Feminino,2016,6.0,Rede Decisão,7,7,A,Ágata,6.591,10.0,5.6,7.9,0.0,5.6,,7.556,5.8,4.0,6.9,Fase 7 (3º EM),7.0,0,Em fase,False,False,Sem limitações
RA-30,Aluno-30,2022,16,Feminino,2021,1.0,Escola Pública,6,6,A,Ametista,7.605,10.0,7.5,6.4,8.8,7.5,,7.333,8.5,4.4,9.7,Fase 6 (2º EM),6.0,0,Em fase,False,False,Sem limitações
RA-300,Aluno-300,2022,14,Masculino,2022,0.0,Escola Pública,3,3,M,Quartzo,5.557,5.0,3.1,6.9,5.4,6.3,,5.875,2.7,4.8,1.7,Fase 4 (9º ano),4.0,-1,Moderada,True,False,Sem limitações
RA-300,Aluno-300,2023,15,Masculino,2022,1.0,Pública,FASE 3,3,3K,Quartzo,5.616691667,5.0,4.5,7.5,5.0,2.52,6.40625,6.5875,4.5,5.3,3.8,Fase 5 (1° EM),5.0,-2,Moderada,,,
RA-301,Aluno-301,2022,13,Feminino,2019,3.0,Escola Pública,3,3,M,Ágata,6.802,10.0,6.3,5.8,8.8,5.6,,6.042,6.5,7.2,5.4,Fase 3 (7º e 8º ano),3.0,0,Em fase,True,False,Sem limitações
RA-301,Aluno-301,2023,14,Feminino,2019,4.0,Pública,FASE 4,4,4L,Ágata,6.760341667,10.0,5.2,5.4,9.2,7.52,6.71875,6.465,4.7,6.5,4.5,Fase 4 (9° ano),4.0,0,Em fase,,,
RA-301,Aluno-301,2024,15,Feminino,2021,3.0,Pública,4M,4,4M,Topázio,8.410830701766667,10.0,9.0,7.4947368423333325,9.168,7.51,8.020833333,8.21,10.0,9.0,8.0,Fase 4 (9° ano),4.0,0,Em fase,,,
RA-302,Aluno-302,2022,16,Masculino,2022,0.0,Escola Pública,3,3,M,Ágata,6.334,2.5,4.8,7.7,9.2,6.9,,6.208,4.3,5.0,5.0,Fase 6 (2º EM),6.0,-3,Severa,False,False,Sem limitações
RA-302,Aluno-302,2023,17,Masculino,2022,1.0,Pública,FASE 5,5,5L,Quartzo,5.314333333,5.0,4.3,7.3,0.0,5.0,7.5,6.255,4.7,2.3,5.8,Fase 7 (3° EM),7.0,-2,Moderada,,,
RA-303,Aluno-303,2022,14,Masculino,2019,3.0,Escola Pública,3,3,M,Ágata,6.03,5.0,3.9,7.2,7.5,7.5,,5.375,3.8,4.0,,Fase 4 (9º ano),4.0,-1,Moderada,False,False,Não atendido
RA-303,Aluno-303,2023,15,Masculino,2019,4.0,Pública,FASE 3,3,3M,Quartzo,5.914291667,5.0,5.1,7.3,0.0,7.52,7.65625,7.05,5.7,5.2,4.5,Fase 5 (1° EM),5.0,-2,Moderada,,,
RA-303,Aluno-303,2024,16,Masculino,2021,3.0,Pública,4M,4,4M,Ágata,6.2443426900666665,5.0,5.666666666666667,3.9520467836666664,8.751,7.51,6.875,7.535,5.0,5.0,7.0,Fase 6 (2° EM),6.0,-2,Moderada,,,
RA-304,Aluno-304,2022,15,Masculino,2020,2.0,Escola Pública,3,3,M,Ágata,6.355,5.0,4.3,7.7,8.8,7.5,,5.542,3.0,5.5,,Fase 5 (1º EM),5.0,-2,Moderada,True,False,Não atendido
RA-304,Aluno-304,2023,15,Masculino,2020,3.0,Pública,FASE 3,3,3N,Ágata,6.241583333,5.0,5.7,8.8,0.0,5.0,7.8125,7.835,7.0,3.7,6.3,Fase 5 (1° EM),5.0,-2,Moderada,,,
RA-304,Aluno-304,2024,16,Masculino,2021,3.0,Pública,3N,3,3N,Ágata,6.852411484600001,2.5,7.166666666666667,7.826890756333333,10.002,7.51,6.875,5.825,9.0,5.5,7.0,Fase 6 (2° EM),6.0,-3,Severa,,,
RA-305,Aluno-305,2022,14,Masculino,2019,3.0,Escola Pública,3,3,M,Ágata,6.058,5.0,4.8,6.6,7.9,7.5,,5.208,2.8,6.7,,Fase 4 (9º ano),4.0,-1,Moderada,False,False,Não atendido
RA-305,Aluno-305,2023,15,Masculino,2019,4.0,Pública,FASE 3,3,3L,Ágata,6.394291667,5.0,5.2,8.9,0.0,7.52,7.65625,7.75,5.2,4.8,5.7,Fase 5 (1° EM),5.0,-2,Moderada,,,
RA-305,Aluno-305,2024,16,Masculino,2021,3.0,Pública,4N,4,4N,Ágata,6.693026811600001,5.0,4.833333333333333,7.898550724666666,8.334,6.26,7.8125,7.03,3.0,3.0,8.5,Fase 5 (1° EM),5.0,-1,Moderada,,,
RA-306,Aluno-306,2022,14,Feminino,2021,1.0,Escola Pública,3,3,M,Ágata,6.427,5.0,5.2,6.8,8.3,7.5,,5.958,4.7,5.8,5.0,Fase 4 (9º ano),4.0,-1,Moderada,False,False,Não atendido
RA-306,Aluno-306,2023,15,Feminino,2021,2.0,Pública,FASE 4,4,4M,Quartzo,5.732375,5.0,4.0,7.9,0.0,6.26,7.34375,7.46,4.7,4.5,2.8,Fase 5 (1° EM),5.0,-1,Moderada,,,
RA-306,Aluno-306,2024,16,Feminino,2021,3.0,Pública,5M,5,5M,Ágata,6.1661539474,5.0,2.8333333333333335,7.699561403666666,7.917,7.51,7.34375,6.4125,3.5,1.5,3.5,Fase 6 (2° EM),6.0,-1,Moderada,,,
RA-307,Aluno-307,2022,14,Masculino,2022,0.0,Escola Pública,3,3,M,Quartzo,4.733,5.0,2.5,4.5,5.4,7.5,,4.708,5.0,0.0,,Fase 4 (9º ano),4.0,-1,Moderada,False,False,Não atendido
RA-307,Aluno-307,2023,15,Masculino,2022,1.0,Pública,FASE 3,3,3N,Ágata,6.047333333,5.0,6.3,6.5,0.0,7.52,7.5,7.46,6.3,7.3,5.2,Fase 5 (1° EM),5.0,-2,Moderada,,,
RA-308,Aluno-308,2022,13,Masculino,2019,3.0,Escola Pública,3,3,M,Ágata,6.93,10.0,5.0,7.4,7.9,6.9,,6.167,6.7,5.5,2.8,Fase 3 (7º e 8º ano),3.0,0,Em fase,True,False,Sem limitações
RA-308,Aluno-308,2023,14,Masculino,2019,4.0,Pública,FASE 4,4,4L,Ágata,6.578558333,10.0,4.9,6.8,5.4,5.0,7.03125,7.5025,4.7,5.2,4.7,Fase 4 (9° ano),4.0,0,Em fase,,,
RA-308,Aluno-308,2024,15,Masculino,2021,3.0,Pública,5M,5,5M,Ametista,7.489282456133334,10.0,6.5,8.714912280666667,7.083,5.635,7.5,7.1225,5.5,7.0,7.0,Fase 4 (9° ano),4.0,1,Em fase,,,
RA-309,Aluno-309,2022,14,Feminino,2022,0.0,Escola Pública,3,3,M,Ágata,6.151,5.0,6.5,5.2,9.2,7.5,,5.083,7.0,6.0,,Fase 4 (9º ano),4.0,-1,Moderada,False,False,Não atendido
RA-31,Aluno-31,2022,17,Feminino,2019,3.0,Rede Decisão,6,6,A,Topázio,8.843,5.0,8.0,9.5,10.0,9.4,,10.0,9.0,5.7,9.3,Fase 7 (3º EM),7.0,-1,Moderada,False,True,Sem limitações
RA-31,Aluno-31,2023,18,Feminino,2019,4.0,Privada *Parcerias com Bolsa 100%,FASE 8,8,8E,,,10.0,,,,,,,,,,Fase 8 (Universitários),8.0,0,Em fase,,,
RA-31,Aluno-31,2024,19,Feminino,2021,3.0,Privada *Parcerias com Bolsa 100%,8E,8,8E,,,10.0,,0.0,,,,,,,,Fase 8 (Universitários),8.0,0,Em fase,,,
RA-310,Aluno-310,2022,15,Feminino,2022,0.0,Escola Pública,3,3,M,Ágata,6.4,5.0,4.5,7.5,7.9,7.5,,6.0,3.7,3.8,6.0,Fase 5 (1º EM),5.0,-2,Moderada,True,False,Não atendido
RA-311,Aluno-311,2022,16,Feminino,2022,0.0,Escola Pública,3,3,N,Quartzo,5.652,2.5,5.2,5.6,7.9,5.0,,6.222,5.0,6.2,4.3,Fase 6 (2º EM),6.0,-3,Severa,False,False,Requer avaliação
RA-312,Aluno-312,2022,13,Feminino,2022,0.0,Escola Pública,3,3,N,Ametista,7.339,10.0,5.2,8.1,9.6,7.5,,6.167,6.0,4.5,5.0,Fase 3 (7º e 8º ano),3.0,0,Em fase,False,False,Não atendido
RA-313,Aluno-313,2022,14,Feminino,2022,0.0,Escola Pública,3,3,N,Quartzo,5.8,5.0,4.1,7.0,7.5,5.0,,5.889,4.7,5.0,2.5,Fase 4 (9º ano),4.0,-1,Moderada,False,False,Requer avaliação
RA-313,Aluno-313,2023,14,Feminino,2022,1.0,Pública,FASE 4,4,4L,Ametista,7.011091667,10.0,3.9,8.7,9.2,2.52,7.65625,7.75,4.0,2.8,5.0,Fase 4 (9° ano),4.0,0,Em fase,,,
RA-313,Aluno-313,2024,15,Feminino,2022,2.0,Pública,4L,4,4L,Ametista,7.2528500000000005,5.0,4.833333333333333,9.666666666666666,8.751,5.63,7.8125,8.1675,1.0,8.0,5.5,Fase 5 (1° EM),5.0,-1,Moderada,,,
RA-314,Aluno-314,2022,13,Feminino,2022,0.0,Escola Pública,3,3,N,Ágata,6.1,10.0,5.3,5.4,5.4,5.0,,6.0,4.3,3.3,8.3,Fase 3 (7º e 8º ano),3.0,0,Em fase,False,False,Requer avaliação
RA-315,Aluno-315,2022,13,Feminino,2022,0.0,Escola Pública,3,3,N,Quartzo,5.672,10.0,3.0,5.1,6.7,7.5,,5.056,3.0,4.2,1.8,Fase 3 (7º e 8º ano),3.0,0,Em fase,False,False,Não atendido
RA-315,Aluno-315,2023,14,Feminino,2022,1.0,Pública,FASE 3,3,3N,Quartzo,5.977708333,5.0,6.3,6.8,0.0,5.0,7.96875,7.8375,5.7,6.8,6.3,Fase 4 (9° ano),4.0,-1,Moderada,,,
RA-315,Aluno-315,2024,15,Feminino,2022,2.0,Pública,4M,4,4M,Ágata,6.0768703704,5.0,6.833333333333333,5.918518518666667,0.0,7.51,7.5,7.6275,6.5,6.5,7.5,Fase 5 (1° EM),5.0,-1,Moderada,,,
RA-316,Aluno-316,2022,14,Feminino,2022,0.0,Escola Pública,3,3,N,Ametista,7.889,5.0,6.1,10.0,10.0,6.9,,8.389,7.0,6.5,4.7,Fase 4 (9º ano),4.0,-1,Moderada,True,True,Não atendido
RA-316,Aluno-316,2023,14,Feminino,2022,1.0,Pública,FASE 4,4,4M,Topázio,8.436908333,10.0,5.7,9.5,10.0,7.52,8.59375,8.96,6.3,5.7,5.0,Fase 4 (9° ano),4.0,0,Em fase,,,
RA-316,Aluno-316,2024,15,Feminino,2022,2.0,Privada - Programa de Apadrinhamento,5M,5,5M,Topázio,8.708925,10.0,8.0,10.0,9.168,7.51,7.65625,8.3775,8.5,7.0,8.5,Fase 5 (1° EM),5.0,0,Em fase,,,
RA-317,Aluno-317,2022,13,Masculino,2021,1.0,Escola Pública,3,3,N,Ametista,7.04,10.0,6.8,5.6,8.8,7.5,,5.944,4.7,5.7,10.0,Fase 3 (7º e 8º ano),3.0,0,Em fase,False,False,Não atendido
RA-318,Aluno-318,2022,14,Feminino,2019,3.0,Escola Pública,3,3,N,Ágata,6.527,5.0,5.8,6.9,8.3,6.9,,6.111,4.3,5.8,7.3,Fase 4 (9º ano),4.0,-1,Moderada,False,False,Sem limitações
RA-318,Aluno-318,2023,15,Feminino,2019,4.0,Pública,FASE 4,4,4M,Ágata,6.856575,5.0,4.9,8.1,7.9,6.26,7.96875,7.71,5.0,5.0,4.7,Fase 5 (1° EM),5.0,-1,Moderada,,,
RA-318,Aluno-318,2024,16,Feminino,2021,3.0,Pública,5L,5,5L,Ametista,7.025000925866668,5.0,4.666666666666667,9.129629629666667,7.917,7.51,7.34375,7.443333333,2.0,6.0,6.0,Fase 6 (2° EM),6.0,-1,Moderada,,,
RA-319,Aluno-319,2022,13,Masculino,2022,0.0,Escola Pública,3,3,N,Ametista,7.448,10.0,5.2,7.7,9.2,7.5,,7.5,6.3,4.3,5.0,Fase 3 (7º e 8º ano),3.0,0,Em fase,False,False,Não atendido
RA-319,Aluno-319,2023,14,Masculino,2022,1.0,Concluiu o 3º EM,FASE 4,4,4N,Topázio,8.367208333,10.0,7.2,9.2,9.6,5.0,8.59375,8.88,5.7,5.8,10.0,Fase 4 (9° ano),4.0,0,Em fase,,,
RA-319,Aluno-319,2024,15,Masculino,2022,2.0,Pública,5L,5,5L,Ametista,7.948699561466667,10.0,5.833333333333333,9.024122807,9.585,7.51,7.34375,7.666666667,4.0,5.0,8.5,Fase 5 (1° EM),5.0,0,Em fase,,,
RA-32,Aluno-32,2022,16,Feminino,2018,4.0,Rede Decisão,6,6,A,Ametista,7.37,10.0,6.1,5.2,8.8,8.8,,7.944,5.7,3.6,8.9,Fase 6 (2º EM),6.0,0,Em fase,False,False,Sem limitações
RA-32,Aluno-32,2023,17,Feminino,2018,5.0,Privada - Programa de Apadrinhamento,FASE 7,7,7A,Ágata,6.716666667,10.0,7.9,8.2,0.0,3.77,7.375,6.8775,9.0,5.8,9.0,Fase 7 (3° EM),7.0,0,Em fase,,,
RA-320,Aluno-320,2022,14,Feminino,2022,0.0,Escola Pública,3,3,N,Ametista,7.897,5.0,6.4,10.0,8.8,6.9,,8.667,7.3,6.3,5.7,Fase 4 (9º ano),4.0,-1,Moderada,True,True,Sem limitações
RA-320,Aluno-320,2023,14,Feminino,2022,1.0,Pública,FASE 4,4,4M,Topázio,8.393508333,10.0,5.5,9.9,9.2,7.52,8.59375,8.96,5.7,6.0,4.7,Fase 4 (9° ano),4.0,0,Em fase,,,
RA-320,Aluno-320,2024,15,Feminino,2022,2.0,Privada - Programa de Apadrinhamento,5M,5,5M,Topázio,8.442258333333335,10.0,6.666666666666667,10.0,9.168,7.51,7.65625,8.3775,7.5,5.5,7.0,Fase 5 (1° EM),5.0,0,Em fase,,,
RA-321,Aluno-321,2022,12,Feminino,2022,0.0,Escola Pública,3,3,N,Ametista,7.792,10.0,5.2,9.1,9.2,5.6,,8.278,5.7,6.2,3.7,Fase 3 (7º e 8º ano),3.0,0,Em fase,True,False,Sem limitações
RA-321,Aluno-321,2023,13,Feminino,2022,1.0,Pública,FASE 4,4,4N,Ametista,7.695233333,10.0,6.2,9.4,8.3,2.52,8.125,8.42,6.0,5.8,6.7,Fase 3 (7° e 8° ano),3.0,1,Em fase,,,
RA-321,Aluno-321,2024,14,Feminino,2022,2.0,Pública,5N,5,5N,Topázio,8.125807932933334,10.0,7.166666666666667,9.534706331,7.917,6.26,8.125,7.776666667,6.0,6.0,9.5,Fase 4 (9° ano),4.0,1,Em fase,,,
RA-322,Aluno-322,2022,13,Feminino,2022,0.0,Escola Pública,3,3,N,Ágata,6.859,10.0,4.7,8.1,7.1,5.0,,6.778,4.3,5.7,4.0,Fase 3 (7º e 8º ano),3.0,0,Em fase,False,False,Requer avaliação
RA-322,Aluno-322,2023,14,Feminino,2022,1.0,Pública,FASE 4,4,4N,Ametista,7.037808333,10.0,5.3,8.3,6.7,2.52,7.96875,8.045,4.0,5.5,6.3,Fase 4 (9° ano),4.0,0,Em fase,,,
RA-323,Aluno-323,2022,13,Masculino,2022,0.0,Escola Pública,3,3,N,Ágata,6.86,10.0,3.4,7.3,9.2,7.5,,6.611,7.3,2.5,0.5,Fase 3 (7º e 8º ano),3.0,0,Em fase,False,False,Sem limitações
RA-324,Aluno-324,2022,10,Feminino,2022,0.0,Escola Pública,2,2,A,Topázio,8.27,10.0,6.8,9.3,10.0,6.9,,8.611,6.3,7.2,,Fase 2 (5º e 6º ano),2.0,0,Em fase,True,True,Sem limitações
RA-324,Aluno-324,2023,11,Feminino,2022,1.0,Pública,FASE 2,2,2D,Ametista,7.6354,10.0,8.4,9.0,5.8,2.52,8.125,7.5875,8.0,8.7,,Fase 2 (5° e 6° ano),2.0,0,Em fase,,,
RA-325,Aluno-325,2022,10,Masculino,2022,0.0,Escola Pública,2,2,A,Ametista,7.619,10.0,6.0,6.8,9.5,7.5,,8.444,6.0,6.0,,Fase 2 (5º e 6º ano),2.0,0,Em fase,True,True,Sem limitações
RA-325,Aluno-325,2023,11,Masculino,2022,1.0,Pública,FASE 2,2,2D,Ágata,6.243,10.0,5.6,7.1,0.0,5.0,8.125,7.0025,3.8,7.3,,Fase 2 (5° e 6° ano),2.0,0,Em fase,,,
RA-325,Aluno-325,2024,12,Masculino,2022,2.0,Pública,3C,3,3C,Topázio,8.385133333233336,10.0,7.0,9.866666666666667,9.168,7.51,8.333333333,7.553333333,7.0,5.5,8.5,Fase 3 (7° e 8° ano),3.0,0,Em fase,,,
RA-326,Aluno-326,2022,12,Feminino,2022,0.0,Escola Pública,2,2,A,Topázio,8.22,5.0,9.0,9.7,10.0,5.0,,8.944,8.7,9.3,,Fase 3 (7º e 8º ano),3.0,-1,Moderada,True,True,Requer avaliação
RA-326,Aluno-326,2023,13,Feminino,2022,1.0,Privada,FASE 3,3,3A,Topázio,8.65075,10.0,8.2,9.4,9.6,3.14,9.0625,9.76,8.3,7.5,8.8,Fase 3 (7° e 8° ano),3.0,0,Em fase,,,
RA-326,Aluno-326,2024,14,Feminino,2022,2.0,Privada,4A,4,4A,Topázio,8.832389092333335,10.0,9.333333333333334,8.973112128333334,9.168,6.26,8.875,8.704,10.0,9.0,9.0,Fase 3 (7° e 8° ano),3.0,1,Em fase,,,
RA-327,Aluno-327,2022,11,Masculino,2021,1.0,Escola Pública,2,2,A,Ágata,6.986,10.0,2.8,8.8,8.5,7.5,,7.333,2.3,3.2,,Fase 2 (5º e 6º ano),2.0,0,Em fase,False,False,Sem limitações
RA-328,Aluno-328,2022,12,Masculino,2020,2.0,Escola Pública,2,2,A,Ágata,6.823,5.0,5.3,7.0,10.0,7.5,,7.5,4.0,6.5,,Fase 3 (7º e 8º ano),3.0,-1,Moderada,False,False,Sem limitações
RA-329,Aluno-329,2022,11,Masculino,2019,3.0,Escola Pública,2,2,A,Ágata,6.313,10.0,5.0,6.9,7.4,4.4,,5.778,3.0,7.0,,Fase 2 (5º e 6º ano),2.0,0,Em fase,False,False,Requer avaliação
RA-33,Aluno-33,2022,17,Feminino,2020,2.0,Escola Pública,6,6,A,Quartzo,4.952,5.0,4.8,4.6,0.0,7.5,,6.0,9.0,1.6,3.7,Fase 7 (3º EM),7.0,-1,Moderada,False,False,Sem limitações
RA-330,Aluno-330,2022,14,Feminino,2018,4.0,Escola Pública,2,2,A,Ágata,6.446,5.0,2.5,8.8,9.5,7.5,,7.056,2.3,2.7,,Fase 4 (9º ano),4.0,-2,Moderada,False,False,Sem limitações
RA-330,Aluno-330,2023,15,Feminino,2018,5.0,Pública,FASE 3,3,3A,Ágata,6.084875,5.0,3.3,7.2,9.6,6.89,6.71875,5.8275,3.8,3.8,2.3,Fase 5 (1° EM),5.0,-2,Moderada,,,
RA-331,Aluno-331,2022,12,Feminino,2019,3.0,Escola Pública,2,2,A,Ágata,6.636,5.0,3.7,8.7,9.0,7.5,,6.944,2.3,5.0,,Fase 3 (7º e 8º ano),3.0,-1,Moderada,False,False,Sem limitações
RA-331,Aluno-331,2023,13,Feminino,2019,4.0,Pública,FASE 3,3,3B,Ametista,7.039791667,10.0,5.2,8.6,9.6,2.52,7.03125,6.7975,5.7,4.8,5.2,Fase 3 (7° e 8° ano),3.0,0,Em fase,,,
RA-331,Aluno-331,2024,14,Feminino,2021,3.0,Pública,3B,3,3B,Ágata,6.231045707066668,5.0,3.5,7.735353535333334,8.751,8.755,6.09375,5.62,4.0,3.5,3.0,Fase 4 (9° ano),4.0,-1,Moderada,,,
RA-332,Aluno-332,2022,13,Masculino,2017,5.0,Rede Decisão,2,2,A,Ametista,7.883,5.0,7.5,9.0,9.5,8.1,,8.5,7.5,7.5,,Fase 3 (7º e 8º ano),3.0,-1,Moderada,False,True,Sem limitações
RA-332,Aluno-332,2023,14,Masculino,2017,6.0,Privada - Programa de Apadrinhamento,FASE 3,3,3A,Topázio,8.002591667,5.0,6.8,8.4,9.2,8.76,8.28125,9.175,6.3,7.7,6.5,Fase 4 (9° ano),4.0,-1,Moderada,,,
RA-332,Aluno-332,2024,15,Masculino,2021,3.0,Privada - Programa de Apadrinhamento,4A,4,4A,Topázio,8.421271701,10.0,7.0,7.605358505000001,9.585,9.38,8.625,8.706,7.0,7.0,7.0,Fase 3 (7° e 8° ano),3.0,1,Em fase,,,
RA-333,Aluno-333,2022,14,Masculino,2018,4.0,Escola JP II,2,2,A,Quartzo,5.249,5.0,2.9,5.8,8.0,3.8,,6.722,0.2,5.7,,Fase 4 (9º ano),4.0,-2,Moderada,False,False,Não indicado
RA-334,Aluno-334,2022,11,Feminino,2019,3.0,Rede Decisão,2,2,A,Ametista,7.961,10.0,8.0,9.2,6.9,4.4,,8.722,7.0,9.0,,Fase 2 (5º e 6º ano),2.0,0,Em fase,False,True,Não indicado
RA-335,Aluno-335,2022,10,Masculino,2022,0.0,Escola Pública,2,2,A,Ametista,7.902,10.0,7.4,9.4,9.5,7.5,,6.833,5.8,9.0,,Fase 2 (5º e 6º ano),2.0,0,Em fase,False,False,Sem limitações
RA-336,Aluno-336,2022,13,Masculino,2016,6.0,Escola Pública,2,2,A,Ágata,6.787,5.0,5.1,8.5,9.5,4.4,,7.889,4.5,5.7,,Fase 3 (7º e 8º ano),3.0,-1,Moderada,False,False,Requer avaliação
RA-336,Aluno-336,2023,14,Masculino,2016,7.0,Pública,FASE 3,3,3B,Quartzo,5.887708333,5.0,5.1,7.5,0.0,6.89,7.34375,7.255,6.7,5.2,3.3,Fase 4 (9° ano),4.0,-1,Moderada,,,
RA-336,Aluno-336,2024,15,Masculino,2021,3.0,Pública,4A,4,4A,Ágata,6.834286748466667,10.0,5.833333333333333,5.512100409000001,7.5,6.26,7.5,7.196,6.0,6.5,5.0,Fase 4 (9° ano),4.0,0,Em fase,,,
RA-337,Aluno-337,2022,11,Masculino,2022,0.0,Escola Pública,2,2,B,Ametista,7.914,10.0,5.8,9.3,10.0,7.5,,7.611,7.5,4.0,,Fase 2 (5º e 6º ano),2.0,0,Em fase,False,False,Não atendido
RA-338,Aluno-338,2022,12,Masculino,2019,3.0,Escola Pública,2,2,B,Ágata,6.837,5.0,5.8,7.3,8.5,7.5,,7.611,5.3,6.2,,Fase 3 (7º e 8º ano),3.0,-1,Moderada,False,False,Não atendido
RA-338,Aluno-338,2023,13,Masculino,2019,4.0,Pública,FASE 3,3,3D,Topázio,8.287441667,10.0,6.7,9.1,8.3,7.52,8.59375,8.38,8.7,7.0,4.5,Fase 3 (7° e 8° ano),3.0,0,Em fase,,,
RA-338,Aluno-338,2024,14,Masculino,2021,3.0,Pública,4B,4,4B,Topázio,8.052795331466667,10.0,6.833333333333333,7.441643324,9.168,7.51,7.625,8.8375,5.0,8.0,7.5,Fase 4 (9° ano),4.0,0,Em fase,,,
RA-339,Aluno-339,2022,11,Feminino,2019,3.0,Escola Pública,2,2,B,Topázio,8.488,10.0,8.1,9.9,6.9,7.5,,8.889,7.1,9.2,,Fase 2 (5º e 6º ano),2.0,0,Em fase,True,True,Não atendido
RA-339,Aluno-339,2023,12,Feminino,2019,4.0,Pública,FASE 3,3,3D,Ametista,7.377583333,10.0,7.1,8.9,0.0,7.52,7.8125,8.255,7.7,5.7,7.8,Fase 3 (7° e 8° ano),3.0,0,Em fase,,,
RA-339,Aluno-339,2024,13,Feminino,2021,3.0,Pública,4A,4,4A,Ametista,7.711540746133334,10.0,8.166666666666666,7.155537064000001,7.5,5.635,8.0,7.668,8.0,7.0,9.5,Fase 3 (7° e 8° ano),3.0,1,Em fase,,,
RA-34,Aluno-34,2022,17,Masculino,2016,6.0,Rede Decisão,6,6,A,Ágata,6.259,5.0,3.8,4.8,9.6,8.1,,7.278,4.7,4.0,2.8,Fase 7 (3º EM),7.0,-1,Moderada,False,False,Sem limitações
RA-34,Aluno-34,2023,18,Masculino,2016,7.0,Privada *Parcerias com Bolsa 100%,FASE 8,8,8E,,,10.0,,,,,,,,,,Fase 8 (Universitários),8.0,0,Em fase,,,
RA-340,Aluno-340,2022,11,Masculino,2017,5.0,Escola Pública,2,2,B,Ametista,7.721,10.0,6.5,8.2,9.0,7.5,,7.667,6.0,7.0,,Fase 2 (5º e 6º ano),2.0,0,Em fase,False,False,Não atendido
RA-340,Aluno-340,2023,12,Masculino,2017,6.0,Pública,FASE 2,2,2B,Ametista,7.059666667,5.0,8.9,9.6,0.0,2.52,9.166666667,8.505,9.0,8.7,,Fase 3 (7° e 8° ano),3.0,-1,Moderada,,,
RA-340,Aluno-340,2024,13,Masculino,2021,3.0,Pública,3D,3,3D,Ágata,6.715437329466668,10.0,5.166666666666667,6.585769980666666,7.917,7.51,6.5625,5.83,6.0,7.0,2.5,Fase 3 (7° e 8° ano),3.0,0,Em fase,,,
RA-341,Aluno-341,2022,12,Masculino,2022,0.0,Escola Pública,2,2,B,Ágata,6.854,5.0,5.8,7.7,8.0,7.5,,7.5,5.0,6.5,,Fase 3 (7º e 8º ano),3.0,-1,Moderada,False,False,Não atendido
RA-342,Aluno-342,2022,14,Feminino,2021,1.0,Escola Pública,2,2,B,Ágata,6.941,5.0,6.6,6.7,9.0,7.5,,7.5,5.5,7.7,,Fase 4 (9º ano),4.0,-2,Moderada,False,False,Não atendido
RA-342,Aluno-342,2023,15,Feminino,2021,2.0,Pública,FASE 3,3,3D,Ametista,7.539875,5.0,6.6,8.6,7.5,7.52,7.96875,8.505,6.3,7.8,5.7,Fase 5 (1° EM),5.0,-2,Moderada,,,
RA-342,Aluno-342,2024,16,Feminino,2021,3.0,Pública,4C,4,4C,Ágata,6.757026587266667,5.0,4.5,7.728174603333334,8.751,6.26,7.65625,7.723333333,6.5,7.0,0.0,Fase 5 (1° EM),5.0,-1,Moderada,,,
RA-343,Aluno-343,2022,14,Masculino,2020,2.0,Escola Pública,2,2,B,Ágata,6.9,5.0,5.9,7.4,9.5,7.5,,7.167,4.2,7.7,,Fase 4 (9º ano),4.0,-2,Moderada,False,False,Não atendido
RA-343,Aluno-343,2023,15,Masculino,2020,3.0,Pública,FASE 3,3,3B,Ágata,6.779591667,5.0,5.7,7.2,9.2,6.26,7.65625,6.9225,4.5,6.7,6.0,Fase 5 (1° EM),5.0,-2,Moderada,,,
RA-344,Aluno-344,2022,11,Masculino,2019,3.0,Escola Pública,2,2,B,Ametista,7.263,10.0,4.5,8.3,8.5,7.5,,7.5,2.3,6.7,,Fase 2 (5º e 6º ano),2.0,0,Em fase,False,False,Não atendido
RA-345,Aluno-345,2022,13,Masculino,2021,1.0,Escola Pública,2,2,B,Quartzo,5.75,5.0,3.6,5.4,9.5,5.6,,6.667,1.3,5.8,,Fase 3 (7º e 8º ano),3.0,-1,Moderada,False,False,Requer avaliação
RA-345,Aluno-345,2023,14,Masculino,2021,2.0,Pública,FASE 3,3,3B,Ágata,6.534766667,5.0,4.6,6.8,8.8,6.26,8.125,7.1725,5.7,5.7,2.5,Fase 4 (9° ano),4.0,-1,Moderada,,,
RA-346,Aluno-346,2022,10,Masculino,2022,0.0,Escola Pública,2,2,B,Topázio,8.143,10.0,7.0,9.1,10.0,7.5,,7.889,6.0,8.0,,Fase 2 (5º e 6º ano),2.0,0,Em fase,False,False,Não atendido
RA-346,Aluno-346,2023,11,Masculino,2022,1.0,Pública,FASE 3,3,3B,Ametista,7.305541667,10.0,6.2,9.4,0.0,8.14,7.96875,7.84,6.7,5.5,6.5,Fase 2 (5° e 6° ano),2.0,1,Em fase,,,
RA-346,Aluno-346,2024,12,Masculino,2022,2.0,Pública,3A,3,3A,Ametista,7.761749603200001,10.0,6.166666666666667,9.149206349333333,10.002,2.51,7.96875,8.2525,6.0,4.5,8.0,Fase 3 (7° e 8° ano),3.0,0,Em fase,,,
RA-347,Aluno-347,2022,12,Feminino,2019,3.0,Escola Pública,2,2,B,Ametista,7.908,5.0,8.5,10.0,9.0,5.6,,8.0,8.5,8.5,,Fase 3 (7º e 8º ano),3.0,-1,Moderada,True,False,Sem limitações
RA-347,Aluno-347,2023,13,Feminino,2019,4.0,Pública,FASE 3,3,3D,Ametista,7.61835,10.0,7.3,9.5,6.7,2.52,7.8125,7.7925,6.7,6.2,9.0,Fase 3 (7° e 8° ano),3.0,0,Em fase,,,
RA-347,Aluno-347,2024,14,Feminino,2021,3.0,Pública,4A,4,4A,Topázio,8.384742583733333,10.0,7.666666666666667,9.673046251999999,8.751,6.885,8.0,7.766,6.5,7.5,9.0,Fase 3 (7° e 8° ano),3.0,1,Em fase,,,
RA-348,Aluno-348,2022,12,Masculino,2022,0.0,Escola Pública,2,2,B,Quartzo,5.864,5.0,1.8,8.7,9.0,7.5,,5.833,0.5,3.0,,Fase 3 (7º e 8º ano),3.0,-1,Moderada,False,False,Sem limitações
RA-348,Aluno-348,2023,13,Masculino,2022,1.0,Pública,FASE 2,2,2B,Ágata,6.817866667,5.0,4.4,8.7,10.0,2.52,8.541666667,8.0075,2.0,6.7,,Fase 3 (7° e 8° ano),3.0,-1,Moderada,,,
RA-349,Aluno-349,2022,12,Masculino,2021,1.0,Escola Pública,2,2,B,Quartzo,5.658,5.0,3.7,7.7,9.5,7.5,,3.944,2.2,5.2,,Fase 3 (7º e 8º ano),3.0,-1,Moderada,False,False,Sem limitações
RA-35,Aluno-35,2022,17,Feminino,2019,3.0,Rede Decisão,6,6,A,Topázio,8.965,5.0,8.5,9.6,10.0,9.4,,10.0,9.0,7.1,9.3,Fase 7 (3º EM),7.0,-1,Moderada,False,True,Sem limitações
RA-35,Aluno-35,2023,18,Feminino,2019,4.0,Privada *Parcerias com Bolsa 100%,FASE 8,8,8E,,,10.0,,,,,,,,,,Fase 8 (Universitários),8.0,0,Em fase,,,
RA-35,Aluno-35,2024,19,Feminino,2021,3.0,Privada *Parcerias com Bolsa 100%,8E,8,8E,,,10.0,,0.0,,,,,,,,Fase 8 (Universitários),8.0,0,Em fase,,,
RA-350,Aluno-350,2022,11,Feminino,2022,0.0,Escola Pública,2,2,D,Topázio,8.206,10.0,6.5,8.8,10.0,7.5,,8.611,7.0,6.0,,Fase 2 (5º e 6º ano),2.0,0,Em fase,False,True,Não atendido
RA-350,Aluno-350,2023,12,Feminino,2022,1.0,Pública,FASE 2,2,2D,Ametista,7.972033333,5.0,9.0,9.7,10.0,2.52,8.958333333,7.92,8.8,9.2,,Fase 3 (7° e 8° ano),3.0,-1,Moderada,,,
RA-351,Aluno-351,2022,14,Masculino,2022,0.0,Escola Pública,2,2,D,Ágata,6.622,5.0,4.0,7.2,9.0,7.5,,8.111,3.2,4.8,,Fase 4 (9º ano),4.0,-2,Moderada,False,False,Não atendido
RA-352,Aluno-352,2022,11,Masculino,2019,3.0,Escola Pública,2,2,D,Ametista,7.834,10.0,7.0,8.1,9.0,5.6,,8.389,7.3,6.7,,Fase 2 (5º e 6º ano),2.0,0,Em fase,False,True,Requer avaliação
RA-352,Aluno-352,2023,12,Masculino,2019,4.0,Pública,FASE 3,3,3B,Ametista,7.840341667,10.0,7.2,8.1,9.2,6.26,7.96875,7.17,8.2,6.0,7.5,Fase 3 (7° e 8° ano),3.0,0,Em fase,,,
RA-352,Aluno-352,2024,13,Masculino,2021,3.0,Pública,4B,4,4B,Quartzo,5.9794829346,10.0,3.1666666666666665,4.453748006333333,8.334,6.26,6.375,6.7925,2.0,5.5,2.0,Fase 3 (7° e 8° ano),3.0,1,Em fase,,,
RA-353,Aluno-353,2022,11,Feminino,2022,0.0,Escola Pública,2,2,D,Topázio,8.264,10.0,7.5,10.0,7.0,7.5,,8.444,8.0,7.0,,Fase 2 (5º e 6º ano),2.0,0,Em fase,False,True,Não atendido
RA-353,Aluno-353,2023,12,Feminino,2022,1.0,Pública,FASE 3,3,3D,Topázio,8.309016667,10.0,8.4,9.9,8.8,2.52,7.8125,8.67,8.5,7.3,9.5,Fase 3 (7° e 8° ano),3.0,0,Em fase,,,
RA-354,Aluno-354,2022,13,Feminino,2018,4.0,Escola Pública,2,2,D,Quartzo,5.858,5.0,4.5,4.3,8.5,7.5,,7.333,2.8,6.2,,Fase 3 (7º e 8º ano),3.0,-1,Moderada,False,False,Não atendido
RA-355,Aluno-355,2022,12,Feminino,2018,4.0,Escola Pública,2,2,D,Quartzo,5.379,5.0,4.5,5.0,5.8,7.5,,6.056,5.5,3.5,,Fase 3 (7º e 8º ano),3.0,-1,Moderada,False,False,Não atendido
RA-356,Aluno-356,2022,12,Masculino,2019,3.0,Escola Pública,2,2,D,Ágata,6.69,5.0,4.6,8.4,10.0,5.0,,8.278,5.3,3.8,,Fase 3 (7º e 8º ano),3.0,-1,Moderada,False,False,Requer avaliação
RA-356,Aluno-356,2023,13,Masculino,2019,4.0,Pública,FASE 3,3,3C,Ágata,6.452008333,10.0,3.4,8.5,9.2,2.52,6.09375,6.5025,4.3,4.5,1.3,Fase 3 (7° e 8° ano),3.0,0,Em fase,,,
RA-356,Aluno-356,2024,14,Masculino,2021,3.0,Pública,4B,4,4B,Ágata,6.627336016533334,10.0,5.333333333333333,6.656346749333334,8.334,5.635,5.25,6.5375,1.0,7.0,8.0,Fase 3 (7° e 8° ano),3.0,1,Em fase,,,
RA-357,Aluno-357,2022,12,Masculino,2022,0.0,Escola Pública,2,2,D,Ametista,7.836,5.0,8.5,9.6,8.0,7.5,,7.778,10.0,7.0,,Fase 3 (7º e 8º ano),3.0,-1,Moderada,False,False,Não atendido
RA-357,Aluno-357,2023,13,Masculino,2022,1.0,Pública,FASE 2,2,2I,Topázio,8.2832,5.0,8.7,9.6,8.5,7.52,8.75,8.23,8.7,8.7,,Fase 3 (7° e 8° ano),3.0,-1,Moderada,,,
RA-357,Aluno-357,2024,14,Masculino,2022,2.0,Pública,3I,3,3I,Ametista,7.731569404200001,5.0,7.666666666666667,9.028180354333333,8.751,8.135,7.875,7.0825,8.5,7.0,7.5,Fase 4 (9° ano),4.0,-1,Moderada,,,
RA-358,Aluno-358,2022,13,Masculino,2022,0.0,Escola Pública,2,2,D,Quartzo,5.412,5.0,0.0,6.5,7.5,7.5,,7.556,0.0,0.0,,Fase 3 (7º e 8º ano),3.0,-1,Moderada,False,False,Não atendido
RA-359,Aluno-359,2022,12,Feminino,2019,3.0,Escola Pública,2,2,D,Ágata,6.606,5.0,4.6,7.0,9.0,7.5,,7.5,3.3,5.8,,Fase 3 (7º e 8º ano),3.0,-1,Moderada,False,False,Não atendido
RA-359,Aluno-359,2023,13,Feminino,2019,4.0,Pública,FASE 3,3,3C,Ametista,7.627125,10.0,5.8,9.2,9.6,2.52,7.65625,8.255,6.0,6.7,4.7,Fase 3 (7° e 8° ano),3.0,0,Em fase,,,
RA-359,Aluno-359,2024,14,Feminino,2021,3.0,Pública,4C,4,4C,Ametista,7.492006349133335,10.0,5.5,7.162698412666667,9.168,6.26,7.5,8.333333333,4.0,4.5,8.0,Fase 3 (7° e 8° ano),3.0,1,Em fase,,,
RA-36,Aluno-36,2022,17,Feminino,2019,3.0,Rede Decisão,6,6,A,Ametista,7.876,5.0,6.8,9.0,9.2,6.9,,8.944,8.5,4.3,7.8,Fase 7 (3º EM),7.0,-1,Moderada,False,True,Sem limitações
RA-36,Aluno-36,2023,18,Feminino,2019,4.0,Privada *Parcerias com Bolsa 100%,FASE 8,8,8E,,,10.0,,,,,,,,,,Fase 8 (Universitários),8.0,0,Em fase,,,
RA-36,Aluno-36,2024,19,Feminino,2021,3.0,Privada *Parcerias com Bolsa 100%,8E,8,8E,,,10.0,,0.0,,,,,,,,Fase 8 (Universitários),8.0,0,Em fase,,,
RA-360,Aluno-360,2022,12,Feminino,2019,3.0,Escola Pública,2,2,D,Ametista,7.075,5.0,5.2,8.5,9.5,7.5,,7.5,4.7,5.7,,Fase 3 (7º e 8º ano),3.0,-1,Moderada,False,False,Não atendido
RA-360,Aluno-360,2023,13,Feminino,2019,4.0,Pública,FASE 3,3,3C,Quartzo,5.790875,10.0,4.3,7.3,0.0,2.52,7.34375,7.4225,5.3,4.8,2.8,Fase 3 (7° e 8° ano),3.0,0,Em fase,,,
RA-360,Aluno-360,2024,14,Feminino,2021,3.0,Pública,3C,3,3C,Ágata,6.293175689166667,5.0,5.833333333333333,5.618045113,8.334,5.0,7.708333333,6.993333333,4.0,6.0,7.5,Fase 4 (9° ano),4.0,-1,Moderada,,,
RA-361,Aluno-361,2022,13,Feminino,2022,0.0,Escola Pública,2,2,F,Ágata,6.731,5.0,5.0,9.2,7.9,6.3,,6.778,4.0,6.0,,Fase 3 (7º e 8º ano),3.0,-1,Moderada,False,False,Sem limitações
RA-362,Aluno-362,2022,12,Feminino,2018,4.0,Escola Pública,2,2,F,Ametista,7.413,5.0,7.9,7.9,8.5,7.5,,7.5,6.5,9.3,,Fase 3 (7º e 8º ano),3.0,-1,Moderada,False,False,Sem limitações
RA-362,Aluno-362,2023,13,Feminino,2018,5.0,Pública,FASE 3,3,3G,Ágata,6.392625,10.0,5.1,7.5,0.0,7.52,7.03125,7.0875,5.7,6.8,2.8,Fase 3 (7° e 8° ano),3.0,0,Em fase,,,
RA-363,Aluno-363,2022,12,Masculino,2022,0.0,Escola Pública,2,2,F,Ágata,6.644,5.0,2.0,10.0,10.0,6.9,,7.056,1.0,3.0,,Fase 3 (7º e 8º ano),3.0,-1,Moderada,False,False,Sem limitações
RA-363,Aluno-363,2023,13,Masculino,2022,1.0,Pública,FASE 2,2,2F,Ágata,6.680833333,5.0,6.8,9.9,0.0,2.52,8.541666667,8.673333333,6.8,6.8,,Fase 3 (7° e 8° ano),3.0,-1,Moderada,,,
RA-363,Aluno-363,2024,14,Masculino,2022,2.0,Privada,3D,3,3D,Ametista,7.617803571466666,10.0,5.333333333333333,9.523809524,9.585,5.625,7.34375,6.955,4.0,3.5,8.5,Fase 3 (7° e 8° ano),3.0,0,Em fase,,,
RA-364,Aluno-364,2022,11,Masculino,2019,3.0,Escola Pública,2,2,F,Topázio,8.75,10.0,8.8,10.0,9.5,7.5,,8.167,9.5,8.0,,Fase 2 (5º e 6º ano),2.0,0,Em fase,False,False,Sem limitações
RA-364,Aluno-364,2023,12,Masculino,2019,4.0,Pública,FASE 3,3,3G,Ametista,7.734891667,10.0,5.8,9.0,8.8,6.89,7.03125,7.505,8.0,5.2,4.3,Fase 3 (7° e 8° ano),3.0,0,Em fase,,,
RA-364,Aluno-364,2024,13,Masculino,2021,3.0,Pública,3G,3,3G,Topázio,8.2697037582,10.0,7.5,9.526143791,8.751,7.51,7.96875,7.2075,8.0,5.0,9.5,Fase 3 (7° e 8° ano),3.0,0,Em fase,,,
RA-365,Aluno-365,2022,10,Feminino,2022,0.0,Escola Pública,2,2,F,Topázio,8.063,10.0,7.8,10.0,8.0,5.0,,7.833,6.0,9.5,,Fase 2 (5º e 6º ano),2.0,0,Em fase,False,False,Sem limitações
RA-365,Aluno-365,2023,10,Feminino,2022,1.0,Pública,FASE 2,2,2G,Topázio,8.6587,10.0,8.7,9.9,10.0,2.52,8.958333333,8.953333333,8.2,9.2,,Fase 2 (5° e 6° ano),2.0,0,Em fase,,,
RA-365,Aluno-365,2024,11,Feminino,2022,2.0,Pública,3H,3,3H,Topázio,8.526983333333334,10.0,6.666666666666667,10.0,9.585,7.51,8.4375,8.202,8.0,7.0,5.0,Fase 2 (5° e 6° ano),2.0,1,Em fase,,,
RA-366,Aluno-366,2022,12,Masculino,2022,0.0,Escola Pública,2,2,F,Ametista,7.181,5.0,5.5,9.4,9.5,7.5,,6.833,6.0,5.0,,Fase 3 (7º e 8º ano),3.0,-1,Moderada,False,False,Sem limitações
RA-367,Aluno-367,2022,12,Feminino,2018,4.0,Escola Pública,2,2,F,Ágata,6.95,5.0,6.7,7.4,8.5,6.3,,7.5,5.2,8.2,,Fase 3 (7º e 8º ano),3.0,-1,Moderada,False,False,Sem limitações
RA-367,Aluno-367,2023,12,Feminino,2018,5.0,Pública,FASE 3,3,3F,Ametista,7.38685,10.0,5.9,8.7,8.8,2.52,7.8125,7.7925,7.0,5.5,5.2,Fase 3 (7° e 8° ano),3.0,0,Em fase,,,
RA-367,Aluno-367,2024,13,Feminino,2021,3.0,Pública,4B,4,4B,Ametista,7.209434085200001,10.0,5.0,7.268170426,9.168,6.26,6.875,7.6275,2.0,5.5,7.5,Fase 3 (7° e 8° ano),3.0,1,Em fase,,,
RA-368,Aluno-368,2022,13,Masculino,2018,4.0,Rede Decisão,2,2,F,Ágata,6.969,5.0,7.3,7.9,8.0,5.0,,7.5,5.5,9.0,,Fase 3 (7º e 8º ano),3.0,-1,Moderada,False,False,Requer avaliação
RA-368,Aluno-368,2023,14,Masculino,2018,5.0,Pública,FASE 3,3,3F,Quartzo,5.796458333,5.0,6.7,7.7,0.0,2.52,7.03125,7.34,5.0,7.2,7.8,Fase 4 (9° ano),4.0,-1,Moderada,,,
RA-368,Aluno-368,2024,15,Masculino,2021,3.0,Pública,3G,3,3G,Ágata,6.782158333333333,5.0,7.0,6.166666666666667,7.917,7.51,7.65625,6.7025,4.5,7.0,9.5,Fase 4 (9° ano),4.0,-1,Moderada,,,
RA-369,Aluno-369,2022,11,Masculino,2022,0.0,Escola Pública,2,2,F,Ágata,6.973,10.0,4.8,6.9,9.0,7.5,,6.889,4.0,5.5,,Fase 2 (5º e 6º ano),2.0,0,Em fase,False,False,Sem limitações
RA-369,Aluno-369,2023,12,Masculino,2022,1.0,Pública,FASE 2,2,2F,Ágata,6.0197,5.0,4.0,4.1,10.0,5.0,8.541666667,7.726666667,5.0,3.0,,Fase 3 (7° e 8° ano),3.0,-1,Moderada,,,
RA-369,Aluno-369,2024,13,Masculino,2022,2.0,Pública,3H,3,3H,Quartzo,5.667282265,10.0,1.6666666666666667,4.908119658333334,8.751,7.51,6.40625,5.428,0.0,0.0,5.0,Fase 3 (7° e 8° ano),3.0,0,Em fase,,,
RA-37,Aluno-37,2022,17,Feminino,2019,3.0,Rede Decisão,6,6,A,Quartzo,4.95,5.0,5.9,5.4,0.0,5.0,,5.222,2.3,5.3,10.0,Fase 7 (3º EM),7.0,-1,Moderada,False,False,Sem limitações
RA-370,Aluno-370,2022,12,Feminino,2018,4.0,Rede Decisão,2,2,F,Ametista,7.066,5.0,7.2,8.2,8.5,5.0,,7.611,5.2,9.2,,Fase 3 (7º e 8º ano),3.0,-1,Moderada,False,False,Requer avaliação
RA-371,Aluno-371,2022,10,Feminino,2022,0.0,Escola Pública,2,2,F,Topázio,8.112,10.0,8.4,8.0,9.5,6.9,,7.667,7.8,9.0,,Fase 2 (5º e 6º ano),2.0,0,Em fase,False,False,Sem limitações
RA-372,Aluno-372,2022,10,Masculino,2021,1.0,Escola Pública,2,2,F,Ametista,7.304,10.0,7.8,5.5,8.5,6.9,,7.389,8.3,7.2,,Fase 2 (5º e 6º ano),2.0,0,Em fase,False,False,Sem limitações
RA-373,Aluno-373,2022,11,Masculino,2022,0.0,Escola Pública,2,2,F,Ametista,7.503,10.0,7.3,9.5,6.4,5.0,,6.944,6.5,8.0,,Fase 2 (5º e 6º ano),2.0,0,Em fase,False,False,Requer avaliação
RA-373,Aluno-373,2023,12,Masculino,2022,1.0,Pública,FASE 2,2,2G,Ágata,6.805,5.0,8.4,9.7,0.0,2.52,8.75,7.84,7.7,9.0,,Fase 3 (7° e 8° ano),3.0,-1,Moderada,,,
RA-374,Aluno-374,2022,12,Feminino,2021,1.0,Escola Pública,2,2,F,Ametista,7.747,5.0,6.9,9.8,9.0,7.5,,7.944,5.3,8.5,,Fase 3 (7º e 8º ano),3.0,-1,Moderada,False,False,Sem limitações
RA-374,Aluno-374,2023,13,Feminino,2021,2.0,Privada,FASE 3,3,3F,Ametista,7.533891667,10.0,5.4,8.3,8.8,5.63,7.65625,7.9175,6.3,6.3,3.7,Fase 3 (7° e 8° ano),3.0,0,Em fase,,,
RA-375,Aluno-375,2022,11,Masculino,2019,3.0,Escola Pública,2,2,F,Ametista,7.831,10.0,5.4,9.5,9.0,7.5,,7.667,3.3,7.5,,Fase 2 (5º e 6º ano),2.0,0,Em fase,False,False,Sem limitações
RA-375,Aluno-375,2023,12,Masculino,2019,4.0,Pública,FASE 2,2,2F,Ametista,7.070833333,5.0,7.9,9.9,0.0,5.0,8.541666667,8.283333333,6.8,9.0,,Fase 3 (7° e 8° ano),3.0,-1,Moderada,,,
RA-375,Aluno-375,2024,13,Masculino,2021,3.0,Pública,3H,3,3H,Ametista,7.970034615400001,10.0,6.833333333333333,9.443589743666667,9.585,7.51,7.1875,6.432,9.0,5.5,6.0,Fase 3 (7° e 8° ano),3.0,0,Em fase,,,
RA-376,Aluno-376,2022,12,Feminino,2019,3.0,Escola Pública,2,2,F,Ágata,6.957,5.0,4.3,9.0,9.0,7.5,,7.5,2.0,6.7,,Fase 3 (7º e 8º ano),3.0,-1,Moderada,False,False,Sem limitações
RA-376,Aluno-376,2023,13,Feminino,2019,4.0,Pública,FASE 2,2,2F,Ametista,7.1392,5.0,5.9,9.6,8.5,2.52,7.916666667,8.226666667,4.3,7.5,,Fase 3 (7° e 8° ano),3.0,-1,Moderada,,,
RA-376,Aluno-376,2024,14,Feminino,2021,3.0,Pública,3G,3,3G,Quartzo,5.896573588800001,5.0,2.8333333333333335,8.287284610666667,10.002,2.51,6.5625,6.325,2.0,5.0,1.5,Fase 4 (9° ano),4.0,-1,Moderada,,,
RA-377,Aluno-377,2022,12,Feminino,2021,1.0,Escola Pública,2,2,F,Ágata,6.743,5.0,6.2,7.7,9.0,5.6,,6.833,4.3,8.0,,Fase 3 (7º e 8º ano),3.0,-1,Moderada,False,False,Requer avaliação
RA-377,Aluno-377,2023,13,Feminino,2021,2.0,Pública,FASE 3,3,3F,Ametista,7.205041667,10.0,4.8,7.6,9.6,5.0,7.34375,7.6275,6.0,5.7,2.8,Fase 3 (7° e 8° ano),3.0,0,Em fase,,,
RA-377,Aluno-377,2024,14,Feminino,2021,3.0,Pública,4F,4,4F,Ametista,7.480115873000001,10.0,5.166666666666667,7.698412698333333,9.168,7.51,7.125,7.634,4.0,6.5,5.0,Fase 4 (9° ano),4.0,0,Em fase,,,
RA-378,Aluno-378,2022,12,Masculino,2021,1.0,Escola Pública,2,2,I,Ametista,7.203,5.0,8.1,6.8,9.0,5.6,,7.889,8.7,7.5,,Fase 3 (7º e 8º ano),3.0,-1,Moderada,True,False,Requer avaliação
RA-379,Aluno-379,2022,13,Feminino,2022,0.0,Escola Pública,2,2,I,Ágata,6.722,5.0,5.0,8.1,8.5,7.5,,6.778,5.0,5.0,,Fase 3 (7º e 8º ano),3.0,-1,Moderada,False,False,Sem limitações
RA-38,Aluno-38,2022,17,Feminino,2017,5.0,Rede Decisão,6,6,A,Topázio,8.523,5.0,8.6,8.9,9.2,7.5,,9.833,9.0,7.0,9.7,Fase 7 (3º EM),7.0,-1,Moderada,False,True,Não indicado
RA-38,Aluno-38,2023,17,Feminino,2017,6.0,Privada - Programa de Apadrinhamento,FASE 7,7,7A,Topázio,8.835333333,10.0,7.7,9.7,9.6,7.52,8.75,8.8825,8.2,8.8,6.0,Fase 7 (3° EM),7.0,0,Em fase,,,
RA-38,Aluno-38,2024,18,Feminino,2021,3.0,Privada - Programa de Apadrinhamento,8F,8,8F,,,10.0,,0.0,,,,,,,,Fase 8 (Universitários),8.0,0,Em fase,,,
RA-380,Aluno-380,2022,13,Masculino,2017,5.0,Escola Pública,2,2,I,Quartzo,4.556,5.0,2.5,4.4,7.9,5.0,,4.833,2.3,2.7,,Fase 3 (7º e 8º ano),3.0,-1,Moderada,False,False,Requer avaliação
RA-380,Aluno-380,2023,14,Masculino,2017,6.0,Pública,FASE 3,3,3F,Quartzo,4.912375,5.0,4.5,6.4,0.0,2.52,6.71875,6.5425,7.0,4.0,2.5,Fase 4 (9° ano),4.0,-1,Moderada,,,
RA-381,Aluno-381,2022,13,Masculino,2018,4.0,Escola Pública,2,2,I,Ágata,6.454,5.0,3.3,8.3,9.0,6.9,,6.944,1.5,5.2,,Fase 3 (7º e 8º ano),3.0,-1,Moderada,False,False,Sem limitações
RA-381,Aluno-381,2023,14,Masculino,2018,5.0,Pública,FASE 3,3,3G,Quartzo,5.758041667,5.0,3.9,8.4,0.0,6.89,7.34375,6.84,5.3,5.3,1.2,Fase 4 (9° ano),4.0,-1,Moderada,,,
RA-381,Aluno-381,2024,15,Masculino,2021,3.0,Pública,3G,3,3G,Quartzo,5.940775,5.0,3.6666666666666665,6.133333333333333,8.334,7.51,6.71875,6.1225,2.5,4.5,4.0,Fase 5 (1° EM),5.0,-2,Moderada,,,
RA-382,Aluno-382,2022,14,Masculino,2017,5.0,Escola Pública,2,2,I,Ágata,6.777,5.0,5.4,7.7,9.0,6.3,,7.333,4.0,6.8,,Fase 4 (9º ano),4.0,-2,Moderada,False,False,Sem limitações
RA-382,Aluno-382,2023,15,Masculino,2017,6.0,Pública,FASE 3,3,3G,Ágata,6.223833333,5.0,5.2,9.4,0.0,6.26,7.5,7.1725,5.0,5.8,4.7,Fase 5 (1° EM),5.0,-2,Moderada,,,
RA-382,Aluno-382,2024,16,Masculino,2021,3.0,Pública,4F,4,4F,Quartzo,5.805712280733333,5.0,3.0,6.324561403666666,9.168,5.63,6.75,6.43,2.0,3.0,4.0,Fase 5 (1° EM),5.0,-1,Moderada,,,
RA-383,Aluno-383,2022,11,Masculino,2019,3.0,Escola Pública,2,2,I,Topázio,8.4,10.0,8.1,9.6,9.0,7.5,,7.778,8.0,8.2,,Fase 2 (5º e 6º ano),2.0,0,Em fase,False,False,Sem limitações
RA-383,Aluno-383,2023,12,Masculino,2019,4.0,Pública,FASE 3,3,3G,Ametista,7.5408,10.0,6.5,8.8,9.2,3.14,7.5,7.5,6.3,6.2,7.0,Fase 3 (7° e 8° ano),3.0,0,Em fase,,,
RA-383,Aluno-383,2024,13,Masculino,2021,3.0,Pública,4F,4,4F,Topázio,8.036024386733335,10.0,5.833333333333333,8.600288600333334,9.168,7.51,7.875,8.47,1.0,8.0,8.5,Fase 3 (7° e 8° ano),3.0,1,Em fase,,,
RA-384,Aluno-384,2022,12,Feminino,2017,5.0,Escola Pública,2,2,I,Ametista,7.558,5.0,8.1,8.4,9.0,6.3,,8.0,8.0,8.2,,Fase 3 (7º e 8º ano),3.0,-1,Moderada,False,False,Requer avaliação
RA-384,Aluno-384,2023,13,Feminino,2017,6.0,Pública,FASE 3,3,3G,Ágata,6.757958333,10.0,7.3,9.1,0.0,2.52,7.65625,7.335,6.3,7.2,8.3,Fase 3 (7° e 8° ano),3.0,0,Em fase,,,
RA-384,Aluno-384,2024,14,Feminino,2021,3.0,Pública,4F,4,4F,Topázio,8.072200721466668,10.0,7.5,8.607503607333333,7.5,7.51,7.625,7.936,5.0,9.5,8.0,Fase 4 (9° ano),4.0,0,Em fase,,,
RA-385,Aluno-385,2022,12,Feminino,2022,0.0,Escola Pública,2,2,I,Ágata,6.083,5.0,4.9,7.5,7.4,5.0,,6.5,2.7,7.2,,Fase 3 (7º e 8º ano),3.0,-1,Moderada,False,False,Sem limitações
RA-386,Aluno-386,2022,13,Masculino,2019,3.0,Escola Pública,2,2,I,Ágata,6.104,5.0,4.0,5.9,10.0,5.6,,7.222,3.7,4.3,,Fase 3 (7º e 8º ano),3.0,-1,Moderada,False,False,Requer avaliação
RA-386,Aluno-386,2023,14,Masculino,2019,4.0,Pública,FASE 3,3,3G,Quartzo,5.758425,5.0,3.3,7.0,9.2,2.52,7.03125,6.6325,5.0,3.7,1.2,Fase 4 (9° ano),4.0,-1,Moderada,,,
RA-387,Aluno-387,2022,13,Masculino,2019,3.0,Escola Pública,2,2,I,Ágata,6.323,5.0,3.7,8.2,7.0,7.5,,6.833,1.3,6.0,,Fase 3 (7º e 8º ano),3.0,-1,Moderada,False,False,Sem limitações
RA-387,Aluno-387,2023,14,Masculino,2019,4.0,Pública,FASE 3,3,3F,Quartzo,4.794333333,5.0,3.0,6.8,0.0,2.52,6.875,7.0075,4.3,2.8,1.8,Fase 4 (9° ano),4.0,-1,Moderada,,,
RA-387,Aluno-387,2024,15,Masculino,2021,3.0,Pública,3G,3,3G,Ágata,6.125500000000001,5.0,4.333333333333333,7.166666666666667,7.5,7.51,6.25,5.9975,5.0,4.0,4.0,Fase 4 (9° ano),4.0,-1,Moderada,,,
RA-388,Aluno-388,2022,14,Feminino,2019,3.0,Escola Pública,2,2,I,Ágata,6.654,5.0,4.5,8.5,7.9,5.6,,7.722,3.5,5.5,,Fase 4 (9º ano),4.0,-2,Moderada,False,False,Requer avaliação
RA-388,Aluno-388,2023,15,Feminino,2019,4.0,Pública,FASE 3,3,3F,Quartzo,5.630833333,5.0,4.2,7.4,0.0,5.63,6.875,7.835,6.0,4.3,2.2,Fase 5 (1° EM),5.0,-2,Moderada,,,
RA-388,Aluno-388,2024,16,Feminino,2021,3.0,Pública,4F,4,4F,Quartzo,5.965307936466667,5.0,4.333333333333333,6.349206349,7.5,7.51,6.75,5.764,1.0,7.0,5.0,Fase 5 (1° EM),5.0,-1,Moderada,,,
RA-389,Aluno-389,2022,11,Masculino,2019,3.0,Escola Pública,2,2,I,Ametista,7.184,10.0,3.5,8.9,8.0,7.5,,7.556,2.0,5.0,,Fase 2 (5º e 6º ano),2.0,0,Em fase,False,False,Sem limitações
RA-389,Aluno-389,2023,12,Masculino,2019,4.0,Pública,FASE 2,2,2H,Ágata,6.687,5.0,8.2,8.2,0.0,2.52,8.75,8.95,6.8,9.5,,Fase 3 (7° e 8° ano),3.0,-1,Moderada,,,
RA-389,Aluno-389,2024,13,Masculino,2021,3.0,Pública,3G,3,3G,Ametista,7.2079551282,10.0,5.166666666666667,6.674358974333333,9.585,8.76,6.5625,6.745,6.5,4.0,5.0,Fase 3 (7° e 8° ano),3.0,0,Em fase,,,
RA-39,Aluno-39,2022,16,Feminino,2017,5.0,Rede Decisão,6,6,A,Ágata,6.033,10.0,6.9,4.8,0.0,6.9,,6.111,7.7,5.1,7.8,Fase 6 (2º EM),6.0,0,Em fase,False,False,Requer avaliação
RA-39,Aluno-39,2023,17,Feminino,2017,6.0,Privada - Programa de Apadrinhamento,FASE 7,7,7A,Topázio,8.710333333,10.0,7.8,9.1,9.6,7.52,8.75,8.7575,8.3,7.8,7.2,Fase 7 (3° EM),7.0,0,Em fase,,,
RA-39,Aluno-39,2024,18,Feminino,2021,3.0,Privada *Parcerias com Bolsa 100%,8F,8,8F,,,10.0,,0.0,,,,,,,,Fase 8 (Universitários),8.0,0,Em fase,,,
RA-390,Aluno-390,2022,12,Feminino,2022,0.0,Escola Pública,2,2,I,Ágata,6.776,5.0,4.7,8.8,7.4,6.3,,7.722,4.0,5.3,,Fase 3 (7º e 8º ano),3.0,-1,Moderada,False,False,Requer avaliação
RA-390,Aluno-390,2023,12,Feminino,2022,1.0,Pública,FASE 3,3,3G,Ágata,6.905741667,10.0,4.8,8.8,7.9,2.52,7.34375,7.005,5.7,5.8,3.0,Fase 3 (7° e 8° ano),3.0,0,Em fase,,,
RA-390,Aluno-390,2024,13,Feminino,2022,2.0,Pública,3G,3,3G,Ágata,6.5472236842000004,10.0,4.166666666666667,6.080701754333333,7.5,8.755,6.5625,6.08,3.0,2.5,7.0,Fase 3 (7° e 8° ano),3.0,0,Em fase,,,
RA-391,Aluno-391,2022,12,Feminino,2022,0.0,Escola Pública,2,2,J,Ametista,7.117,5.0,5.1,8.1,10.0,7.5,,8.056,5.0,5.2,,Fase 3 (7º e 8º ano),3.0,-1,Moderada,False,False,Sem limitações
RA-391,Aluno-391,2023,13,Feminino,2022,1.0,Pública,FASE 3,3,3I,Ágata,6.5107,10.0,3.5,7.5,7.9,2.52,7.5,7.585,4.2,5.0,1.3,Fase 3 (7° e 8° ano),3.0,0,Em fase,,,
RA-392,Aluno-392,2022,14,Masculino,2022,0.0,Escola Pública,2,2,J,Ágata,6.418,5.0,4.8,8.8,9.5,5.6,,6.778,3.7,5.8,,Fase 4 (9º ano),4.0,-2,Moderada,False,False,Não indicado
RA-392,Aluno-392,2023,15,Masculino,2022,1.0,Pública,FASE 3,3,3I,Ágata,6.567208333,5.0,4.6,9.5,9.6,2.52,6.09375,7.17,6.2,4.7,2.8,Fase 5 (1° EM),5.0,-2,Moderada,,,
RA-392,Aluno-392,2024,16,Masculino,2022,2.0,Pública,4B,4,4B,Quartzo,4.3639463364,5.0,1.0,5.414731682,9.585,5.635,3.5,3.545,0.0,2.0,1.0,Fase 5 (1° EM),5.0,-1,Moderada,,,
RA-393,Aluno-393,2022,16,Feminino,2018,4.0,Escola Pública,2,2,J,Quartzo,5.518,2.5,4.6,5.4,10.0,5.0,,6.778,4.7,4.5,,Fase 6 (2º EM),6.0,-4,Severa,False,False,Não indicado
RA-394,Aluno-394,2022,11,Feminino,2022,0.0,Escola Pública,2,2,J,Ametista,7.897,10.0,5.9,8.6,9.5,7.5,,8.444,4.3,7.5,,Fase 2 (5º e 6º ano),2.0,0,Em fase,False,True,Sem limitações
RA-395,Aluno-395,2022,11,Feminino,2018,4.0,Escola Pública,2,2,J,Ametista,7.683,10.0,4.9,8.9,9.0,7.5,,8.333,4.2,5.7,,Fase 2 (5º e 6º ano),2.0,0,Em fase,False,False,Sem limitações
RA-395,Aluno-395,2023,12,Feminino,2018,5.0,Pública,FASE 3,3,3I,Ametista,7.469175,10.0,6.0,8.6,9.2,2.52,7.96875,7.9175,6.7,5.3,6.0,Fase 3 (7° e 8° ano),3.0,0,Em fase,,,
RA-395,Aluno-395,2024,13,Feminino,2021,3.0,Pública,4F,4,4F,Ametista,7.169905291000001,10.0,4.333333333333333,6.921693121666666,8.751,6.26,7.25,8.464,2.5,5.5,5.0,Fase 3 (7° e 8° ano),3.0,1,Em fase,,,
RA-396,Aluno-396,2022,12,Masculino,2022,0.0,Escola Pública,2,2,J,Ágata,6.556,5.0,5.6,8.0,9.0,6.3,,6.556,4.7,6.5,,Fase 3 (7º e 8º ano),3.0,-1,Moderada,False,False,Requer avaliação
RA-397,Aluno-397,2022,14,Feminino,2017,5.0,Escola Pública,2,2,J,Quartzo,5.852,5.0,2.8,5.7,9.0,6.9,,7.167,3.3,2.3,,Fase 4 (9º ano),4.0,-2,Moderada,False,False,Requer avaliação
RA-397,Aluno-397,2023,15,Feminino,2017,6.0,Pública,FASE 4,4,4G,Ágata,6.207083333,5.0,4.6,7.9,7.5,2.52,7.1875,7.465,6.7,5.0,2.0,Fase 5 (1° EM),5.0,-1,Moderada,,,
RA-397,Aluno-397,2024,16,Feminino,2021,3.0,Pública,4A,4,4A,Ágata,6.807291921866668,5.0,5.666666666666667,7.885292942666666,7.918,5.63,7.625,7.398,5.0,4.5,7.5,Fase 6 (2° EM),6.0,-2,Moderada,,,
RA-398,Aluno-398,2022,10,Feminino,2022,0.0,Escola Pública,2,2,K,Ametista,7.742,10.0,5.5,9.3,9.0,7.5,,7.5,3.0,8.0,,Fase 2 (5º e 6º ano),2.0,0,Em fase,False,False,Sem limitações
RA-398,Aluno-398,2023,11,Feminino,2022,1.0,Pública,FASE 3,3,3N,Ametista,7.153766667,10.0,6.5,8.1,6.7,2.52,7.5,7.7925,9.3,5.8,4.5,Fase 2 (5° e 6° ano),2.0,1,Em fase,,,
RA-398,Aluno-398,2024,12,Feminino,2022,2.0,Pública,3U,3,3U,Ametista,7.2457999999666685,10.0,8.0,5.733333333333333,7.083,7.51,7.291666667,6.553333333,8.5,7.5,8.0,Fase 3 (7° e 8° ano),3.0,0,Em fase,,,
RA-399,Aluno-399,2022,12,Feminino,2022,0.0,Escola Pública,2,2,K,Ágata,6.58,5.0,4.3,9.3,6.8,5.6,,7.5,3.0,5.5,,Fase 3 (7º e 8º ano),3.0,-1,Moderada,False,False,Requer avaliação
RA-399,Aluno-399,2023,13,Feminino,2022,1.0,Pública,FASE 3,3,3N,Ametista,7.000033333,10.0,4.7,8.2,7.9,2.52,7.5,8.165,5.0,4.2,4.8,Fase 3 (7° e 8° ano),3.0,0,Em fase,,,
RA-4,Aluno-4,2022,17,Masculino,2017,5.0,Rede Decisão,7,7,A,Quartzo,5.951,10.0,5.0,4.5,8.8,5.6,,5.278,2.8,3.5,8.7,Fase 7 (3º EM),7.0,0,Em fase,False,False,Requer avaliação
RA-40,Aluno-40,2022,16,Feminino,2016,6.0,Rede Decisão,5,5,A,Ametista,7.203,5.0,6.8,7.8,7.9,7.5,,7.75,4.7,7.3,8.4,Fase 6 (2º EM),6.0,-1,Moderada,False,False,Sem limitações
RA-40,Aluno-40,2023,17,Feminino,2016,7.0,Privada - Programa de Apadrinhamento,FASE 6,6,6A,Ametista,7.169975,5.0,5.9,8.2,7.5,7.52,7.96875,7.755,6.2,5.7,5.8,Fase 7 (3° EM),7.0,-1,Moderada,,,
RA-40,Aluno-40,2024,18,Feminino,2021,3.0,Privada - Programa de Apadrinhamento,7A,7,7A,Ametista,7.098051462066667,10.0,5.333333333333333,7.211257310000001,7.083,8.13,8.125,6.276666667,3.5,6.0,6.5,Fase 7 (3° EM),7.0,0,Em fase,,,
RA-400,Aluno-400,2022,14,Masculino,2018,4.0,Escola Pública,2,2,K,Ágata,6.042,5.0,1.7,8.5,9.0,5.0,,7.444,1.2,2.2,,Fase 4 (9º ano),4.0,-2,Moderada,False,False,Requer avaliação
RA-400,Aluno-400,2023,14,Masculino,2018,5.0,Pública,FASE 3,3,3L,Ágata,6.529425,5.0,4.1,9.0,9.2,2.52,7.65625,7.375,4.8,4.7,2.8,Fase 4 (9° ano),4.0,-1,Moderada,,,
RA-401,Aluno-401,2022,12,Feminino,2021,1.0,Escola Pública,2,2,K,Ágata,6.645,5.0,4.3,9.6,6.9,7.5,,6.722,3.7,5.0,,Fase 3 (7º e 8º ano),3.0,-1,Moderada,False,False,Sem limitações
RA-401,Aluno-401,2023,12,Feminino,2021,2.0,Pública,FASE 2,2,2K,Ágata,6.363666667,5.0,7.3,8.1,4.0,2.52,7.083333333,7.116666667,6.3,8.3,,Fase 3 (7° e 8° ano),3.0,-1,Moderada,,,
RA-401,Aluno-401,2024,14,Feminino,2021,3.0,Pública,3L,3,3L,Ágata,6.728911403533334,10.0,4.833333333333333,6.839473684333334,6.666,6.885,6.5625,6.915,7.0,5.0,2.5,Fase 3 (7° e 8° ano),3.0,0,Em fase,,,
RA-402,Aluno-402,2022,12,Feminino,2019,3.0,Escola Pública,2,2,K,Quartzo,5.261,5.0,3.0,3.7,9.0,5.0,,7.222,4.3,1.7,,Fase 3 (7º e 8º ano),3.0,-1,Moderada,False,False,Requer avaliação
RA-402,Aluno-402,2023,13,Feminino,2019,4.0,Pública,FASE 3,3,3N,Ágata,6.632716667,10.0,4.2,7.3,9.2,2.52,7.8125,6.88,4.7,4.0,4.0,Fase 3 (7° e 8° ano),3.0,0,Em fase,,,
RA-402,Aluno-402,2024,14,Feminino,2021,3.0,Pública,4M,4,4M,Quartzo,5.683064814833333,10.0,4.166666666666667,3.074074074,7.5,6.26,6.354166667,6.1175,3.0,3.5,6.0,Fase 4 (9° ano),4.0,0,Em fase,,,
RA-403,Aluno-403,2022,12,Masculino,2020,2.0,Escola Pública,2,2,K,Ametista,7.455,5.0,6.3,9.3,9.5,7.5,,7.5,6.5,6.2,,Fase 3 (7º e 8º ano),3.0,-1,Moderada,False,False,Sem limitações
RA-403,Aluno-403,2023,13,Masculino,2020,3.0,Pública,FASE 2,2,2U,Ametista,7.716366667,5.0,7.8,8.8,8.5,6.27,7.291666667,8.45,6.8,8.8,,Fase 3 (7° e 8° ano),3.0,-1,Moderada,,,
RA-403,Aluno-403,2024,14,Masculino,2021,3.0,Pública,3K,3,3K,Topázio,8.008488888833334,10.0,7.666666666666667,7.361111111,8.751,7.51,8.541666667,7.613333333,6.0,8.0,9.0,Fase 3 (7° e 8° ano),3.0,0,Em fase,,,
RA-404,Aluno-404,2022,12,Feminino,2020,2.0,Escola Pública,2,2,K,Ágata,6.658,5.0,5.3,7.3,9.0,7.5,,6.944,4.0,6.5,,Fase 3 (7º e 8º ano),3.0,-1,Moderada,False,False,Sem limitações
RA-404,Aluno-404,2023,13,Feminino,2020,3.0,Pública,FASE 2,2,2L,Ágata,6.7093,5.0,6.0,8.3,7.9,5.02,6.875,6.89,4.7,7.2,,Fase 3 (7° e 8° ano),3.0,-1,Moderada,,,
RA-404,Aluno-404,2024,14,Feminino,2021,3.0,Pública,3M,3,3M,Ágata,6.624588235266668,10.0,5.666666666666667,6.286274509666666,8.334,2.51,7.5,6.998,6.0,5.0,6.0,Fase 3 (7° e 8° ano),3.0,0,Em fase,,,
RA-405,Aluno-405,2022,13,Masculino,2016,6.0,Escola Pública,2,2,K,Quartzo,5.661,5.0,3.3,6.2,9.5,5.0,,6.0,2.7,3.8,,Fase 3 (7º e 8º ano),3.0,-1,Moderada,False,False,Requer avaliação
RA-406,Aluno-406,2022,13,Feminino,2019,3.0,Escola Pública,2,2,K,Ametista,7.496,5.0,6.6,9.5,9.5,7.5,,7.333,5.4,7.8,,Fase 3 (7º e 8º ano),3.0,-1,Moderada,False,False,Sem limitações
RA-407,Aluno-407,2022,13,Masculino,2022,0.0,Escola Pública,2,2,K,Ametista,7.195,5.0,6.0,9.3,8.5,7.5,,7.056,4.0,8.0,,Fase 3 (7º e 8º ano),3.0,-1,Moderada,False,False,Sem limitações
RA-407,Aluno-407,2023,14,Masculino,2022,1.0,Pública,FASE 3,3,3L,Ametista,7.665083333,5.0,7.3,8.6,9.6,7.52,7.8125,7.5,7.3,7.2,7.3,Fase 4 (9° ano),4.0,-1,Moderada,,,
RA-407,Aluno-407,2024,15,Masculino,2022,2.0,Pública,4L,4,4L,Ametista,7.0875128168,10.0,3.6666666666666665,7.614522417333333,8.334,6.26,7.96875,7.875,2.0,5.0,4.0,Fase 4 (9° ano),4.0,0,Em fase,,,
RA-408,Aluno-408,2022,12,Feminino,2022,0.0,Escola Pública,2,2,K,Ágata,6.725,5.0,3.3,9.7,8.0,7.5,,7.333,1.0,5.5,,Fase 3 (7º e 8º ano),3.0,-1,Moderada,False,False,Sem limitações
RA-408,Aluno-408,2023,13,Feminino,2022,1.0,Pública,FASE 2,2,2L,Ametista,7.242133333,5.0,6.8,8.5,7.9,3.77,8.333333333,8.45,6.0,7.5,,Fase 3 (7° e 8° ano),3.0,-1,Moderada,,,
RA-408,Aluno-408,2024,14,Feminino,2022,2.0,Pública,3K,3,3K,Ágata,6.5276296297,10.0,4.833333333333333,4.981481481666667,7.5,7.51,7.083333333,6.776666667,3.0,5.5,6.0,Fase 3 (7° e 8° ano),3.0,0,Em fase,,,
RA-409,Aluno-409,2022,11,Feminino,2022,0.0,Escola Pública,2,2,K,Topázio,8.15,10.0,7.8,9.7,7.9,7.5,,7.5,6.0,9.5,,Fase 2 (5º e 6º ano),2.0,0,Em fase,False,False,Sem limitações
RA-409,Aluno-409,2023,12,Feminino,2022,1.0,Pública,FASE 2,2,2K,Ametista,7.621466667,5.0,8.0,9.5,8.4,2.52,7.916666667,8.73,6.2,9.7,,Fase 3 (7° e 8° ano),3.0,-1,Moderada,,,
RA-409,Aluno-409,2024,13,Feminino,2022,2.0,Pública,3K,3,3K,Topázio,8.225462962900002,10.0,7.166666666666667,9.231481481333333,9.585,7.51,7.916666667,7.223333333,7.0,7.5,7.0,Fase 3 (7° e 8° ano),3.0,0,Em fase,,,
RA-41,Aluno-41,2022,17,Masculino,2018,4.0,Escola Pública,5,5,A,Quartzo,5.581,5.0,5.6,6.1,9.2,5.0,,4.375,6.3,2.5,8.0,Fase 7 (3º EM),7.0,-2,Moderada,False,False,Requer avaliação
RA-410,Aluno-410,2022,14,Masculino,2018,4.0,Escola Pública,2,2,K,Quartzo,5.675,5.0,2.0,6.5,7.4,6.3,,7.444,2.0,2.0,,Fase 4 (9º ano),4.0,-2,Moderada,False,False,Requer avaliação
RA-410,Aluno-410,2023,14,Masculino,2018,5.0,Pública,FASE 3,3,3K,Ágata,6.140808333,5.0,4.9,5.8,8.8,7.52,6.71875,6.0425,5.0,4.8,4.8,Fase 4 (9° ano),4.0,-1,Moderada,,,
RA-411,Aluno-411,2022,12,Feminino,2019,3.0,Escola Pública,2,2,L,Ametista,7.232,5.0,7.1,8.6,6.4,7.5,,7.833,6.7,7.5,,Fase 3 (7º e 8º ano),3.0,-1,Moderada,False,False,Não atendido
RA-411,Aluno-411,2023,13,Feminino,2019,4.0,Privada,FASE 3,3,3L,Ametista,7.779983333,10.0,6.6,9.0,6.2,7.52,7.8125,7.5425,5.7,6.7,7.3,Fase 3 (7° e 8° ano),3.0,0,Em fase,,,
RA-411,Aluno-411,2024,14,Feminino,2021,3.0,Privada,4M,4,4M,Ametista,7.279762962966667,10.0,4.833333333333333,9.148148147999999,7.083,5.635,7.291666667,7.4125,3.5,7.0,4.0,Fase 4 (9° ano),4.0,0,Em fase,,,
RA-412,Aluno-412,2022,12,Feminino,2018,4.0,Escola Pública,2,2,L,Ametista,7.556,5.0,7.3,9.0,8.5,7.5,,7.778,6.5,8.2,,Fase 3 (7º e 8º ano),3.0,-1,Moderada,False,False,Não atendido
RA-412,Aluno-412,2023,13,Feminino,2018,5.0,Pública,FASE 3,3,3L,Ametista,7.373891667,10.0,6.2,8.9,8.8,2.52,7.03125,7.585,5.8,5.2,7.7,Fase 3 (7° e 8° ano),3.0,0,Em fase,,,
RA-412,Aluno-412,2024,14,Feminino,2021,3.0,Pública,4M,4,4M,Topázio,8.044378070166667,10.0,7.333333333333333,8.456140351,8.334,6.26,8.020833333,8.125,8.0,6.0,8.0,Fase 4 (9° ano),4.0,0,Em fase,,,
RA-413,Aluno-413,2022,12,Feminino,2022,0.0,Escola Pública,2,2,L,Ágata,6.408,5.0,4.7,8.7,6.4,5.6,,7.056,4.2,5.2,,Fase 3 (7º e 8º ano),3.0,-1,Moderada,False,False,Requer avaliação
RA-413,Aluno-413,2023,13,Feminino,2022,1.0,Pública,FASE 2,2,2K,Ágata,6.803633333,5.0,6.3,8.9,7.9,2.52,7.291666667,7.503333333,5.8,6.7,,Fase 3 (7° e 8° ano),3.0,-1,Moderada,,,
RA-414,Aluno-414,2022,12,Feminino,2021,1.0,Escola Pública,2,2,L,Ametista,7.284,5.0,5.9,9.3,8.0,7.5,,7.667,5.7,6.2,,Fase 3 (7º e 8º ano),3.0,-1,Moderada,False,False,Não atendido
RA-414,Aluno-414,2023,13,Feminino,2021,2.0,Pública,FASE 3,3,3L,Ametista,7.25025,10.0,6.5,9.5,0.0,7.52,7.8125,7.585,6.0,7.0,6.5,Fase 3 (7° e 8° ano),3.0,0,Em fase,,,
RA-414,Aluno-414,2024,14,Feminino,2021,3.0,Pública,3L,3,3L,Ametista,7.187625925933334,10.0,6.0,8.429629629666666,7.917,7.51,6.25,5.67,9.0,3.0,6.0,Fase 3 (7° e 8° ano),3.0,0,Em fase,,,
RA-415,Aluno-415,2022,11,Feminino,2019,3.0,Escola Pública,2,2,L,Ametista,7.695,10.0,6.2,8.3,8.0,7.5,,8.056,4.8,7.5,,Fase 2 (5º e 6º ano),2.0,0,Em fase,False,False,Não atendido
RA-415,Aluno-415,2023,12,Feminino,2019,4.0,Pública,FASE 3,3,3L,Ametista,7.18805,10.0,3.7,8.2,7.1,7.52,7.8125,7.8325,2.8,4.0,4.3,Fase 3 (7° e 8° ano),3.0,0,Em fase,,,
RA-416,Aluno-416,2022,12,Masculino,2018,4.0,Rede Decisão,2,2,L,Ametista,7.913,5.0,7.2,9.3,9.5,8.8,,8.222,6.7,7.7,,Fase 3 (7º e 8º ano),3.0,-1,Moderada,False,False,Sem limitações
RA-416,Aluno-416,2023,13,Masculino,2018,5.0,Privada - Programa de Apadrinhamento,FASE 3,3,3L,Topázio,8.144425,10.0,7.6,9.8,9.2,2.52,8.28125,8.3375,7.0,7.0,8.8,Fase 3 (7° e 8° ano),3.0,0,Em fase,,,
RA-416,Aluno-416,2024,14,Masculino,2021,3.0,Privada - Programa de Apadrinhamento,4M,4,4M,Topázio,8.700808577033333,10.0,8.0,8.972709551666666,8.751,7.51,8.541666667,9.13,8.0,7.5,8.5,Fase 3 (7° e 8° ano),3.0,1,Em fase,,,
RA-417,Aluno-417,2022,13,Feminino,2022,0.0,Escola Pública,2,2,L,Topázio,8.428,5.0,8.0,10.0,10.0,7.5,,9.556,6.0,10.0,,Fase 3 (7º e 8º ano),3.0,-1,Moderada,False,True,Não atendido
RA-417,Aluno-417,2023,13,Feminino,2022,1.0,Pública,FASE 3,3,3L,Topázio,8.257658333,10.0,7.8,9.7,5.4,7.52,8.28125,8.2125,6.7,8.3,8.3,Fase 3 (7° e 8° ano),3.0,0,Em fase,,,
RA-417,Aluno-417,2024,14,Feminino,2022,2.0,Pública,4L,4,4L,Topázio,8.533628557533333,10.0,8.833333333333334,8.401559454333333,8.334,7.51,8.4375,8.2925,9.0,10.0,7.5,Fase 4 (9° ano),4.0,0,Em fase,,,
RA-418,Aluno-418,2022,10,Feminino,2020,2.0,Rede Decisão,2,2,L,Topázio,8.175,10.0,7.5,9.4,8.0,7.5,,8.222,6.5,8.5,,Fase 2 (5º e 6º ano),2.0,0,Em fase,False,False,Não atendido
RA-418,Aluno-418,2023,11,Feminino,2020,3.0,Privada - Programa de Apadrinhamento,FASE 3,3,3L,Topázio,8.1686,10.0,8.1,10.0,8.8,2.52,8.125,8.045,6.7,8.3,9.3,Fase 2 (5° e 6° ano),2.0,1,Em fase,,,
RA-418,Aluno-418,2024,12,Feminino,2021,3.0,Privada - Programa de Apadrinhamento,4M,4,4M,Topázio,9.125183333366667,10.0,9.333333333333334,10.0,8.751,7.51,8.229166667,9.0475,9.5,8.5,10.0,Fase 3 (7° e 8° ano),3.0,1,Em fase,,,
RA-419,Aluno-419,2022,12,Feminino,2019,3.0,Rede Decisão,2,2,L,Ametista,7.359,5.0,6.9,9.2,7.5,5.6,,8.389,5.3,8.5,,Fase 3 (7º e 8º ano),3.0,-1,Moderada,False,True,Requer avaliação
RA-419,Aluno-419,2023,13,Feminino,2019,4.0,Privada - Programa de Apadrinhamento,FASE 3,3,3L,Ametista,7.7261,10.0,7.6,9.5,6.7,2.52,8.125,7.875,7.0,7.3,8.5,Fase 3 (7° e 8° ano),3.0,0,Em fase,,,
RA-419,Aluno-419,2024,14,Feminino,2021,3.0,Privada - Programa de Apadrinhamento,4M,4,4M,Topázio,8.355707894766669,10.0,8.166666666666666,9.382456140666667,7.083,6.26,8.020833333,8.5475,6.5,8.0,10.0,Fase 3 (7° e 8° ano),3.0,1,Em fase,,,
RA-42,Aluno-42,2022,15,Masculino,2019,3.0,Rede Decisão,5,5,A,Ágata,6.72,10.0,4.8,7.9,8.3,5.6,,6.083,3.7,4.5,6.2,Fase 5 (1º EM),5.0,0,Em fase,False,False,Requer avaliação
RA-42,Aluno-42,2023,16,Masculino,2019,4.0,Privada - Programa de Apadrinhamento,FASE 5,5,5A,Ágata,6.794516667,5.0,5.7,8.6,8.8,5.63,6.5625,6.6675,6.3,4.2,6.7,Fase 6 (2° EM),6.0,-1,Moderada,,,
RA-42,Aluno-42,2024,17,Masculino,2021,3.0,Pública,6A,6,6A,Ametista,7.656628769866667,5.0,8.166666666666666,9.682539682666667,9.168,5.635,6.796875,7.134,9.0,7.5,8.0,Fase 7 (3° EM),7.0,-1,Moderada,,,
RA-420,Aluno-420,2022,11,Feminino,2019,3.0,Rede Decisão,2,2,L,Ametista,7.461,10.0,4.5,9.0,9.5,5.6,,8.0,1.3,7.7,,Fase 2 (5º e 6º ano),2.0,0,Em fase,False,False,Requer avaliação
RA-420,Aluno-420,2023,12,Feminino,2019,4.0,Privada - Programa de Apadrinhamento,FASE 3,3,3M,Ametista,7.356358333,10.0,5.3,9.3,8.3,2.52,7.65625,7.96,5.7,5.8,4.3,Fase 3 (7° e 8° ano),3.0,0,Em fase,,,
RA-420,Aluno-420,2024,13,Feminino,2021,3.0,Privada - Programa de Apadrinhamento,4M,4,4M,Ametista,7.544228947400001,10.0,4.0,9.557894737,8.334,6.26,7.8125,7.96,3.0,4.5,4.5,Fase 3 (7° e 8° ano),3.0,1,Em fase,,,
RA-421,Aluno-421,2022,11,Masculino,2021,1.0,Escola Pública,2,2,L,Topázio,8.717,10.0,8.8,9.3,8.5,7.5,,9.111,9.2,8.5,,Fase 2 (5º e 6º ano),2.0,0,Em fase,True,True,Não atendido
RA-421,Aluno-421,2023,12,Masculino,2021,2.0,Pública,FASE 3,3,3L,Topázio,8.030716667,10.0,7.3,9.9,9.2,2.52,7.8125,8.17,8.0,6.2,7.8,Fase 3 (7° e 8° ano),3.0,0,Em fase,,,
RA-421,Aluno-421,2024,13,Masculino,2021,3.0,Pública,4N,4,4N,Topázio,8.488232329,10.0,6.666666666666667,9.540744978333334,8.751,7.51,9.0625,8.572,5.0,6.0,9.0,Fase 3 (7° e 8° ano),3.0,1,Em fase,,,
RA-422,Aluno-422,2022,12,Masculino,2022,0.0,Escola Pública,2,2,L,Ágata,6.746,5.0,2.5,10.0,8.5,7.5,,7.5,1.0,4.0,,Fase 3 (7º e 8º ano),3.0,-1,Moderada,False,False,Não atendido
RA-422,Aluno-422,2023,13,Masculino,2022,1.0,Pública,FASE 2,2,2U,Quartzo,5.57,5.0,4.4,7.8,0.0,7.52,6.666666667,6.106666667,3.0,5.7,,Fase 3 (7° e 8° ano),3.0,-1,Moderada,,,
RA-422,Aluno-422,2024,14,Masculino,2022,2.0,Pública,3K,3,3K,Quartzo,5.544981481433334,5.0,2.8333333333333335,6.157407407333333,7.5,7.51,6.458333333,5.5,3.0,4.5,1.0,Fase 4 (9° ano),4.0,-1,Moderada,,,
RA-423,Aluno-423,2022,12,Feminino,2022,0.0,Escola Pública,2,2,L,Ágata,6.647,5.0,2.3,9.6,8.4,7.5,,7.667,0.5,4.0,,Fase 3 (7º e 8º ano),3.0,-1,Moderada,False,False,Sem limitações
RA-423,Aluno-423,2023,13,Feminino,2022,1.0,Pública,FASE 2,2,2U,Ágata,6.607533333,5.0,3.4,8.7,8.0,6.89,7.083333333,7.45,2.3,4.5,,Fase 3 (7° e 8° ano),3.0,-1,Moderada,,,
RA-423,Aluno-423,2024,14,Feminino,2022,2.0,Pública,3L,3,3L,Ágata,6.616193704866666,10.0,4.333333333333333,6.501135191,5.833,8.13,6.875,6.8275,6.0,3.5,3.5,Fase 3 (7° e 8° ano),3.0,0,Em fase,,,
RA-424,Aluno-424,2022,12,Feminino,2022,0.0,Escola Pública,2,2,L,Ametista,7.94,5.0,7.5,10.0,9.0,7.5,,8.222,10.0,5.0,,Fase 3 (7º e 8º ano),3.0,-1,Moderada,False,False,Não atendido
RA-424,Aluno-424,2023,13,Feminino,2022,1.0,Pública,FASE 3,3,3M,Ametista,7.72685,10.0,6.4,9.9,8.8,2.52,7.8125,7.7925,5.0,6.7,7.5,Fase 3 (7° e 8° ano),3.0,0,Em fase,,,
RA-424,Aluno-424,2024,14,Feminino,2022,2.0,Pública,4L,4,4L,Ametista,7.341187280733334,10.0,3.3333333333333335,9.616228070333333,8.334,7.51,7.34375,7.1625,2.0,6.0,2.0,Fase 4 (9° ano),4.0,0,Em fase,,,
RA-425,Aluno-425,2022,12,Masculino,2022,0.0,Escola Pública,2,2,L,Topázio,8.117,5.0,9.0,10.0,9.0,7.5,,7.5,9.0,9.0,,Fase 3 (7º e 8º ano),3.0,-1,Moderada,False,False,Não atendido
RA-425,Aluno-425,2023,13,Masculino,2022,1.0,Pública,FASE 3,3,3L,Topázio,8.10555,10.0,7.5,9.9,9.2,2.52,7.8125,8.3775,6.7,7.3,8.5,Fase 3 (7° e 8° ano),3.0,0,Em fase,,,
RA-425,Aluno-425,2024,14,Masculino,2022,2.0,Pública,4M,4,4M,Topázio,9.016616666700001,10.0,9.0,10.0,10.002,6.26,8.229166667,8.8375,10.0,7.5,9.5,Fase 4 (9° ano),4.0,0,Em fase,,,
RA-426,Aluno-426,2022,14,Feminino,2022,0.0,Escola Pública,2,2,M,Ágata,6.35,5.0,4.6,6.5,9.0,7.5,,7.111,2.3,6.8,,Fase 4 (9º ano),4.0,-2,Moderada,False,False,Não atendido
RA-426,Aluno-426,2023,14,Feminino,2022,1.0,Pública,FASE 3,3,3M,Ágata,6.329158333,5.0,5.0,7.6,5.4,5.0,7.65625,7.5425,4.7,5.2,5.0,Fase 4 (9° ano),4.0,-1,Moderada,,,
RA-426,Aluno-426,2024,15,Feminino,2022,2.0,Pública,4L,4,4L,Ágata,6.6430030186,5.0,4.833333333333333,7.9050567596666665,7.917,4.38,7.65625,8.0,3.5,7.0,4.0,Fase 5 (1° EM),5.0,-1,Moderada,,,
RA-427,Aluno-427,2022,13,Masculino,2022,0.0,Escola Pública,2,2,M,Ágata,6.245,5.0,2.5,8.5,8.0,7.5,,6.778,3.0,2.0,,Fase 3 (7º e 8º ano),3.0,-1,Moderada,False,False,Não atendido
RA-428,Aluno-428,2022,13,Masculino,2022,0.0,Escola Pública,2,2,M,Ametista,7.683,5.0,9.5,8.7,6.8,7.5,,7.111,10.0,9.0,,Fase 3 (7º e 8º ano),3.0,-1,Moderada,False,False,Não atendido
RA-428,Aluno-428,2023,13,Masculino,2022,1.0,Pública,FASE 3,3,3N,Ametista,7.821816667,10.0,7.2,9.5,8.3,2.52,7.8125,8.0425,9.3,4.7,7.7,Fase 3 (7° e 8° ano),3.0,0,Em fase,,,
RA-428,Aluno-428,2024,14,Masculino,2022,2.0,Pública,4M,4,4M,Ametista,7.534949122800001,10.0,5.0,8.898245614,9.168,5.635,7.5,7.625,3.0,4.0,8.0,Fase 4 (9° ano),4.0,0,Em fase,,,
RA-429,Aluno-429,2022,13,Masculino,2019,3.0,Escola Pública,2,2,M,Quartzo,5.811,5.0,2.7,5.3,10.0,7.5,,6.611,2.8,2.5,,Fase 3 (7º e 8º ano),3.0,-1,Moderada,False,False,Não atendido
RA-43,Aluno-43,2022,16,Feminino,2019,3.0,Escola Pública,5,5,A,Quartzo,5.486,5.0,4.3,6.5,6.3,5.6,,5.958,4.0,5.8,3.2,Fase 6 (2º EM),6.0,-1,Moderada,False,False,Requer avaliação
RA-43,Aluno-43,2023,17,Feminino,2019,4.0,Pública,FASE 6,6,6A,Ágata,6.4622,5.0,5.0,6.7,7.9,5.63,7.5,7.5875,4.0,5.0,6.0,Fase 7 (3° EM),7.0,-1,Moderada,,,
RA-430,Aluno-430,2022,13,Masculino,2022,0.0,Escola Pública,2,2,M,Ametista,7.585,5.0,8.5,8.6,9.5,7.5,,6.611,7.5,9.5,,Fase 3 (7º e 8º ano),3.0,-1,Moderada,False,False,Não atendido
RA-430,Aluno-430,2023,14,Masculino,2022,1.0,Pública,FASE 3,3,3M,Ametista,7.146716667,5.0,6.4,9.3,9.2,2.52,7.8125,7.75,7.3,5.5,6.5,Fase 4 (9° ano),4.0,-1,Moderada,,,
RA-431,Aluno-431,2022,11,Masculino,2022,0.0,Escola Pública,2,2,M,Ametista,7.175,10.0,4.5,8.1,9.0,7.5,,6.778,5.0,4.0,,Fase 2 (5º e 6º ano),2.0,0,Em fase,False,False,Não atendido
RA-432,Aluno-432,2022,14,Feminino,2019,3.0,Escola Pública,2,2,M,Ágata,6.34,5.0,5.1,6.8,10.0,5.0,,6.611,5.7,4.5,,Fase 4 (9º ano),4.0,-2,Moderada,False,False,Requer avaliação
RA-432,Aluno-432,2023,15,Feminino,2019,4.0,Pública,FASE 3,3,3M,Ágata,6.850183333,5.0,5.2,9.0,8.8,2.52,7.8125,8.0425,5.0,6.3,4.2,Fase 5 (1° EM),5.0,-2,Moderada,,,
RA-432,Aluno-432,2024,16,Feminino,2021,3.0,Pública,4L,4,4L,Ametista,7.167975,5.0,5.5,10.0,7.501,6.26,7.34375,7.2875,5.0,6.0,5.5,Fase 5 (1° EM),5.0,-1,Moderada,,,
RA-433,Aluno-433,2022,12,Masculino,2022,0.0,Escola Pública,2,2,M,Quartzo,5.557,5.0,2.6,7.3,8.5,5.0,,5.778,2.2,3.0,,Fase 3 (7º e 8º ano),3.0,-1,Moderada,False,False,Requer avaliação
RA-433,Aluno-433,2023,13,Masculino,2022,1.0,Pública,FASE 2,2,2M,Ágata,6.5982,5.0,4.8,7.2,8.5,7.52,5.833333333,7.613333333,1.8,7.7,,Fase 3 (7° e 8° ano),3.0,-1,Moderada,,,
RA-433,Aluno-433,2024,14,Masculino,2022,2.0,Pública,3N,3,3N,Ametista,7.218157142866668,10.0,4.833333333333333,8.380952381,7.918,8.13,6.875,6.415,6.5,4.0,4.0,Fase 3 (7° e 8° ano),3.0,0,Em fase,,,
RA-434,Aluno-434,2022,11,Masculino,2022,0.0,Escola Pública,2,2,M,Ametista,7.403,10.0,5.7,8.1,9.0,7.5,,6.778,4.8,6.5,,Fase 2 (5º e 6º ano),2.0,0,Em fase,False,False,Sem limitações
RA-434,Aluno-434,2023,12,Masculino,2022,1.0,Pública,FASE 2,2,2M,Ametista,7.069766667,5.0,6.6,8.0,6.3,7.52,7.5,7.613333333,5.2,8.0,,Fase 3 (7° e 8° ano),3.0,-1,Moderada,,,
RA-434,Aluno-434,2024,13,Masculino,2022,2.0,Pública,3U,3,3U,Ágata,6.610947619100001,10.0,5.5,5.061904762,7.084,7.51,7.291666667,6.55,5.5,5.5,5.5,Fase 3 (7° e 8° ano),3.0,0,Em fase,,,
RA-435,Aluno-435,2022,10,Feminino,2022,0.0,Escola Pública,2,2,M,Ágata,6.599,10.0,4.7,6.2,7.9,7.5,,6.444,3.7,5.7,,Fase 2 (5º e 6º ano),2.0,0,Em fase,False,False,Sem limitações
RA-436,Aluno-436,2022,11,Masculino,2022,0.0,Escola Pública,2,2,M,Ágata,6.687,10.0,2.0,8.1,9.5,7.5,,6.611,4.0,0.0,,Fase 2 (5º e 6º ano),2.0,0,Em fase,False,False,Sem limitações
RA-436,Aluno-436,2023,12,Masculino,2022,1.0,Pública,FASE 2,2,2M,Quartzo,5.322366667,5.0,3.4,4.7,7.5,2.52,6.875,7.613333333,3.7,3.0,,Fase 3 (7° e 8° ano),3.0,-1,Moderada,,,
RA-437,Aluno-437,2022,13,Masculino,2022,0.0,Escola Pública,2,2,M,Ágata,6.875,5.0,5.8,8.3,8.5,7.5,,6.611,6.0,5.5,,Fase 3 (7º e 8º ano),3.0,-1,Moderada,False,False,Sem limitações
RA-437,Aluno-437,2023,14,Masculino,2022,1.0,Pública,FASE 2,2,2M,Ágata,6.947366667,5.0,4.7,8.4,8.0,7.52,7.291666667,7.78,2.5,6.8,,Fase 4 (9° ano),4.0,-2,Moderada,,,
RA-438,Aluno-438,2022,10,Masculino,2022,0.0,Escola Pública,2,2,M,Ametista,7.764,10.0,7.3,8.7,8.0,7.5,,6.889,6.5,8.0,,Fase 2 (5º e 6º ano),2.0,0,Em fase,False,False,Sem limitações
RA-438,Aluno-438,2023,11,Masculino,2022,1.0,Pública,FASE 2,2,2L,Ágata,6.9883,10.0,5.4,7.5,6.9,6.26,6.458333333,7.223333333,3.5,7.3,,Fase 2 (5° e 6° ano),2.0,0,Em fase,,,
RA-438,Aluno-438,2024,12,Masculino,2022,2.0,Pública,2K,2,2K,Ametista,7.930283695700001,5.0,8.25,8.6630434785,9.168,7.51,7.96875,7.915,7.0,9.5,,Fase 3 (7° e 8° ano),3.0,-1,Moderada,,,
RA-439,Aluno-439,2022,12,Masculino,2022,0.0,Escola Pública,2,2,M,Quartzo,5.519,5.0,2.3,4.9,9.0,7.5,,6.5,3.2,1.3,,Fase 3 (7º e 8º ano),3.0,-1,Moderada,False,False,Sem limitações
RA-44,Aluno-44,2022,17,Feminino,2021,1.0,Escola Pública,5,5,A,Quartzo,5.542,5.0,3.0,5.9,5.0,7.5,,7.292,2.3,3.5,3.2,Fase 7 (3º EM),7.0,-2,Moderada,True,False,Sem limitações
RA-44,Aluno-44,2023,18,Feminino,2021,2.0,Pública,FASE 6,6,6A,Ágata,6.258333333,5.0,6.9,8.5,0.0,5.01,7.5,7.17,7.3,5.8,7.5,Fase 8 (Universitários),8.0,-2,Moderada,,,
RA-440,Aluno-440,2022,11,Masculino,2022,0.0,Escola Pública,2,2,P,Ametista,7.329,10.0,5.5,9.0,9.5,6.9,,5.833,6.0,5.0,,Fase 2 (5º e 6º ano),2.0,0,Em fase,False,False,Não atendido
RA-440,Aluno-440,2023,12,Masculino,2022,1.0,Pública,FASE 3,3,3P,Ágata,6.989208333,10.0,6.2,8.2,0.0,7.52,7.96875,7.835,7.3,7.0,4.2,Fase 3 (7° e 8° ano),3.0,0,Em fase,,,
RA-441,Aluno-441,2022,11,Feminino,2019,3.0,Escola Pública,2,2,P,Topázio,8.188,10.0,8.0,7.9,9.0,7.5,,8.333,8.0,8.0,,Fase 2 (5º e 6º ano),2.0,0,Em fase,False,False,Não atendido
RA-442,Aluno-442,2022,11,Feminino,2022,0.0,Escola Pública,2,2,P,Topázio,8.226,10.0,7.5,8.2,10.0,7.5,,8.222,9.0,6.0,,Fase 2 (5º e 6º ano),2.0,0,Em fase,False,False,Não atendido
RA-442,Aluno-442,2023,12,Feminino,2022,1.0,Pública,FASE 3,3,3K,Ágata,6.814166667,10.0,5.8,7.6,0.0,7.52,7.5,8.1275,6.7,6.5,4.3,Fase 3 (7° e 8° ano),3.0,0,Em fase,,,
RA-442,Aluno-442,2024,13,Feminino,2022,2.0,Pública,4M,4,4M,Ágata,6.905439215666667,10.0,5.0,5.9151960783333335,8.334,5.635,7.5,7.8775,4.5,7.0,3.5,Fase 3 (7° e 8° ano),3.0,1,Em fase,,,
RA-443,Aluno-443,2022,13,Feminino,2019,3.0,Escola Pública,2,2,P,Ametista,7.482,5.0,5.6,9.1,9.0,7.5,,8.5,8.0,3.2,,Fase 3 (7º e 8º ano),3.0,-1,Moderada,True,True,Não atendido
RA-443,Aluno-443,2023,14,Feminino,2019,4.0,Pública,FASE 3,3,3P,Ágata,6.895508333,5.0,7.6,7.5,7.1,2.52,7.96875,8.125,7.0,8.7,7.0,Fase 4 (9° ano),4.0,-1,Moderada,,,
RA-444,Aluno-444,2022,11,Masculino,2018,4.0,Escola Pública,2,2,P,Ágata,6.665,10.0,3.1,7.2,9.0,5.0,,7.778,1.5,4.7,,Fase 2 (5º e 6º ano),2.0,0,Em fase,False,False,Requer avaliação
RA-444,Aluno-444,2023,11,Masculino,2018,5.0,Pública,FASE 3,3,3P,Quartzo,5.958791667,10.0,4.7,7.9,0.0,5.0,6.40625,6.4575,4.7,5.8,3.7,Fase 2 (5° e 6° ano),2.0,1,Em fase,,,
RA-444,Aluno-444,2024,14,Masculino,2021,3.0,Pública,3P,3,3P,Quartzo,5.410188638266668,5.0,3.6666666666666665,6.377276524666667,8.334,2.51,6.25,5.96,2.0,5.0,4.0,Fase 4 (9° ano),4.0,-1,Moderada,,,
RA-445,Aluno-445,2022,12,Masculino,2022,0.0,Escola Pública,2,2,P,Ágata,6.924,5.0,3.8,9.4,9.0,7.5,,7.5,0.0,7.5,,Fase 3 (7º e 8º ano),3.0,-1,Moderada,False,False,Não atendido
RA-445,Aluno-445,2023,13,Masculino,2022,1.0,Pública,FASE 2,2,2R,Ametista,7.9087,5.0,8.4,8.8,8.0,6.89,8.541666667,8.176666667,7.7,9.0,,Fase 3 (7° e 8° ano),3.0,-1,Moderada,,,
RA-445,Aluno-445,2024,14,Masculino,2022,2.0,Pública,3P,3,3P,Ametista,7.3416246032,10.0,4.0,8.715873016,7.917,7.51,7.8125,7.3725,3.0,6.0,3.0,Fase 3 (7° e 8° ano),3.0,0,Em fase,,,
RA-446,Aluno-446,2022,13,Feminino,2018,4.0,Escola Pública,2,2,P,Ametista,7.367,5.0,6.9,8.9,9.5,5.0,,7.889,6.3,7.5,,Fase 3 (7º e 8º ano),3.0,-1,Moderada,False,False,Requer avaliação
RA-447,Aluno-447,2022,10,Feminino,2022,0.0,Escola Pública,2,2,P,Quartzo,5.607,10.0,3.5,7.0,0.0,7.5,,5.556,7.0,0.0,,Fase 2 (5º e 6º ano),2.0,0,Em fase,False,False,Não atendido
RA-448,Aluno-448,2022,11,Feminino,2022,0.0,Escola Pública,2,2,P,Ametista,7.972,10.0,5.5,9.7,9.0,7.5,,8.111,5.0,6.0,,Fase 2 (5º e 6º ano),2.0,0,Em fase,False,False,Não atendido
RA-449,Aluno-449,2022,12,Feminino,2022,0.0,Escola Pública,2,2,P,Ágata,6.143,5.0,7.0,6.0,0.0,7.5,,8.111,6.0,8.0,,Fase 3 (7º e 8º ano),3.0,-1,Moderada,False,False,Não atendido
RA-449,Aluno-449,2023,12,Feminino,2022,1.0,Pública,FASE 3,3,3P,Ametista,7.396508333,10.0,7.0,7.2,7.1,7.52,7.34375,6.8425,5.5,7.7,7.7,Fase 3 (7° e 8° ano),3.0,0,Em fase,,,
RA-45,Aluno-45,2022,15,Feminino,2019,3.0,Rede Decisão,5,5,A,Ametista,7.591,10.0,6.8,8.9,7.9,5.6,,7.417,6.3,5.2,8.8,Fase 5 (1º EM),5.0,0,Em fase,False,False,Requer avaliação
RA-45,Aluno-45,2023,16,Feminino,2019,4.0,Privada - Programa de Apadrinhamento,FASE 6,6,6A,Topázio,8.303591667,10.0,7.9,9.6,7.1,6.26,8.28125,8.1725,7.8,6.3,9.7,Fase 6 (2° EM),6.0,0,Em fase,,,
RA-45,Aluno-45,2024,17,Feminino,2021,3.0,Privada - Programa de Apadrinhamento,7A,7,7A,Topázio,8.743476190400001,10.0,8.0,9.619047619,7.5,9.38,8.75,8.283333333,7.5,7.0,9.5,Fase 7 (3° EM),7.0,0,Em fase,,,
RA-450,Aluno-450,2022,13,Masculino,2021,1.0,Escola Pública,2,2,Q,Ametista,7.843,5.0,7.5,9.1,10.0,7.5,,8.111,6.8,8.2,,Fase 3 (7º e 8º ano),3.0,-1,Moderada,False,False,Não atendido
RA-450,Aluno-450,2023,14,Masculino,2021,2.0,Pública,FASE 3,3,3K,Ágata,6.819625,5.0,5.4,8.4,9.6,2.52,7.65625,7.9175,7.0,6.5,2.7,Fase 4 (9° ano),4.0,-1,Moderada,,,
RA-450,Aluno-450,2024,15,Masculino,2021,3.0,Pública,4L,4,4L,Ametista,7.526188206666666,5.0,7.5,8.954191033333332,8.751,5.63,7.8125,7.58,8.0,8.5,6.0,Fase 5 (1° EM),5.0,-1,Moderada,,,
RA-451,Aluno-451,2022,13,Feminino,2019,3.0,Escola Pública,2,2,Q,Ágata,6.434,5.0,6.1,6.0,9.0,6.3,,6.889,3.1,9.2,,Fase 3 (7º e 8º ano),3.0,-1,Moderada,False,False,Requer avaliação
RA-451,Aluno-451,2023,14,Feminino,2019,4.0,Pública,FASE 2,2,2P,Topázio,8.386033333,5.0,8.9,9.5,8.5,4.39,9.375,9.896666667,7.8,10.0,,Fase 4 (9° ano),4.0,-2,Moderada,,,
RA-452,Aluno-452,2022,13,Feminino,2021,1.0,Escola Pública,2,2,Q,Ágata,6.287,5.0,4.8,5.6,9.0,7.5,,7.167,5.0,4.5,,Fase 3 (7º e 8º ano),3.0,-1,Moderada,False,False,Não atendido
RA-453,Aluno-453,2022,13,Feminino,2022,0.0,Escola Pública,2,2,Q,Ametista,7.845,5.0,8.8,8.7,9.0,7.5,,7.778,8.0,9.5,,Fase 3 (7º e 8º ano),3.0,-1,Moderada,False,False,Não atendido
RA-454,Aluno-454,2022,14,Masculino,2018,4.0,Escola Pública,2,2,Q,Quartzo,5.561,5.0,2.3,8.6,9.5,5.0,,5.444,0.0,4.7,,Fase 4 (9º ano),4.0,-2,Moderada,False,False,Não indicado
RA-454,Aluno-454,2023,15,Masculino,2018,5.0,Pública,FASE 3,3,3P,Quartzo,4.603416667,5.0,2.6,7.5,0.0,5.0,4.6875,5.54,4.2,1.2,2.5,Fase 5 (1° EM),5.0,-2,Moderada,,,
RA-454,Aluno-454,2024,17,Masculino,2021,3.0,Pública,4R,4,4R,Quartzo,5.8522943469666675,5.0,3.6666666666666665,6.633138401666667,9.585,6.255,5.416666667,5.833333333,3.0,2.0,6.0,Fase 6 (2° EM),6.0,-2,Moderada,,,
RA-455,Aluno-455,2022,12,Feminino,2022,0.0,Escola Pública,2,2,Q,Ágata,6.876,5.0,6.3,7.9,7.0,7.5,,7.278,6.0,6.5,,Fase 3 (7º e 8º ano),3.0,-1,Moderada,False,False,Não atendido
RA-455,Aluno-455,2024,14,Feminino,2022,2.0,Pública,3U,3,3U,Ametista,7.098988888900001,10.0,4.5,6.111111111,8.751,8.13,8.333333333,7.276666667,3.0,6.5,4.0,Fase 3 (7° e 8° ano),3.0,0,Em fase,,,
RA-456,Aluno-456,2022,12,Feminino,2022,0.0,Escola Pública,2,2,Q,Ametista,7.193,5.0,7.3,8.2,6.4,6.3,,8.389,6.0,8.7,,Fase 3 (7º e 8º ano),3.0,-1,Moderada,False,True,Requer avaliação
RA-456,Aluno-456,2023,12,Feminino,2022,1.0,Pública,FASE 2,2,2P,Ametista,7.518,5.0,9.9,8.3,0.0,4.39,9.583333333,9.953333333,9.7,10.0,,Fase 3 (7° e 8° ano),3.0,-1,Moderada,,,
RA-456,Aluno-456,2024,13,Feminino,2022,2.0,Pública,3R,3,3R,Topázio,8.331124561366668,10.0,6.5,9.382456140333334,7.083,7.51,9.166666667,8.893333333,9.0,6.0,4.5,Fase 3 (7° e 8° ano),3.0,0,Em fase,,,
RA-457,Aluno-457,2022,12,Feminino,2022,0.0,Escola Pública,2,2,Q,Ametista,7.68,5.0,8.5,8.8,8.0,7.5,,7.667,7.0,10.0,,Fase 3 (7º e 8º ano),3.0,-1,Moderada,False,False,Não atendido
RA-457,Aluno-457,2023,13,Feminino,2022,1.0,Pública,FASE 3,3,3N,Topázio,8.256833333,10.0,8.1,8.6,7.5,7.52,8.125,8.045,6.7,8.5,9.0,Fase 3 (7° e 8° ano),3.0,0,Em fase,,,
RA-457,Aluno-457,2024,14,Feminino,2022,2.0,Pública,4N,4,4N,Topázio,8.5892756038,10.0,8.666666666666666,8.743961352333335,8.334,7.51,9.6875,7.77,8.0,8.0,10.0,Fase 3 (7° e 8° ano),3.0,1,Em fase,,,
RA-458,Aluno-458,2022,13,Masculino,2019,3.0,Escola Pública,2,2,Q,Ágata,6.512,5.0,5.6,7.7,8.0,7.5,,5.833,4.7,6.5,,Fase 3 (7º e 8º ano),3.0,-1,Moderada,False,False,Não atendido
RA-458,Aluno-458,2023,14,Masculino,2019,4.0,Pública,FASE 3,3,3P,Ágata,6.312083333,5.0,3.8,6.9,9.6,7.52,7.1875,6.2475,4.3,4.8,2.2,Fase 4 (9° ano),4.0,-1,Moderada,,,
RA-458,Aluno-458,2024,15,Masculino,2021,3.0,Pública,3P,3,3P,Quartzo,5.680161507933333,5.0,4.0,3.7396825396666666,8.751,6.88,7.03125,6.83,3.0,4.0,5.0,Fase 4 (9° ano),4.0,-1,Moderada,,,
RA-459,Aluno-459,2022,12,Masculino,2019,3.0,Escola Pública,2,2,Q,Ametista,7.28,5.0,7.3,9.1,7.0,8.1,,7.222,5.3,9.2,,Fase 3 (7º e 8º ano),3.0,-1,Moderada,False,False,Sem limitações
RA-459,Aluno-459,2023,13,Masculino,2019,4.0,Pública,FASE 3,3,3N,Topázio,8.240016667,10.0,8.3,9.3,6.7,7.52,7.1875,7.88,8.3,9.2,7.5,Fase 3 (7° e 8° ano),3.0,0,Em fase,,,
RA-459,Aluno-459,2024,14,Masculino,2021,3.0,Pública,4N,4,4N,Ametista,7.233804589400001,10.0,4.666666666666667,8.454106280333333,7.917,5.635,7.8125,7.366,0.0,6.0,8.0,Fase 4 (9° ano),4.0,0,Em fase,,,
RA-46,Aluno-46,2022,17,Feminino,2022,0.0,Escola Pública,5,5,A,Ágata,6.048,5.0,2.1,8.4,8.8,6.3,,7.083,2.8,2.8,0.7,Fase 7 (3º EM),7.0,-2,Moderada,False,False,Sem limitações
RA-46,Aluno-46,2023,18,Feminino,2022,1.0,Pública,FASE 5,5,5A,Quartzo,5.545383333,2.5,4.4,7.4,7.1,2.52,6.5625,6.6275,2.8,3.0,7.3,Fase 8 (Universitários),8.0,-3,Severa,,,
RA-460,Aluno-460,2022,12,Masculino,2022,0.0,Escola Pública,2,2,Q,Quartzo,5.711,5.0,3.3,8.1,6.8,7.5,,5.056,0.5,6.0,,Fase 3 (7º e 8º ano),3.0,-1,Moderada,False,False,Não atendido
RA-461,Aluno-461,2022,12,Feminino,2018,4.0,Escola Pública,2,2,Q,Quartzo,5.451,5.0,3.8,6.7,0.0,7.5,,7.222,1.5,6.2,,Fase 3 (7º e 8º ano),3.0,-1,Moderada,False,False,Sem limitações
RA-461,Aluno-461,2023,12,Feminino,2018,5.0,Pública,FASE 2,2,2P,Ametista,7.2379,5.0,7.4,7.9,7.3,3.77,8.541666667,8.616666667,5.7,9.0,,Fase 3 (7° e 8° ano),3.0,-1,Moderada,,,
RA-461,Aluno-461,2024,13,Feminino,2021,3.0,Pública,3R,3,3R,Ametista,7.5447559291,10.0,4.5,9.182446312,8.751,7.51,7.708333333,7.056666667,3.0,4.5,6.0,Fase 3 (7° e 8° ano),3.0,0,Em fase,,,
RA-462,Aluno-462,2022,14,Masculino,2022,0.0,Escola Pública,2,2,Q,Ágata,6.626,5.0,3.6,8.5,10.0,7.5,,6.778,2.0,5.2,,Fase 4 (9º ano),4.0,-2,Moderada,False,False,Sem limitações
RA-462,Aluno-462,2023,15,Feminino,2022,1.0,Pública,FASE 3,3,3P,Ágata,6.2267,5.0,2.7,8.1,10.0,5.0,7.5,6.5825,4.0,2.8,1.3,Fase 5 (1° EM),5.0,-2,Moderada,,,
RA-463,Aluno-463,2022,12,Feminino,2020,2.0,Escola Pública,2,2,U,Ágata,6.41,5.0,2.5,7.8,10.0,7.5,,7.389,2.0,3.0,,Fase 3 (7º e 8º ano),3.0,-1,Moderada,False,False,Não atendido
RA-463,Aluno-463,2023,13,Feminino,2020,3.0,Pública,FASE 3,3,3K,Ágata,6.382383333,10.0,4.0,5.4,9.2,2.52,7.8125,7.795,6.3,4.3,1.3,Fase 3 (7° e 8° ano),3.0,0,Em fase,,,
RA-464,Aluno-464,2022,13,Feminino,2022,0.0,Escola Pública,2,2,U,Ágata,6.745,5.0,4.8,8.0,7.5,7.5,,7.722,2.7,7.0,,Fase 3 (7º e 8º ano),3.0,-1,Moderada,False,False,Não atendido
RA-464,Aluno-464,2023,14,Feminino,2022,1.0,Pública,FASE 3,3,3K,Ágata,6.081675,5.0,3.0,7.7,9.2,2.52,7.96875,7.38,4.8,3.7,0.5,Fase 4 (9° ano),4.0,-1,Moderada,,,
RA-464,Aluno-464,2024,15,Feminino,2022,2.0,Pública,3L,3,3L,Ágata,6.872009064333334,5.0,4.333333333333333,7.851461988333334,9.168,8.76,7.1875,7.1175,3.0,3.5,6.5,Fase 4 (9° ano),4.0,-1,Moderada,,,
RA-465,Aluno-465,2022,11,Masculino,2019,3.0,Escola Pública,2,2,U,Ametista,8.012,10.0,7.8,7.9,8.0,7.5,,8.444,9.3,6.3,,Fase 2 (5º e 6º ano),2.0,0,Em fase,False,True,Não atendido
RA-465,Aluno-465,2023,12,Masculino,2019,4.0,Pública,FASE 3,3,3K,Topázio,8.012875,10.0,8.5,9.4,7.5,2.52,7.96875,8.17,8.3,8.2,9.0,Fase 3 (7° e 8° ano),3.0,0,Em fase,,,
RA-466,Aluno-466,2022,13,Masculino,2022,0.0,Escola Pública,2,2,U,Ágata,6.826,5.0,3.3,9.7,8.5,7.5,,7.556,0.5,6.0,,Fase 3 (7º e 8º ano),3.0,-1,Moderada,False,False,Não atendido
RA-466,Aluno-466,2023,14,Masculino,2022,1.0,Pública,FASE 2,2,2L,Ágata,6.595533333,5.0,4.5,7.6,9.5,6.89,6.25,7.056666667,2.5,6.5,,Fase 4 (9° ano),4.0,-2,Moderada,,,
RA-466,Aluno-466,2024,15,Masculino,2022,2.0,Pública,3L,3,3L,Ágata,6.778749122800001,5.0,4.0,7.223245614,8.751,8.76,7.5,7.665,3.0,6.5,2.5,Fase 4 (9° ano),4.0,-1,Moderada,,,
RA-467,Aluno-467,2022,13,Feminino,2022,0.0,Escola Pública,2,2,U,Ágata,6.38,5.0,5.5,8.4,5.8,5.0,,7.111,5.0,6.0,,Fase 3 (7º e 8º ano),3.0,-1,Moderada,False,False,Requer avaliação
RA-467,Aluno-467,2023,14,Feminino,2022,1.0,Pública,FASE 3,3,3K,Ágata,6.552916667,5.0,5.2,9.2,6.3,3.14,7.1875,7.5425,6.0,6.0,3.7,Fase 4 (9° ano),4.0,-1,Moderada,,,
RA-467,Aluno-467,2024,15,Feminino,2022,2.0,Pública,4L,4,4L,Ametista,7.7298118421333335,10.0,6.833333333333333,9.140350877333333,7.917,5.01,7.34375,7.54,5.5,9.0,6.0,Fase 4 (9° ano),4.0,0,Em fase,,,
RA-468,Aluno-468,2022,13,Masculino,2022,0.0,Escola Pública,2,2,U,Ágata,6.313,5.0,4.1,6.7,9.5,7.5,,6.722,4.5,3.7,,Fase 3 (7º e 8º ano),3.0,-1,Moderada,False,False,Não atendido
RA-468,Aluno-468,2023,14,Masculino,2022,1.0,Pública,FASE 3,3,3K,Quartzo,5.911108333,5.0,3.4,6.0,8.3,6.27,7.34375,6.715,4.8,3.0,2.3,Fase 4 (9° ano),4.0,-1,Moderada,,,
RA-469,Aluno-469,2022,11,Feminino,2022,0.0,Escola Pública,2,2,U,Ametista,7.624,10.0,5.7,9.6,9.0,5.0,,7.833,6.2,5.2,,Fase 2 (5º e 6º ano),2.0,0,Em fase,False,False,Requer avaliação
RA-469,Aluno-469,2023,12,Feminino,2022,1.0,Pública,FASE 2,2,2L,Ametista,7.482533333,5.0,7.8,9.3,7.5,2.52,7.916666667,8.843333333,6.8,8.8,,Fase 3 (7° e 8° ano),3.0,-1,Moderada,,,
RA-469,Aluno-469,2024,13,Feminino,2022,2.0,Pública,3K,3,3K,Ametista,7.684639869300001,10.0,5.0,9.498366013,9.168,7.51,7.291666667,6.94,6.0,4.0,5.0,Fase 3 (7° e 8° ano),3.0,0,Em fase,,,
RA-47,Aluno-47,2022,17,Feminino,2022,0.0,Escola Pública,5,5,A,Quartzo,5.677,5.0,2.1,6.3,7.9,7.5,,7.042,2.5,2.2,1.5,Fase 7 (3º EM),7.0,-2,Moderada,False,False,Sem limitações
RA-470,Aluno-470,2022,13,Feminino,2019,3.0,Escola Pública,2,2,U,Ametista,7.378,5.0,6.3,9.7,8.0,7.5,,7.5,5.3,7.3,,Fase 3 (7º e 8º ano),3.0,-1,Moderada,False,False,Não atendido
RA-470,Aluno-470,2023,14,Feminino,2019,4.0,Pública,FASE 3,3,3K,Ágata,6.993766667,5.0,4.9,9.2,8.8,5.0,7.5,7.71,6.0,4.3,4.5,Fase 4 (9° ano),4.0,-1,Moderada,,,
RA-470,Aluno-470,2024,15,Feminino,2021,3.0,Pública,4L,4,4L,Ágata,6.981130848,10.0,3.3333333333333335,8.011695906666667,9.585,7.51,7.03125,6.4975,3.5,4.0,2.5,Fase 4 (9° ano),4.0,0,Em fase,,,
RA-471,Aluno-471,2022,13,Feminino,2020,2.0,Escola Pública,2,2,U,Ágata,6.535,5.0,6.3,8.5,3.5,5.0,,8.056,5.7,6.8,,Fase 3 (7º e 8º ano),3.0,-1,Moderada,False,False,Requer avaliação
RA-471,Aluno-471,2023,13,Feminino,2020,3.0,Pública,FASE 3,3,3L,Ágata,6.855541667,10.0,5.0,9.0,0.0,6.27,7.96875,8.125,6.3,4.0,4.8,Fase 3 (7° e 8° ano),3.0,0,Em fase,,,
RA-471,Aluno-471,2024,14,Feminino,2021,3.0,Pública,4M,4,4M,Ágata,6.635847117766667,10.0,5.5,7.027568922333333,0.0,7.51,7.708333333,8.0425,4.0,5.5,7.0,Fase 4 (9° ano),4.0,0,Em fase,,,
RA-472,Aluno-472,2022,12,Feminino,2022,0.0,Escola Pública,2,2,U,Quartzo,5.93,5.0,2.0,7.0,9.0,7.5,,7.056,1.8,2.2,,Fase 3 (7º e 8º ano),3.0,-1,Moderada,False,False,Não atendido
RA-472,Aluno-472,2023,13,Feminino,2022,1.0,Pública,FASE 2,2,2L,Ágata,6.6858,5.0,5.5,7.1,5.1,7.52,7.708333333,8.223333333,3.7,7.2,,Fase 3 (7° e 8° ano),3.0,-1,Moderada,,,
RA-472,Aluno-472,2024,14,Feminino,2022,2.0,Pública,2U,2,2U,Ágata,6.6397610766,5.0,6.25,7.48447205,7.502,7.51,6.25,6.333333333,4.0,8.5,,Fase 3 (7° e 8° ano),3.0,-1,Moderada,,,
RA-473,Aluno-473,2022,12,Masculino,2019,3.0,Escola Pública,2,2,U,Quartzo,5.915,5.0,4.3,6.1,8.0,7.5,,5.889,4.5,4.0,,Fase 3 (7º e 8º ano),3.0,-1,Moderada,False,False,Não atendido
RA-474,Aluno-474,2022,13,Masculino,2019,3.0,Escola Pública,2,2,U,Ágata,6.446,5.0,3.0,9.1,9.5,7.5,,6.0,1.3,4.7,,Fase 3 (7º e 8º ano),3.0,-1,Moderada,False,False,Não atendido
RA-474,Aluno-474,2023,14,Masculino,2019,4.0,Pública,FASE 3,3,3K,Quartzo,5.283583333,5.0,3.3,7.8,0.0,5.0,7.1875,6.7575,4.8,3.8,1.2,Fase 4 (9° ano),4.0,-1,Moderada,,,
RA-474,Aluno-474,2024,15,Masculino,2021,3.0,Pública,3L,3,3L,Ágata,6.024753703733333,5.0,3.0,5.818518518666667,9.168,7.51,7.1875,6.8725,4.0,3.0,2.0,Fase 4 (9° ano),4.0,-1,Moderada,,,
RA-475,Aluno-475,2022,12,Feminino,2022,0.0,Escola Pública,2,2,U,Ametista,7.199,5.0,5.8,9.2,8.5,7.5,,7.667,3.3,8.3,,Fase 3 (7º e 8º ano),3.0,-1,Moderada,False,False,Não atendido
RA-476,Aluno-476,2022,12,Feminino,2019,3.0,Escola Pública,2,2,U,Ágata,6.931,5.0,5.5,9.3,9.0,4.4,,7.556,5.0,6.0,,Fase 3 (7º e 8º ano),3.0,-1,Moderada,False,False,Requer avaliação
RA-476,Aluno-476,2023,13,Feminino,2019,4.0,Pública,FASE 3,3,3K,Ágata,6.492408333,10.0,4.1,7.0,7.9,2.52,7.34375,7.505,5.0,4.5,2.7,Fase 3 (7° e 8° ano),3.0,0,Em fase,,,
RA-476,Aluno-476,2024,14,Feminino,2021,3.0,Pública,3L,3,3L,Ágata,6.7359982456,10.0,4.5,6.5964912280000005,7.917,7.51,6.25,6.745,7.0,4.0,2.5,Fase 3 (7° e 8° ano),3.0,0,Em fase,,,
RA-477,Aluno-477,2022,13,Masculino,2022,0.0,Escola Pública,2,2,U,Quartzo,3.633,5.0,0.7,5.0,0.0,5.6,,4.5,0.3,1.0,,Fase 3 (7º e 8º ano),3.0,-1,Moderada,False,False,Requer avaliação
RA-478,Aluno-478,2022,12,Feminino,2019,3.0,Escola Pública,2,2,U,Ágata,6.709,5.0,4.9,9.1,8.5,5.6,,7.056,3.8,6.0,,Fase 3 (7º e 8º ano),3.0,-1,Moderada,False,False,Requer avaliação
RA-478,Aluno-478,2023,12,Feminino,2019,4.0,Pública,FASE 3,3,3K,Ágata,6.443616667,10.0,4.4,7.3,6.7,2.52,7.1875,7.2975,4.3,4.7,4.3,Fase 3 (7° e 8° ano),3.0,0,Em fase,,,
RA-479,Aluno-479,2022,10,Masculino,2020,2.0,Rede Decisão,1,1,A,Topázio,8.465,5.0,9.8,9.2,8.0,7.5,,9.5,10.0,9.7,,Fase 2 (5º e 6º ano),2.0,-1,Moderada,False,True,Sem limitações
RA-479,Aluno-479,2023,11,Masculino,2020,3.0,Privada - Programa de Apadrinhamento,FASE 2,2,2A,Topázio,8.988866667,10.0,9.7,10.0,9.0,2.52,9.791666667,9.6375,9.3,10.0,,Fase 2 (5° e 6° ano),2.0,0,Em fase,,,
RA-479,Aluno-479,2024,12,Masculino,2021,3.0,Privada - Programa de Apadrinhamento,3C,3,3C,Topázio,8.901966666666668,10.0,9.666666666666666,9.866666666666667,9.168,2.51,9.375,9.45,10.0,9.0,10.0,Fase 2 (5° e 6° ano),2.0,1,Em fase,,,
RA-48,Aluno-48,2022,15,Feminino,2017,5.0,Rede Decisão,5,5,A,Ametista,8.006,10.0,8.1,8.4,6.7,7.5,,8.5,6.7,8.0,9.5,Fase 5 (1º EM),5.0,0,Em fase,False,True,Sem limitações
RA-48,Aluno-48,2023,16,Feminino,2017,6.0,Privada - Programa de Apadrinhamento,FASE 6,6,6A,Ametista,7.797058333,10.0,7.7,8.4,6.7,6.26,7.65625,7.6275,8.3,5.7,9.0,Fase 6 (2° EM),6.0,0,Em fase,,,
RA-48,Aluno-48,2024,17,Feminino,2021,3.0,Privada - Programa de Apadrinhamento,7A,7,7A,Topázio,8.402390371800001,10.0,7.5,8.339076859,7.917,9.375,8.59375,8.23,6.5,6.0,10.0,Fase 7 (3° EM),7.0,0,Em fase,,,
RA-480,Aluno-480,2022,10,Feminino,2021,1.0,Escola Pública,1,1,A,Ametista,7.502,5.0,6.3,8.8,9.0,7.5,,8.444,6.8,5.7,,Fase 2 (5º e 6º ano),2.0,-1,Moderada,True,True,Não atendido
RA-480,Aluno-480,2023,11,Feminino,2021,2.0,Pública,FASE 1,1,1B,Topázio,8.226408333,5.0,7.9,9.7,10.0,7.52,7.96875,8.336666667,7.2,8.5,,Fase 2 (5° e 6° ano),2.0,-1,Moderada,,,
RA-480,Aluno-480,2024,12,Feminino,2021,3.0,Pública,2C,2,2C,Ametista,7.260202380900001,10.0,5.0,8.0714285715,6.25,7.51,7.8125,7.443333333,2.5,7.5,,Fase 2 (5° e 6° ano),2.0,0,Em fase,,,
RA-481,Aluno-481,2022,9,Masculino,2021,1.0,Escola Pública,1,1,A,Ametista,7.21,10.0,5.2,8.0,9.0,7.5,,6.889,5.7,4.7,,Fase 1 (4º ano),1.0,0,Em fase,False,False,Não atendido
RA-482,Aluno-482,2022,11,Masculino,2021,1.0,Escola Pública,1,1,A,Ágata,6.866,5.0,5.5,7.9,10.0,7.5,,6.833,4.3,6.7,,Fase 2 (5º e 6º ano),2.0,-1,Moderada,False,False,Não atendido
RA-483,Aluno-483,2022,11,Feminino,2019,3.0,Escola Pública,1,1,A,Quartzo,5.263,5.0,2.4,4.8,9.0,5.0,,6.833,2.0,2.8,,Fase 2 (5º e 6º ano),2.0,-1,Moderada,False,False,Requer avaliação
RA-483,Aluno-483,2023,12,Feminino,2019,4.0,Pública,FASE 1,1,1H,Ágata,6.3972,5.0,5.6,6.0,9.0,2.52,7.916666667,8.166666667,5.0,6.2,,Fase 3 (7° e 8° ano),3.0,-2,Moderada,,,
RA-483,Aluno-483,2024,13,Feminino,2021,3.0,Pública,2B,2,2B,Ágata,6.578604762,5.0,5.25,5.6428571430000005,8.502,6.26,8.125,8.056666667,2.0,8.5,,Fase 3 (7° e 8° ano),3.0,-1,Moderada,,,
RA-484,Aluno-484,2022,11,Masculino,2022,0.0,Escola Pública,1,1,A,Ágata,6.71,5.0,6.5,8.7,9.5,5.0,,6.389,8.0,5.0,,Fase 2 (5º e 6º ano),2.0,-1,Moderada,False,False,Requer avaliação
RA-484,Aluno-484,2023,12,Masculino,2022,1.0,Pública,FASE 2,2,2B,Quartzo,5.515466667,5.0,3.6,7.5,6.4,2.52,5.416666667,6.8,3.2,4.0,,Fase 3 (7° e 8° ano),3.0,-1,Moderada,,,
RA-484,Aluno-484,2024,13,Masculino,2022,2.0,Pública,3A,3,3A,Quartzo,3.8354776573333336,10.0,0.0,3.9141382866666667,8.334,2.51,3.4375,3.1225,0.0,0.0,0.0,Fase 3 (7° e 8° ano),3.0,0,Em fase,,,
RA-485,Aluno-485,2022,10,Masculino,2020,2.0,Escola Pública,1,1,A,Quartzo,4.742,5.0,1.2,4.0,9.5,7.5,,5.444,1.0,1.3,,Fase 2 (5º e 6º ano),2.0,-1,Moderada,False,False,Não atendido
RA-486,Aluno-486,2022,10,Feminino,2020,2.0,Escola Pública,1,1,A,Ametista,7.621,5.0,7.3,9.9,10.0,7.5,,7.222,6.7,7.8,,Fase 2 (5º e 6º ano),2.0,-1,Moderada,False,False,Não atendido
RA-486,Aluno-486,2023,11,Feminino,2020,3.0,Privada,FASE 2,2,2A,Ametista,7.1043,10.0,6.2,6.4,8.4,2.52,7.5,8.7525,3.3,9.0,,Fase 2 (5° e 6° ano),2.0,0,Em fase,,,
RA-487,Aluno-487,2022,10,Feminino,2019,3.0,Rede Decisão,1,1,A,Topázio,8.417,5.0,9.6,9.7,7.5,7.5,,9.333,9.7,9.5,,Fase 2 (5º e 6º ano),2.0,-1,Moderada,False,True,Não atendido
RA-487,Aluno-487,2023,11,Feminino,2019,4.0,Privada - Programa de Apadrinhamento,FASE 2,2,2A,Topázio,8.988866667,10.0,9.5,9.9,8.5,5.0,9.166666667,9.26,9.2,9.7,,Fase 2 (5° e 6° ano),2.0,0,Em fase,,,
RA-487,Aluno-487,2024,12,Feminino,2021,3.0,Privada - Programa de Apadrinhamento,3A,3,3A,Topázio,9.4171373016,10.0,9.666666666666666,9.441269841333334,9.168,9.38,9.0625,9.1725,10.0,9.0,10.0,Fase 3 (7° e 8° ano),3.0,0,Em fase,,,
RA-488,Aluno-488,2022,10,Feminino,2022,0.0,Escola Pública,1,1,A,Ametista,7.413,5.0,7.3,8.8,8.5,7.5,,7.722,6.0,8.5,,Fase 2 (5º e 6º ano),2.0,-1,Moderada,False,False,Não atendido
RA-489,Aluno-489,2022,9,Feminino,2022,0.0,Escola Pública,1,1,A,Quartzo,5.853,10.0,0.0,7.2,9.0,7.5,,6.5,0.0,0.0,,Fase 1 (4º ano),1.0,0,Em fase,False,False,Não atendido
RA-49,Aluno-49,2022,17,Feminino,2022,0.0,Escola Pública,5,5,A,Ágata,6.304,5.0,3.9,7.4,7.5,7.5,,7.042,1.5,4.2,6.2,Fase 7 (3º EM),7.0,-2,Moderada,False,False,Sem limitações
RA-49,Aluno-49,2023,18,Feminino,2022,1.0,Privada *Parcerias com Bolsa 100%,FASE 8,8,8E,,,10.0,,,,,,,,,,Fase 8 (Universitários),8.0,0,Em fase,,,
RA-49,Aluno-49,2024,19,Feminino,2022,2.0,Privada - Pagamento por *Empresa Parceira,8E,8,8E,,,10.0,,0.0,,,,,,,,Fase 8 (Universitários),8.0,0,Em fase,,,
RA-490,Aluno-490,2022,10,Feminino,2022,0.0,Escola Pública,1,1,A,Ametista,7.576,5.0,7.7,8.2,7.9,7.5,,8.722,6.0,9.3,,Fase 2 (5º e 6º ano),2.0,-1,Moderada,False,True,Não atendido
RA-490,Aluno-490,2023,11,Feminino,2022,1.0,Privada,FASE 2,2,2A,Ametista,7.429466667,10.0,5.8,7.9,7.9,2.52,8.541666667,9.0075,2.8,8.7,,Fase 2 (5° e 6° ano),2.0,0,Em fase,,,
RA-490,Aluno-490,2024,12,Feminino,2022,2.0,Privada,3A,3,3A,Ametista,7.368084290266667,10.0,6.166666666666667,5.5110047846666665,9.168,8.755,7.8125,7.295,5.5,6.0,7.0,Fase 2 (5° e 6° ano),2.0,1,Em fase,,,
RA-491,Aluno-491,2022,11,Masculino,2022,0.0,Escola Pública,1,1,A,Ametista,7.461,5.0,7.0,9.7,7.5,7.5,,7.722,6.0,8.0,,Fase 2 (5º e 6º ano),2.0,-1,Moderada,False,False,Não atendido
RA-491,Aluno-491,2023,11,Masculino,2022,1.0,Pública,FASE 2,2,2A,Ametista,7.560533333,10.0,5.0,9.6,9.5,2.52,7.708333333,8.3375,3.3,6.7,,Fase 2 (5° e 6° ano),2.0,0,Em fase,,,
RA-491,Aluno-491,2024,12,Masculino,2022,2.0,Pública,2B,2,2B,Ágata,6.995247619100001,5.0,5.25,9.011904762,7.502,7.51,7.083333333,7.166666667,1.5,9.0,,Fase 3 (7° e 8° ano),3.0,-1,Moderada,,,
RA-492,Aluno-492,2022,11,Feminino,2022,0.0,Escola Pública,1,1,A,Ametista,7.678,5.0,7.1,8.8,10.0,7.5,,8.278,8.2,6.0,,Fase 2 (5º e 6º ano),2.0,-1,Moderada,False,False,Não atendido
RA-493,Aluno-493,2022,9,Feminino,2020,2.0,Escola Pública,1,1,B,Topázio,8.306,10.0,7.2,9.4,10.0,7.5,,8.278,7.3,7.0,,Fase 1 (4º ano),1.0,0,Em fase,False,False,Sem limitações
RA-493,Aluno-493,2023,10,Feminino,2020,3.0,Pública,FASE 2,2,2A,Ametista,7.934366667,10.0,6.0,9.6,9.5,2.52,8.541666667,8.84,4.7,7.2,,Fase 2 (5° e 6° ano),2.0,0,Em fase,,,
RA-493,Aluno-493,2024,11,Feminino,2021,3.0,Pública,3B,3,3B,Ametista,7.4643250000000005,10.0,3.1666666666666665,8.933333333333334,10.002,10.0,7.03125,6.705,3.0,4.0,2.5,Fase 2 (5° e 6° ano),2.0,1,Em fase,,,
RA-494,Aluno-494,2022,11,Feminino,2022,0.0,Escola Pública,1,1,B,Ágata,6.407,5.0,5.8,8.3,6.4,5.0,,6.944,6.3,5.2,,Fase 2 (5º e 6º ano),2.0,-1,Moderada,False,False,Requer avaliação
RA-494,Aluno-494,2023,12,Feminino,2022,1.0,Privada,FASE 2,2,2A,Ametista,7.116633333,5.0,6.8,9.0,6.9,2.52,7.708333333,8.71,6.3,7.3,,Fase 3 (7° e 8° ano),3.0,-1,Moderada,,,
RA-494,Aluno-494,2024,13,Feminino,2022,2.0,Privada,3A,3,3A,Ametista,7.922281328333334,10.0,6.333333333333333,7.329323308333333,7.5,8.755,7.8125,8.915,6.0,5.5,7.5,Fase 3 (7° e 8° ano),3.0,0,Em fase,,,
RA-495,Aluno-495,2022,11,Masculino,2022,0.0,Escola Pública,1,1,B,Ametista,7.857,5.0,8.4,8.9,9.0,7.5,,8.056,8.0,8.8,,Fase 2 (5º e 6º ano),2.0,-1,Moderada,False,False,Sem limitações
RA-495,Aluno-495,2023,12,Masculino,2022,1.0,Privada,FASE 2,2,2B,Ametista,7.417366667,5.0,7.4,8.4,9.0,2.52,8.541666667,8.755,6.0,8.8,,Fase 3 (7° e 8° ano),3.0,-1,Moderada,,,
RA-496,Aluno-496,2022,11,Masculino,2018,4.0,Escola Pública,1,1,B,Ágata,6.683,5.0,5.7,6.8,8.5,7.5,,7.556,5.8,5.5,,Fase 2 (5º e 6º ano),2.0,-1,Moderada,False,False,Requer avaliação
RA-496,Aluno-496,2023,12,Masculino,2018,5.0,Privada,FASE 2,2,2A,Ágata,6.603666667,5.0,8.3,7.1,0.0,5.0,7.916666667,8.71,7.5,9.0,,Fase 3 (7° e 8° ano),3.0,-1,Moderada,,,
RA-496,Aluno-496,2024,13,Masculino,2021,3.0,Privada,3A,3,3A,Ágata,6.726607507733334,10.0,5.666666666666667,5.315995871999999,10.002,6.255,6.71875,6.1625,5.0,4.5,7.5,Fase 3 (7° e 8° ano),3.0,0,Em fase,,,
RA-497,Aluno-497,2022,13,Feminino,2016,6.0,Rede Decisão,1,1,B,Ágata,6.323,5.0,5.1,9.2,6.9,5.0,,5.833,4.2,6.0,,Fase 3 (7º e 8º ano),3.0,-2,Moderada,False,False,Não indicado
RA-497,Aluno-497,2023,14,Feminino,2016,7.0,Privada - Programa de apadrinhamento,FASE 2,2,2A,Quartzo,5.7191,5.0,3.5,8.7,5.3,2.52,6.25,6.885,1.7,5.3,,Fase 4 (9° ano),4.0,-2,Moderada,,,
RA-497,Aluno-497,2024,15,Feminino,2021,3.0,Privada - Programa de apadrinhamento,2B,2,2B,Quartzo,4.4960809524,5.0,1.0,6.095238095,7.502,5.63,5.625,3.506666667,0.0,2.0,,Fase 3 (7° e 8° ano),3.0,-1,Moderada,,,
RA-498,Aluno-498,2022,11,Feminino,2018,4.0,Escola Pública,1,1,B,Ametista,7.7,5.0,8.8,8.8,8.5,7.5,,7.556,8.0,9.5,,Fase 2 (5º e 6º ano),2.0,-1,Moderada,False,False,Sem limitações
RA-499,Aluno-499,2022,10,Masculino,2020,2.0,Escola Pública,1,1,B,Ametista,7.826,5.0,8.2,10.0,8.5,7.5,,7.444,8.2,8.2,,Fase 2 (5º e 6º ano),2.0,-1,Moderada,False,False,Sem limitações
RA-499,Aluno-499,2023,11,Masculino,2020,3.0,Pública,FASE 2,2,2C,Ametista,7.8883,10.0,6.6,10.0,7.9,2.52,8.75,8.2975,5.3,7.8,,Fase 2 (5° e 6° ano),2.0,0,Em fase,,,
RA-499,Aluno-499,2024,12,Masculino,2021,3.0,Pública,2C,2,2C,Ametista,7.5794738095000005,10.0,4.75,9.0476190475,8.502,7.51,7.1875,7.5,2.0,7.5,,Fase 2 (5° e 6° ano),2.0,0,Em fase,,,
RA-5,Aluno-5,2022,17,Feminino,2016,6.0,Rede Decisão,7,7,A,Ametista,7.427,10.0,5.2,8.6,7.9,5.6,,7.389,7.0,2.9,5.7,Fase 7 (3º EM),7.0,0,Em fase,False,False,Requer avaliação
RA-5,Aluno-5,2023,18,Feminino,2016,7.0,Privada *Parcerias com Bolsa 100%,FASE 8,8,8E,,,10.0,,,,,,,,,,Fase 8 (Universitários),8.0,0,Em fase,,,
RA-50,Aluno-50,2022,18,Feminino,2022,0.0,Escola Pública,5,5,A,Ametista,7.138,2.5,7.8,8.4,7.5,7.5,,7.542,6.5,7.3,9.7,Fase 8 (Universitários),8.0,-3,Severa,False,False,Sem limitações
RA-500,Aluno-500,2022,10,Feminino,2020,2.0,Escola Pública,1,1,B,Topázio,8.232,5.0,9.5,10.0,9.0,7.5,,7.889,9.5,9.5,,Fase 2 (5º e 6º ano),2.0,-1,Moderada,True,False,Sem limitações
RA-500,Aluno-500,2023,11,Feminino,2020,3.0,Pública,FASE 2,2,2C,Topázio,8.427533333,10.0,7.9,10.0,9.5,2.52,8.958333333,8.7975,8.5,7.2,,Fase 2 (5° e 6° ano),2.0,0,Em fase,,,
RA-500,Aluno-500,2024,12,Feminino,2021,3.0,Privada - Programa de Apadrinhamento,3D,3,3D,Topázio,8.077708333333334,10.0,6.666666666666667,10.0,9.585,2.51,8.59375,8.3775,6.0,6.0,8.0,Fase 3 (7° e 8° ano),3.0,0,Em fase,,,
RA-501,Aluno-501,2022,9,Masculino,2021,1.0,Escola Pública,1,1,B,Ametista,7.794,10.0,6.8,8.8,8.5,7.5,,7.333,8.0,5.7,,Fase 1 (4º ano),1.0,0,Em fase,False,False,Sem limitações
RA-501,Aluno-501,2023,10,Masculino,2021,2.0,Pública,FASE 1,1,1C,Topázio,8.1357,5.0,8.9,8.4,7.0,7.52,8.541666667,9.396666667,9.2,8.5,,Fase 2 (5° e 6° ano),2.0,-1,Moderada,,,
RA-501,Aluno-501,2024,11,Masculino,2021,3.0,Privada,2D,2,2D,Topázio,8.2779474937,10.0,8.75,7.9949874685,7.002,7.51,8.4375,8.17,8.5,9.0,,Fase 2 (5° e 6° ano),2.0,0,Em fase,,,
RA-502,Aluno-502,2022,8,Feminino,2021,1.0,Rede Decisão,1,1,B,Topázio,8.287,10.0,7.4,9.7,9.5,7.5,,7.778,6.7,8.2,,ALFA  (2º e 3º ano),,1,Em fase,False,False,Sem limitações
RA-502,Aluno-502,2023,9,Feminino,2021,2.0,Privada - Programa de Apadrinhamento,FASE 1,1,1B,Topázio,8.749075,10.0,8.0,9.8,8.5,7.52,7.96875,8.95,6.7,9.3,,Fase 1 (3° e 4° ano),1.0,0,Em fase,,,
RA-502,Aluno-502,2024,10,Feminino,2021,3.0,Privada - Programa de Apadrinhamento,2D,2,2D,Topázio,8.5023309524,10.0,8.0,9.761904762,9.002,3.755,9.0625,8.84,6.0,10.0,,Fase 2 (5° e 6° ano),2.0,0,Em fase,,,
RA-503,Aluno-503,2022,10,Masculino,2020,2.0,Escola Pública,1,1,B,Ametista,7.95,5.0,8.8,10.0,8.5,7.5,,7.5,8.7,9.0,,Fase 2 (5º e 6º ano),2.0,-1,Moderada,False,False,Sem limitações
RA-503,Aluno-503,2023,11,Masculino,2020,3.0,Pública,FASE 2,2,2C,Topázio,8.4682,10.0,8.7,10.0,9.5,2.52,8.75,8.255,8.7,8.7,,Fase 2 (5° e 6° ano),2.0,0,Em fase,,,
RA-503,Aluno-503,2024,12,Masculino,2021,3.0,Pública,3D,3,3D,Topázio,8.547495614066667,10.0,7.666666666666667,9.824561403666666,9.585,7.51,7.8125,7.7925,6.0,8.0,9.0,Fase 2 (5° e 6° ano),2.0,1,Em fase,,,
RA-504,Aluno-504,2022,9,Feminino,2021,1.0,Escola Pública,1,1,B,Topázio,8.072,10.0,8.0,8.9,8.5,7.5,,7.556,7.8,8.2,,Fase 1 (4º ano),1.0,0,Em fase,False,False,Sem limitações
RA-504,Aluno-504,2023,9,Feminino,2021,2.0,Pública,FASE 1,1,1B,Topázio,8.299533333,10.0,7.9,8.3,8.0,7.52,7.5,8.836666667,6.5,9.2,,Fase 1 (3° e 4° ano),1.0,0,Em fase,,,
RA-505,Aluno-505,2022,11,Feminino,2019,3.0,Escola Pública,1,1,B,Ametista,7.591,5.0,8.4,8.0,9.5,7.5,,7.556,8.2,8.7,,Fase 2 (5º e 6º ano),2.0,-1,Moderada,False,False,Sem limitações
RA-506,Aluno-506,2022,12,Masculino,2020,2.0,Escola Pública,1,1,B,Ametista,7.132,5.0,7.2,7.3,9.5,7.5,,7.278,8.3,6.0,,Fase 3 (7º e 8º ano),3.0,-2,Moderada,False,False,Sem limitações
RA-506,Aluno-506,2023,13,Masculino,2020,3.0,Pública,FASE 2,2,2D,Ametista,7.750033333,5.0,8.5,8.1,9.5,5.0,8.958333333,7.92,7.3,9.7,,Fase 3 (7° e 8° ano),3.0,-1,Moderada,,,
RA-507,Aluno-507,2022,11,Feminino,2021,1.0,Escola Pública,1,1,C,Ametista,7.653,5.0,7.4,10.0,8.5,7.5,,7.222,7.3,7.5,,Fase 2 (5º e 6º ano),2.0,-1,Moderada,False,False,Não atendido
RA-508,Aluno-508,2022,10,Masculino,2022,0.0,Escola Pública,1,1,C,Ágata,6.575,5.0,4.5,7.4,8.0,7.5,,7.556,0.0,9.0,,Fase 2 (5º e 6º ano),2.0,-1,Moderada,False,False,Não atendido
RA-508,Aluno-508,2023,10,Masculino,2022,1.0,Pública,FASE 2,2,2B,Ametista,7.671633333,10.0,7.5,8.6,6.4,2.52,8.333333333,8.6725,6.2,8.7,,Fase 2 (5° e 6° ano),2.0,0,Em fase,,,
RA-508,Aluno-508,2024,12,Masculino,2022,2.0,Pública,3D,3,3D,Ágata,6.771708625733333,10.0,4.666666666666667,5.567251461999999,7.083,7.51,7.65625,7.5,0.0,7.0,7.0,Fase 2 (5° e 6° ano),2.0,1,Em fase,,,
RA-509,Aluno-509,2022,12,Feminino,2018,4.0,Escola Pública,1,1,C,Ametista,7.808,5.0,9.2,8.2,9.0,7.5,,7.833,9.3,9.0,,Fase 3 (7º e 8º ano),3.0,-2,Moderada,True,False,Não atendido
RA-509,Aluno-509,2023,12,Feminino,2018,5.0,Pública,FASE 2,2,2C,Ametista,7.606033333,5.0,8.6,8.1,8.5,2.52,8.958333333,8.84,8.2,9.0,,Fase 3 (7° e 8° ano),3.0,-1,Moderada,,,
RA-509,Aluno-509,2024,13,Feminino,2021,3.0,Pública,3D,3,3D,Ágata,6.918152272733334,10.0,6.0,6.363636363666667,9.168,2.51,8.28125,7.2475,6.0,4.5,7.5,Fase 3 (7° e 8° ano),3.0,0,Em fase,,,
RA-51,Aluno-51,2022,17,Feminino,2022,0.0,Escola Pública,5,5,B,Ágata,6.488,5.0,5.0,7.6,8.8,7.5,,6.5,4.5,4.5,6.0,Fase 7 (3º EM),7.0,-2,Moderada,False,False,Não atendido
RA-510,Aluno-510,2022,12,Masculino,2022,0.0,Escola Pública,1,1,C,Ametista,7.336,5.0,7.1,9.3,8.0,7.5,,7.056,5.8,8.3,,Fase 3 (7º e 8º ano),3.0,-2,Moderada,False,False,Não atendido
RA-511,Aluno-511,2022,10,Feminino,2022,0.0,Escola Pública,1,1,C,Ametista,7.094,5.0,5.3,10.0,8.0,7.5,,7.056,2.0,8.5,,Fase 2 (5º e 6º ano),2.0,-1,Moderada,False,False,Não atendido
RA-512,Aluno-512,2022,10,Feminino,2022,0.0,Escola Pública,1,1,C,Ametista,7.365,5.0,6.2,9.3,9.0,7.5,,7.722,5.3,7.0,,Fase 2 (5º e 6º ano),2.0,-1,Moderada,False,False,Não atendido
RA-513,Aluno-513,2022,9,Masculino,2021,1.0,Escola Pública,1,1,C,Topázio,8.229,10.0,8.3,9.6,9.0,5.6,,7.778,8.2,8.5,,Fase 1 (4º ano),1.0,0,Em fase,False,False,Requer avaliação
RA-513,Aluno-513,2023,10,Masculino,2021,2.0,Privada,FASE 2,2,2A,Topázio,8.297866667,10.0,7.5,9.7,9.5,2.52,8.541666667,9.0075,7.2,7.8,,Fase 2 (5° e 6° ano),2.0,0,Em fase,,,
RA-513,Aluno-513,2024,11,Masculino,2021,3.0,Privada,3B,3,3B,Topázio,8.728632539666668,10.0,7.666666666666667,8.831746031666666,10.002,8.135,9.0625,8.545,9.0,5.5,8.5,Fase 2 (5° e 6° ano),2.0,1,Em fase,,,
RA-514,Aluno-514,2022,9,Feminino,2022,0.0,Escola Pública,1,1,C,Ametista,7.039,10.0,4.8,9.7,8.0,7.5,,5.889,2.0,7.5,,Fase 1 (4º ano),1.0,0,Em fase,False,False,Não atendido
RA-514,Aluno-514,2023,10,Feminino,2022,1.0,Pública,FASE 1,1,1A,Quartzo,5.823133333,5.0,5.5,7.5,7.9,2.52,5.0,5.896666667,4.2,6.8,,Fase 2 (5° e 6° ano),2.0,-1,Moderada,,,
RA-514,Aluno-514,2024,11,Feminino,2022,2.0,Pública,2C,2,2C,Ágata,6.219580952400001,10.0,3.0,7.595238095,9.002,4.385,5.625,5.996666667,3.0,3.0,,Fase 2 (5° e 6° ano),2.0,0,Em fase,,,
RA-515,Aluno-515,2022,12,Masculino,2022,0.0,Escola Pública,1,1,C,Ágata,6.582,5.0,5.8,6.3,8.0,7.5,,7.556,8.5,3.2,,Fase 3 (7º e 8º ano),3.0,-2,Moderada,False,False,Não atendido
RA-516,Aluno-516,2022,9,Masculino,2019,3.0,Rede Decisão,1,1,C,Topázio,8.903,10.0,9.9,9.7,10.0,7.5,,8.056,10.0,9.8,,Fase 1 (4º ano),1.0,0,Em fase,False,False,Não atendido
RA-516,Aluno-516,2023,10,Masculino,2019,4.0,Privada - Programa de Apadrinhamento,FASE 2,2,2B,Topázio,8.6807,10.0,9.3,9.8,10.0,2.52,8.75,8.7175,9.0,9.5,,Fase 2 (5° e 6° ano),2.0,0,Em fase,,,
RA-516,Aluno-516,2024,11,Masculino,2021,3.0,Privada - Programa de Apadrinhamento,3C,3,3C,Topázio,8.384033333366668,10.0,8.833333333333334,10.0,10.002,2.51,8.541666667,7.56,8.0,8.5,10.0,Fase 2 (5° e 6° ano),2.0,1,Em fase,,,
RA-517,Aluno-517,2022,12,Feminino,2017,5.0,Escola Pública,1,1,D,Ametista,7.604,5.0,7.7,9.5,6.9,7.5,,7.833,7.8,7.5,,Fase 3 (7º e 8º ano),3.0,-2,Moderada,False,False,Não atendido
RA-517,Aluno-517,2023,13,Feminino,2017,6.0,Pública,FASE 2,2,2D,Ágata,6.3104,5.0,6.6,9.0,4.1,2.52,6.875,6.7125,4.5,8.7,,Fase 3 (7° e 8° ano),3.0,-1,Moderada,,,
RA-517,Aluno-517,2024,14,Feminino,2021,3.0,Pública,3C,3,3C,Quartzo,5.880466583166668,10.0,5.0,5.266499582333334,7.5,2.51,6.041666667,6.11,4.5,4.0,6.5,Fase 3 (7° e 8° ano),3.0,0,Em fase,,,
RA-518,Aluno-518,2022,10,Masculino,2022,0.0,Escola Pública,1,1,D,Ametista,7.661,5.0,7.5,9.4,9.0,7.5,,7.5,6.0,9.0,,Fase 2 (5º e 6º ano),2.0,-1,Moderada,False,False,Não atendido
RA-518,Aluno-518,2023,11,Masculino,2022,1.0,Pública,FASE 2,2,2D,Ametista,7.5762,10.0,6.7,8.5,8.5,5.0,8.125,6.9175,5.5,7.8,,Fase 2 (5° e 6° ano),2.0,0,Em fase,,,
RA-518,Aluno-518,2024,12,Masculino,2022,2.0,Pública,3C,3,3C,Ágata,6.3467483709,10.0,4.0,6.8300751879999995,8.334,2.51,7.083333333,6.94,7.5,3.5,1.0,Fase 3 (7° e 8° ano),3.0,0,Em fase,,,
RA-519,Aluno-519,2022,9,Masculino,2022,0.0,Escola Pública,1,1,D,Ametista,8.0,10.0,7.5,9.6,7.4,7.5,,7.333,7.0,8.0,,Fase 1 (4º ano),1.0,0,Em fase,False,False,Não atendido
RA-519,Aluno-519,2023,10,Masculino,2022,1.0,Pública,FASE 1,1,1G,Topázio,8.0177,5.0,7.4,9.9,9.0,7.52,7.708333333,8.223333333,7.5,7.2,,Fase 2 (5° e 6° ano),2.0,-1,Moderada,,,
RA-52,Aluno-52,2022,13,Masculino,2018,4.0,Rede Decisão,5,5,B,Ametista,7.861,10.0,6.2,8.9,9.6,7.5,,7.5,3.3,6.3,8.8,Fase 3 (7º e 8º ano),3.0,2,Em fase,False,False,Não atendido
RA-52,Aluno-52,2023,14,Masculino,2018,5.0,Privada - Programa de Apadrinhamento,FASE 5,5,5B,Ametista,7.9642,10.0,6.4,9.8,10.0,2.52,8.125,8.2975,7.7,4.8,6.7,Fase 4 (9° ano),4.0,1,Em fase,,,
RA-52,Aluno-52,2024,15,Masculino,2021,3.0,Privada *Parcerias com Bolsa 100%,7E,7,7E,Topázio,8.144466666733333,10.0,7.216666666666666,9.437666667,8.751,6.885,7.5,7.5,6.8,8.85,6.0,Fase 5 (1° EM),5.0,2,Em fase,,,
RA-520,Aluno-520,2022,11,Feminino,2022,0.0,Escola Pública,1,1,D,Ametista,7.035,5.0,6.8,6.8,10.0,7.5,,7.278,5.0,8.5,,Fase 2 (5º e 6º ano),2.0,-1,Moderada,False,False,Não atendido
RA-521,Aluno-521,2022,9,Masculino,2022,0.0,Escola Pública,1,1,D,Ametista,7.725,10.0,6.0,10.0,9.0,5.0,,7.5,5.0,7.0,,Fase 1 (4º ano),1.0,0,Em fase,False,False,Requer avaliação
RA-521,Aluno-521,2023,10,Masculino,2022,1.0,Pública,FASE 1,1,1G,Ágata,6.768666667,5.0,7.9,9.9,0.0,3.77,7.083333333,8.166666667,7.0,8.7,,Fase 2 (5° e 6° ano),2.0,-1,Moderada,,,
RA-521,Aluno-521,2024,11,Masculino,2022,2.0,Privada,2A,2,2A,Ametista,7.4798428571999995,10.0,6.25,9.0357142855,8.002,5.005,6.666666667,7.276666667,7.0,5.5,,Fase 2 (5° e 6° ano),2.0,0,Em fase,,,
RA-522,Aluno-522,2022,9,Masculino,2021,1.0,Escola Pública,1,1,D,Topázio,8.306,10.0,7.5,9.1,9.5,7.5,,8.167,7.0,8.0,,Fase 1 (4º ano),1.0,0,Em fase,False,False,Não atendido
RA-522,Aluno-522,2023,10,Masculino,2021,2.0,Pública,FASE 1,1,1C,Ametista,7.890533333,5.0,8.3,9.2,7.5,7.52,7.083333333,8.45,8.3,8.2,,Fase 2 (5° e 6° ano),2.0,-1,Moderada,,,
RA-522,Aluno-522,2024,11,Masculino,2021,3.0,Pública,2D,2,2D,Topázio,8.6777119048,10.0,9.0,9.523809524,8.002,7.51,8.4375,7.89,9.5,8.5,,Fase 2 (5° e 6° ano),2.0,0,Em fase,,,
RA-523,Aluno-523,2022,11,Feminino,2022,0.0,Escola Pública,1,1,D,Ametista,7.591,5.0,6.5,9.5,10.0,7.5,,7.556,5.0,8.0,,Fase 2 (5º e 6º ano),2.0,-1,Moderada,False,False,Não atendido
RA-524,Aluno-524,2022,11,Masculino,2019,3.0,Escola Pública,1,1,D,Ágata,6.947,5.0,9.1,9.4,0.0,5.0,,8.056,9.0,9.2,,Fase 2 (5º e 6º ano),2.0,-1,Moderada,True,False,Requer avaliação
RA-524,Aluno-524,2023,12,Masculino,2019,4.0,Pública,FASE 2,2,2D,Ametista,7.331133333,5.0,8.9,9.2,6.4,2.52,8.333333333,7.42,9.0,8.8,,Fase 3 (7° e 8° ano),3.0,-1,Moderada,,,
RA-524,Aluno-524,2024,13,Masculino,2021,3.0,Pública,3C,3,3C,Ametista,7.026322556366667,10.0,8.666666666666666,5.111779448666667,7.083,2.51,8.333333333,7.39,8.5,7.5,10.0,Fase 3 (7° e 8° ano),3.0,0,Em fase,,,
RA-525,Aluno-525,2022,11,Feminino,2021,1.0,Escola Pública,1,1,D,Ametista,8.013,5.0,8.6,9.3,9.0,7.5,,8.167,8.3,8.8,,Fase 2 (5º e 6º ano),2.0,-1,Moderada,False,False,Não atendido
RA-525,Aluno-525,2023,12,Feminino,2021,2.0,Pública,FASE 2,2,2I,Ametista,7.911366667,5.0,9.2,8.6,8.0,2.52,8.958333333,9.566666667,8.8,9.5,,Fase 3 (7° e 8° ano),3.0,-1,Moderada,,,
RA-526,Aluno-526,2022,12,Masculino,2022,0.0,Escola Pública,1,1,D,Topázio,8.079,5.0,8.0,9.9,10.0,7.5,,8.167,7.7,8.3,,Fase 3 (7º e 8º ano),3.0,-2,Moderada,False,False,Não atendido
RA-526,Aluno-526,2023,13,Masculino,2022,1.0,Pública,FASE 2,2,2D,Topázio,8.0957,5.0,8.8,9.8,9.5,5.0,8.75,7.7525,8.3,9.3,,Fase 3 (7° e 8° ano),3.0,-1,Moderada,,,
RA-526,Aluno-526,2024,14,Masculino,2022,2.0,Pública,3C,3,3C,Ametista,7.843157894833334,5.0,7.333333333333333,9.382456140333334,9.585,8.13,7.291666667,7.496666667,8.5,3.5,10.0,Fase 4 (9° ano),4.0,-1,Moderada,,,
RA-527,Aluno-527,2022,9,Feminino,2022,0.0,Escola Pública,1,1,D,Ametista,8.025,10.0,6.5,10.0,8.5,7.5,,7.5,5.0,8.0,,Fase 1 (4º ano),1.0,0,Em fase,False,False,Não atendido
RA-527,Aluno-527,2023,10,Feminino,2022,1.0,Pública,FASE 1,1,1C,Ametista,7.5682,5.0,6.5,9.1,9.0,7.52,7.5,7.78,5.7,7.2,,Fase 2 (5° e 6° ano),2.0,-1,Moderada,,,
RA-527,Aluno-527,2024,11,Feminino,2022,2.0,Pública,2D,2,2D,Topázio,8.1403666666,10.0,6.0,10.0,9.002,7.51,8.125,7.383333333,6.5,5.5,,Fase 2 (5° e 6° ano),2.0,0,Em fase,,,
RA-528,Aluno-528,2022,11,Masculino,2021,1.0,Escola Pública,1,1,D,Quartzo,5.335,5.0,4.0,6.2,0.0,7.5,,6.944,5.3,2.7,,Fase 2 (5º e 6º ano),2.0,-1,Moderada,False,False,Não atendido
RA-528,Aluno-528,2023,12,Masculino,2021,2.0,Pública,FASE 2,2,2D,Ametista,7.6892,5.0,8.2,8.5,9.0,5.0,8.75,7.92,7.5,8.8,,Fase 3 (7° e 8° ano),3.0,-1,Moderada,,,
RA-528,Aluno-528,2024,13,Masculino,2021,3.0,Pública,3C,3,3C,Ametista,7.276330075300001,10.0,6.666666666666667,5.793483709333334,9.168,7.51,7.291666667,6.936666667,8.5,4.5,7.0,Fase 3 (7° e 8° ano),3.0,0,Em fase,,,
RA-529,Aluno-529,2022,12,Masculino,2020,2.0,Escola Pública,1,1,D,Ágata,6.51,5.0,5.2,8.9,8.5,5.0,,6.556,3.3,7.0,,Fase 3 (7º e 8º ano),3.0,-2,Moderada,False,False,Requer avaliação
RA-529,Aluno-529,2023,13,Masculino,2020,3.0,Pública,FASE 1,1,1B,Ametista,7.278991667,5.0,6.8,9.6,8.0,7.52,5.78125,6.893333333,4.8,8.7,,Fase 3 (7° e 8° ano),3.0,-2,Moderada,,,
RA-529,Aluno-529,2024,14,Masculino,2021,3.0,Pública,2A,2,2A,Quartzo,5.2661285715,5.0,4.25,6.6071428569999995,7.002,4.38,4.791666667,4.886666667,2.5,6.0,,Fase 3 (7° e 8° ano),3.0,-1,Moderada,,,
RA-53,Aluno-53,2022,17,Masculino,2022,0.0,Escola Pública,5,5,B,Ágata,6.725,5.0,7.0,7.0,9.2,7.5,,6.458,6.0,8.0,,Fase 7 (3º EM),7.0,-2,Moderada,False,False,Não atendido
RA-53,Aluno-53,2023,18,Masculino,2022,1.0,Concluiu o 3º EM,FASE 6,6,6A,Ametista,7.600633333,5.0,7.7,9.1,9.2,5.63,7.5,7.5875,7.3,6.5,9.2,Fase 8 (Universitários),8.0,-2,Moderada,,,
RA-530,Aluno-530,2022,10,Masculino,2019,3.0,Escola Pública,1,1,E,Topázio,8.338,5.0,8.9,9.0,10.0,7.5,,9.056,9.0,8.8,,Fase 2 (5º e 6º ano),2.0,-1,Moderada,True,True,Não atendido
RA-530,Aluno-530,2023,11,Masculino,2019,4.0,Pública,FASE 2,2,2D,Ametista,7.653033333,10.0,5.7,8.8,10.0,5.0,7.708333333,7.46,5.8,5.5,,Fase 2 (5° e 6° ano),2.0,0,Em fase,,,
RA-530,Aluno-530,2024,12,Masculino,2021,3.0,Pública,3C,3,3C,Ametista,7.214534419433333,10.0,4.5,6.468838763666667,8.751,9.38,7.083333333,7.496666667,4.0,6.0,3.5,Fase 3 (7° e 8° ano),3.0,0,Em fase,,,
RA-531,Aluno-531,2022,10,Masculino,2022,0.0,Escola Pública,1,1,E,Ametista,8.057,5.0,7.8,9.8,9.5,7.5,,8.167,8.7,7.0,,Fase 2 (5º e 6º ano),2.0,-1,Moderada,True,False,Não atendido
RA-531,Aluno-531,2023,11,Masculino,2022,1.0,Pública,FASE 2,2,2B,Topázio,8.3252,10.0,7.7,10.0,9.5,2.52,8.75,8.59,6.3,9.0,,Fase 2 (5° e 6° ano),2.0,0,Em fase,,,
RA-531,Aluno-531,2024,12,Masculino,2022,2.0,Pública,3B,3,3B,Ametista,7.9127926470666665,10.0,6.666666666666667,9.803921568666667,9.168,4.38,7.96875,7.335,6.5,4.5,9.0,Fase 3 (7° e 8° ano),3.0,0,Em fase,,,
RA-532,Aluno-532,2022,9,Feminino,2022,0.0,Escola Pública,1,1,E,Ametista,7.792,10.0,5.5,9.7,9.5,7.5,,7.167,4.0,7.0,,Fase 1 (4º ano),1.0,0,Em fase,False,False,Não atendido
RA-533,Aluno-533,2022,10,Masculino,2022,0.0,Escola Pública,1,1,E,Ágata,6.962,5.0,6.0,8.8,8.5,5.6,,7.333,5.0,7.0,,Fase 2 (5º e 6º ano),2.0,-1,Moderada,False,False,Requer avaliação
RA-533,Aluno-533,2023,11,Masculino,2022,1.0,Pública,FASE 1,1,1B,Ametista,7.434866667,5.0,5.8,9.3,9.0,7.52,7.5,7.613333333,4.8,6.7,,Fase 2 (5° e 6° ano),2.0,-1,Moderada,,,
RA-534,Aluno-534,2022,12,Feminino,2021,1.0,Escola Pública,1,1,E,Ametista,7.131,5.0,7.1,7.4,9.0,7.5,,7.333,6.5,7.7,,Fase 3 (7º e 8º ano),3.0,-2,Moderada,False,False,Não atendido
RA-534,Aluno-534,2023,13,Masculino,2021,2.0,Pública,FASE 2,2,2D,Quartzo,5.8385,5.0,5.4,8.1,0.0,2.52,8.125,7.92,3.7,7.0,,Fase 3 (7° e 8° ano),3.0,-1,Moderada,,,
RA-534,Aluno-534,2024,14,Masculino,2021,3.0,Pública,3C,3,3C,Ametista,7.088855054266667,10.0,5.0,6.043441938333333,9.585,7.51,7.5,7.103333333,4.0,4.0,7.0,Fase 3 (7° e 8° ano),3.0,0,Em fase,,,
RA-535,Aluno-535,2022,10,Feminino,2019,3.0,Escola Pública,1,1,F,Ágata,6.953,5.0,5.1,9.2,9.0,7.5,,6.917,4.7,5.5,,Fase 2 (5º e 6º ano),2.0,-1,Moderada,False,False,Sem limitações
RA-535,Aluno-535,2023,11,Feminino,2019,4.0,Pública,FASE 2,2,2G,Topázio,8.0027,10.0,5.6,9.4,9.0,5.0,8.125,8.95,4.7,6.5,,Fase 2 (5° e 6° ano),2.0,0,Em fase,,,
RA-535,Aluno-535,2024,12,Feminino,2021,3.0,Pública,3H,3,3H,Ametista,7.659555952400001,10.0,6.0,7.161904762,9.168,8.135,7.96875,7.5,7.0,5.5,5.5,Fase 3 (7° e 8° ano),3.0,0,Em fase,,,
RA-536,Aluno-536,2022,10,Feminino,2020,2.0,Escola Pública,1,1,F,Ametista,7.106,5.0,6.0,8.9,9.5,5.6,,7.75,6.3,5.7,,Fase 2 (5º e 6º ano),2.0,-1,Moderada,False,False,Sem limitações
RA-536,Aluno-536,2023,10,Feminino,2020,3.0,Pública,FASE 2,2,2A,Ametista,7.759533333,10.0,5.9,9.3,8.0,2.52,8.333333333,9.17,5.0,6.8,,Fase 2 (5° e 6° ano),2.0,0,Em fase,,,
RA-536,Aluno-536,2024,11,Feminino,2021,3.0,Pública,3B,3,3B,Ametista,7.7704681818,10.0,5.5,9.109090909,8.334,8.135,7.1875,7.415,6.5,4.5,5.5,Fase 2 (5° e 6° ano),2.0,1,Em fase,,,
RA-537,Aluno-537,2022,10,Masculino,2022,0.0,Escola Pública,1,1,F,Ágata,6.641,5.0,4.8,9.0,9.5,4.4,,7.167,2.5,7.0,,Fase 2 (5º e 6º ano),2.0,-1,Moderada,False,False,Requer avaliação
RA-538,Aluno-538,2022,13,Masculino,2022,0.0,Escola Pública,1,1,F,Ágata,6.309,5.0,6.8,7.5,8.5,5.6,,5.583,4.5,9.0,,Fase 3 (7º e 8º ano),3.0,-2,Moderada,False,False,Requer avaliação
RA-538,Aluno-538,2023,13,Masculino,2022,1.0,Pública,FASE 2,2,2G,Ágata,6.413466667,5.0,4.7,8.6,7.4,2.52,7.916666667,7.39,3.5,5.8,,Fase 3 (7° e 8° ano),3.0,-1,Moderada,,,
RA-538,Aluno-538,2024,14,Masculino,2022,2.0,Pública,3H,3,3H,Ágata,6.514094017066666,5.0,6.166666666666667,7.668803418666666,8.751,7.51,5.625,5.292,10.0,4.5,4.0,Fase 4 (9° ano),4.0,-1,Moderada,,,
RA-539,Aluno-539,2022,11,Feminino,2022,0.0,Escola Pública,1,1,F,Ametista,7.665,5.0,7.5,9.3,8.5,6.9,,8.417,6.8,8.2,,Fase 2 (5º e 6º ano),2.0,-1,Moderada,False,True,Sem limitações
RA-539,Aluno-539,2023,12,Feminino,2022,1.0,Pública,FASE 2,2,2F,Ametista,7.796866667,5.0,8.5,8.6,9.5,2.52,9.166666667,8.84,7.2,9.7,,Fase 3 (7° e 8° ano),3.0,-1,Moderada,,,
RA-539,Aluno-539,2024,13,Feminino,2022,2.0,Privada - Programa de Apadrinhamento,3G,3,3G,Topázio,8.465533333333335,10.0,5.833333333333333,9.233333333333333,10.002,7.51,8.75,9.13,5.0,3.5,9.0,Fase 3 (7° e 8° ano),3.0,0,Em fase,,,
RA-54,Aluno-54,2022,16,Feminino,2022,0.0,Escola Pública,5,5,B,Ágata,6.058,5.0,4.8,6.9,7.9,7.5,,6.125,3.0,6.5,,Fase 6 (2º EM),6.0,-1,Moderada,False,False,Não atendido
RA-540,Aluno-540,2022,10,Feminino,2019,3.0,Escola Pública,1,1,F,Ametista,7.303,5.0,7.0,9.5,8.5,5.6,,7.5,6.8,7.2,,Fase 2 (5º e 6º ano),2.0,-1,Moderada,False,False,Sem limitações
RA-540,Aluno-540,2023,11,Feminino,2019,4.0,Pública,FASE 2,2,2F,Topázio,8.216033333,10.0,7.1,8.8,8.5,5.0,8.958333333,8.95,6.5,7.7,,Fase 2 (5° e 6° ano),2.0,0,Em fase,,,
RA-541,Aluno-541,2022,14,Masculino,2022,0.0,Escola Pública,1,1,F,Quartzo,5.427,2.5,2.5,7.8,10.0,6.9,,5.0,0.0,5.0,,Fase 4 (9º ano),4.0,-3,Severa,False,False,Sem limitações
RA-542,Aluno-542,2022,11,Feminino,2019,3.0,Escola Pública,1,1,F,Ametista,7.221,5.0,6.5,9.8,8.0,6.3,,7.417,5.3,7.7,,Fase 2 (5º e 6º ano),2.0,-1,Moderada,False,False,Sem limitações
RA-542,Aluno-542,2023,12,Feminino,2019,4.0,Pública,FASE 2,2,2H,Ametista,7.816533333,5.0,6.3,9.7,9.5,5.0,8.75,9.006666667,5.2,7.3,,Fase 3 (7° e 8° ano),3.0,-1,Moderada,,,
RA-542,Aluno-542,2024,13,Feminino,2021,3.0,Pública,3F,3,3F,Ágata,6.7205649586,10.0,3.9333333333333336,6.481366459666667,8.751,8.13,7.03125,6.232,1.5,5.0,5.3,Fase 3 (7° e 8° ano),3.0,0,Em fase,,,
RA-543,Aluno-543,2022,10,Feminino,2022,0.0,Escola Pública,1,1,F,Ametista,7.05,5.0,6.5,9.8,8.5,4.4,,7.167,5.0,8.0,,Fase 2 (5º e 6º ano),2.0,-1,Moderada,False,False,Sem limitações
RA-543,Aluno-543,2023,11,Feminino,2022,1.0,Pública,FASE 2,2,2H,Ametista,7.971833333,10.0,6.5,9.8,7.8,2.52,8.75,9.006666667,5.5,7.5,,Fase 2 (5° e 6° ano),2.0,0,Em fase,,,
RA-543,Aluno-543,2024,12,Feminino,2022,2.0,Pública,3F,3,3F,Topázio,8.0467871118,10.0,6.833333333333333,9.616977225666666,8.751,2.51,8.90625,8.7,7.0,6.5,7.0,Fase 2 (5° e 6° ano),2.0,1,Em fase,,,
RA-544,Aluno-544,2022,10,Masculino,2022,0.0,Escola Pública,1,1,F,Ágata,6.307,5.0,3.3,9.7,9.5,5.6,,6.0,1.0,5.5,,Fase 2 (5º e 6º ano),2.0,-1,Moderada,False,False,Requer avaliação
RA-545,Aluno-545,2022,13,Masculino,2018,4.0,Escola Pública,1,1,G,Ágata,6.723,5.0,5.5,6.6,9.5,7.5,,7.5,4.3,6.7,,Fase 3 (7º e 8º ano),3.0,-2,Moderada,False,False,Sem limitações
RA-546,Aluno-546,2022,11,Feminino,2021,1.0,Escola Pública,1,1,G,Ágata,6.77,5.0,5.6,7.9,9.0,5.0,,7.917,3.3,7.8,,Fase 2 (5º e 6º ano),2.0,-1,Moderada,False,False,Não indicado
RA-546,Aluno-546,2023,12,Feminino,2021,2.0,Pública,FASE 2,2,2H,Ágata,6.031666667,5.0,5.7,7.2,0.0,2.52,8.75,9.173333333,3.5,7.8,,Fase 3 (7° e 8° ano),3.0,-1,Moderada,,,
RA-546,Aluno-546,2024,13,Feminino,2021,3.0,Pública,3B,3,3B,Quartzo,5.702426010066667,10.0,4.666666666666667,3.7838383836666662,5.832,8.135,5.15625,5.5,0.0,4.0,10.0,Fase 3 (7° e 8° ano),3.0,0,Em fase,,,
RA-547,Aluno-547,2022,11,Feminino,2019,3.0,Escola Pública,1,1,G,Ametista,7.745,5.0,7.6,9.7,9.5,5.0,,8.833,7.3,7.8,,Fase 2 (5º e 6º ano),2.0,-1,Moderada,False,True,Não indicado
RA-547,Aluno-547,2023,12,Feminino,2019,4.0,Pública,FASE 2,2,2G,Ágata,6.467,5.0,6.2,9.1,0.0,2.52,8.75,8.95,5.0,7.3,,Fase 3 (7° e 8° ano),3.0,-1,Moderada,,,
RA-547,Aluno-547,2024,13,Feminino,2021,3.0,Pública,3H,3,3H,Ametista,7.2102906723333335,10.0,6.833333333333333,7.030620028333334,8.751,8.135,5.625,5.932,9.0,4.5,7.0,Fase 3 (7° e 8° ano),3.0,0,Em fase,,,
RA-548,Aluno-548,2022,12,Masculino,2019,3.0,Escola Pública,1,1,G,Ametista,7.292,5.0,7.2,9.1,8.0,6.9,,7.583,5.7,8.7,,Fase 3 (7º e 8º ano),3.0,-2,Moderada,False,False,Sem limitações
RA-548,Aluno-548,2023,12,Masculino,2019,4.0,Pública,FASE 2,2,2G,Ametista,7.4322,5.0,7.4,9.1,9.0,2.52,8.333333333,8.283333333,6.2,8.5,,Fase 3 (7° e 8° ano),3.0,-1,Moderada,,,
RA-548,Aluno-548,2024,13,Masculino,2021,3.0,Pública,3H,3,3H,Ametista,7.240168803466668,10.0,6.666666666666667,7.600427350666667,9.168,7.51,5.9375,5.626,9.0,5.0,6.0,Fase 3 (7° e 8° ano),3.0,0,Em fase,,,
RA-549,Aluno-549,2022,10,Masculino,2021,1.0,Escola Pública,1,1,G,Ágata,6.301,5.0,4.2,7.9,10.0,6.9,,6.167,2.2,6.2,,Fase 2 (5º e 6º ano),2.0,-1,Moderada,False,False,Sem limitações
RA-549,Aluno-549,2023,11,Masculino,2021,2.0,Pública,FASE 1,1,1J,Ametista,7.0297,5.0,6.4,8.1,9.5,5.02,6.875,7.5,5.5,7.2,,Fase 2 (5° e 6° ano),2.0,-1,Moderada,,,
RA-549,Aluno-549,2024,12,Masculino,2021,3.0,Pública,2G,2,2G,Ágata,6.5398187888,5.0,5.75,7.204968943999999,10.002,6.255,6.40625,5.9125,5.0,6.5,,Fase 3 (7° e 8° ano),3.0,-1,Moderada,,,
RA-55,Aluno-55,2022,16,Feminino,2017,5.0,Escola Pública,5,5,B,Ágata,6.576,5.0,7.5,7.6,7.1,5.6,,6.5,6.7,7.8,7.9,Fase 6 (2º EM),6.0,-1,Moderada,False,False,Requer avaliação
RA-55,Aluno-55,2023,17,Feminino,2017,6.0,Pública,FASE 6,6,6A,Ágata,6.898033333,5.0,7.1,8.1,7.9,3.14,7.5,7.545,8.7,6.5,6.0,Fase 7 (3° EM),7.0,-1,Moderada,,,
RA-550,Aluno-550,2022,12,Feminino,2022,0.0,Escola Pública,1,1,G,Ágata,6.026,5.0,1.9,9.0,9.0,6.9,,6.25,2.0,1.8,,Fase 3 (7º e 8º ano),3.0,-2,Moderada,False,False,Sem limitações
RA-551,Aluno-551,2022,12,Feminino,2018,4.0,Escola Pública,1,1,G,Ágata,6.853,5.0,6.6,7.3,8.5,6.9,,7.333,5.0,8.2,,Fase 3 (7º e 8º ano),3.0,-2,Moderada,False,False,Sem limitações
RA-551,Aluno-551,2023,12,Feminino,2018,5.0,Pública,FASE 2,2,2G,Ametista,7.075033333,5.0,5.4,8.6,10.0,2.52,8.541666667,8.393333333,4.5,6.2,,Fase 3 (7° e 8° ano),3.0,-1,Moderada,,,
RA-552,Aluno-552,2022,11,Masculino,2022,0.0,Escola Pública,1,1,G,Ágata,6.625,5.0,5.5,8.8,9.5,5.0,,7.167,6.0,5.0,,Fase 2 (5º e 6º ano),2.0,-1,Moderada,False,False,Não indicado
RA-552,Aluno-552,2023,12,Masculino,2022,1.0,Pública,FASE 1,1,1J,Quartzo,5.248666667,5.0,6.4,5.6,0.0,3.14,6.666666667,6.89,6.5,6.2,,Fase 3 (7° e 8° ano),3.0,-2,Moderada,,,
RA-553,Aluno-553,2022,11,Feminino,2019,3.0,Escola Pública,1,1,G,Ágata,6.39,5.0,3.3,6.9,9.5,6.9,,8.167,1.0,5.7,,Fase 2 (5º e 6º ano),2.0,-1,Moderada,False,False,Sem limitações
RA-554,Aluno-554,2022,12,Masculino,2017,5.0,Escola Pública,1,1,G,Quartzo,5.588,5.0,4.0,6.0,7.9,6.9,,5.75,1.7,6.3,,Fase 3 (7º e 8º ano),3.0,-2,Moderada,False,False,Sem limitações
RA-555,Aluno-555,2022,12,Masculino,2019,3.0,Escola Pública,1,1,G,Quartzo,5.949,5.0,4.4,8.1,9.5,5.0,,5.167,1.8,7.0,,Fase 3 (7º e 8º ano),3.0,-2,Moderada,False,False,Não indicado
RA-555,Aluno-555,2023,13,Masculino,2019,4.0,Pública,FASE 2,2,2G,Quartzo,5.898133333,5.0,3.9,8.1,7.4,2.52,6.25,6.946666667,1.5,6.2,,Fase 3 (7° e 8° ano),3.0,-1,Moderada,,,
RA-555,Aluno-555,2024,14,Masculino,2021,3.0,Pública,3F,3,3F,Quartzo,5.111470186333333,5.0,4.333333333333333,2.7505175983333334,10.002,6.885,5.0,5.03,5.0,4.0,4.0,Fase 4 (9° ano),4.0,-1,Moderada,,,
RA-556,Aluno-556,2022,11,Feminino,2018,4.0,Escola Pública,1,1,G,Ametista,7.181,5.0,6.4,8.8,9.0,5.0,,8.25,4.8,8.0,,Fase 2 (5º e 6º ano),2.0,-1,Moderada,False,False,Não indicado
RA-556,Aluno-556,2023,12,Feminino,2018,5.0,Pública,FASE 2,2,2H,Ametista,7.7482,5.0,7.2,9.6,8.5,2.52,9.166666667,9.396666667,6.5,7.8,,Fase 3 (7° e 8° ano),3.0,-1,Moderada,,,
RA-556,Aluno-556,2024,13,Feminino,2021,3.0,Pública,3G,3,3G,Quartzo,5.833377380933333,10.0,3.8333333333333335,6.171428571333333,7.083,2.51,6.40625,6.1625,1.5,4.5,5.5,Fase 3 (7° e 8° ano),3.0,0,Em fase,,,
RA-557,Aluno-557,2022,10,Masculino,2019,3.0,Escola Pública,1,1,H,Topázio,8.334,5.0,9.4,8.4,10.0,7.5,,9.333,10.0,8.8,,Fase 2 (5º e 6º ano),2.0,-1,Moderada,True,True,Sem limitações
RA-557,Aluno-557,2023,11,Masculino,2019,4.0,Pública,FASE 2,2,2H,Topázio,8.7717,10.0,8.9,8.2,10.0,5.0,9.375,9.62,8.0,9.7,,Fase 2 (5° e 6° ano),2.0,0,Em fase,,,
RA-557,Aluno-557,2024,12,Masculino,2021,3.0,Privada - Programa de Apadrinhamento,3H,3,3H,Topázio,9.350986466133334,10.0,9.666666666666666,8.756265663999999,10.002,7.51,10.0,9.576,10.0,9.0,10.0,Fase 3 (7° e 8° ano),3.0,0,Em fase,,,
RA-558,Aluno-558,2022,14,Masculino,2022,0.0,Escola Pública,1,1,H,Quartzo,5.539,2.5,4.3,8.5,9.0,5.0,,4.5,0.5,8.0,,Fase 4 (9º ano),4.0,-3,Severa,False,False,Não indicado
RA-558,Aluno-558,2023,15,Masculino,2022,1.0,Pública,FASE 2,2,2H,Ágata,6.615333333,2.5,6.0,9.4,7.8,5.0,6.458333333,6.78,5.7,6.3,,Fase 5 (1° EM),5.0,-3,Severa,,,
RA-558,Aluno-558,2024,16,Masculino,2022,2.0,Pública,3F,3,3F,Quartzo,5.048054503133334,5.0,3.0,3.7763975156666674,9.168,8.13,6.09375,4.268,2.5,4.0,2.5,Fase 5 (1° EM),5.0,-2,Moderada,,,
RA-559,Aluno-559,2022,11,Masculino,2021,1.0,Escola Pública,1,1,H,Ametista,7.634,5.0,7.1,9.2,9.5,7.5,,8.083,7.2,7.0,,Fase 2 (5º e 6º ano),2.0,-1,Moderada,False,False,Sem limitações
RA-559,Aluno-559,2023,12,Masculino,2021,2.0,Pública,FASE 2,2,2G,Ametista,7.947366667,5.0,7.4,9.4,10.0,5.0,8.958333333,8.506666667,6.5,8.2,,Fase 3 (7° e 8° ano),3.0,-1,Moderada,,,
RA-559,Aluno-559,2024,13,Masculino,2021,3.0,Pública,3F,3,3F,Ágata,6.158158974333333,10.0,3.1666666666666665,5.705128205,10.002,8.13,6.25,4.728,1.0,2.5,6.0,Fase 3 (7° e 8° ano),3.0,0,Em fase,,,
RA-56,Aluno-56,2022,15,Feminino,2019,3.0,Rede Decisão,5,5,B,Topázio,8.404,10.0,7.0,10.0,10.0,7.5,,8.25,4.5,6.5,10.0,Fase 5 (1º EM),5.0,0,Em fase,False,False,Sem limitações
RA-56,Aluno-56,2023,16,Feminino,2019,4.0,Privada - Programa de Apadrinhamento,FASE 6,6,6A,Topázio,8.284333333,10.0,7.8,9.5,9.6,5.0,8.125,7.8,7.8,5.5,10.0,Fase 6 (2° EM),6.0,0,Em fase,,,
RA-56,Aluno-56,2024,17,Feminino,2021,3.0,Privada - Programa de Apadrinhamento,7A,7,7A,Topázio,9.077020175400001,10.0,7.666666666666667,9.265350877333333,10.002,10.0,8.4375,9.233333333,8.0,6.0,9.0,Fase 7 (3° EM),7.0,0,Em fase,,,
RA-560,Aluno-560,2022,11,Masculino,2020,2.0,Escola Pública,1,1,H,Quartzo,4.949,5.0,3.8,7.2,6.9,5.0,,3.75,3.2,4.3,,Fase 2 (5º e 6º ano),2.0,-1,Moderada,False,False,Não indicado
RA-560,Aluno-560,2023,12,Masculino,2020,3.0,Pública,FASE 2,2,2H,Quartzo,4.932,5.0,4.0,8.4,0.0,2.52,5.0,6.0,2.3,5.7,,Fase 3 (7° e 8° ano),3.0,-1,Moderada,,,
RA-561,Aluno-561,2022,11,Masculino,2022,0.0,Escola Pública,1,1,H,Ametista,7.856,5.0,7.4,9.0,9.0,7.5,,8.833,9.5,5.3,,Fase 2 (5º e 6º ano),2.0,-1,Moderada,True,True,Sem limitações
RA-562,Aluno-562,2022,11,Feminino,2021,1.0,Escola Pública,1,1,H,Ametista,7.855,5.0,8.0,9.0,8.0,7.5,,8.75,8.3,7.7,,Fase 2 (5º e 6º ano),2.0,-1,Moderada,False,True,Sem limitações
RA-562,Aluno-562,2023,12,Feminino,2021,2.0,Pública,FASE 2,2,2I,Ágata,6.824833333,5.0,8.7,8.5,0.0,2.52,8.541666667,8.893333333,7.7,9.7,,Fase 3 (7° e 8° ano),3.0,-1,Moderada,,,
RA-562,Aluno-562,2024,13,Feminino,2021,3.0,Pública,3I,3,3I,Topázio,8.392733333333334,10.0,7.833333333333333,9.833333333333334,8.334,8.135,7.625,7.25,7.5,7.5,8.5,Fase 3 (7° e 8° ano),3.0,0,Em fase,,,
RA-563,Aluno-563,2022,11,Feminino,2020,2.0,Escola Pública,1,1,H,Topázio,8.22,5.0,8.5,9.2,10.0,7.5,,8.833,9.0,8.0,,Fase 2 (5º e 6º ano),2.0,-1,Moderada,True,True,Sem limitações
RA-563,Aluno-563,2023,11,Feminino,2020,3.0,Pública,FASE 2,2,2G,Ametista,7.684133333,10.0,6.2,9.7,6.4,2.52,8.75,8.726666667,6.0,6.3,,Fase 2 (5° e 6° ano),2.0,0,Em fase,,,
RA-563,Aluno-563,2024,12,Feminino,2021,3.0,Pública,3H,3,3H,Topázio,8.595447619066668,10.0,8.333333333333334,9.461904762000001,9.168,8.135,8.125,7.468,10.0,9.0,6.0,Fase 3 (7° e 8° ano),3.0,0,Em fase,,,
RA-564,Aluno-564,2022,13,Masculino,2019,3.0,Escola Pública,1,1,H,Quartzo,4.972,5.0,2.3,3.8,9.5,5.0,,6.833,2.5,2.0,,Fase 3 (7º e 8º ano),3.0,-2,Moderada,False,False,Não indicado
RA-565,Aluno-565,2022,13,Masculino,2022,0.0,Escola Pública,1,1,H,Quartzo,5.233,5.0,2.9,4.1,9.0,7.5,,5.917,4.0,1.8,,Fase 3 (7º e 8º ano),3.0,-2,Moderada,False,False,Sem limitações
RA-566,Aluno-566,2022,12,Feminino,2022,0.0,Escola Pública,1,1,H,Ametista,7.729,5.0,8.5,8.4,9.5,7.5,,7.917,9.5,7.5,,Fase 3 (7º e 8º ano),3.0,-2,Moderada,False,False,Sem limitações
RA-566,Aluno-566,2023,12,Feminino,2022,1.0,Pública,FASE 2,2,2G,Ametista,7.7227,5.0,8.4,8.8,9.0,2.52,8.958333333,8.673333333,8.8,8.0,,Fase 3 (7° e 8° ano),3.0,-1,Moderada,,,
RA-567,Aluno-567,2022,11,Masculino,2019,3.0,Escola Pública,1,1,H,Ágata,6.281,5.0,4.8,6.0,9.5,7.5,,6.833,4.3,5.2,,Fase 2 (5º e 6º ano),2.0,-1,Moderada,False,False,Sem limitações
RA-568,Aluno-568,2022,14,Masculino,2018,4.0,Escola Pública,1,1,J,Ametista,7.306,2.5,8.3,8.6,8.0,6.9,,7.944,8.0,8.5,,Fase 4 (9º ano),4.0,-3,Severa,False,False,Não atendido
RA-568,Aluno-568,2023,15,Masculino,2018,5.0,Pública,FASE 2,2,2I,Ágata,6.9647,2.5,7.6,7.9,7.0,5.0,8.125,8.01,8.5,6.7,,Fase 5 (1° EM),5.0,-3,Severa,,,
RA-568,Aluno-568,2024,16,Masculino,2021,3.0,Pública,3F,3,3F,Quartzo,5.545864285733334,5.0,5.166666666666667,3.2619047620000003,7.917,8.13,6.5625,5.496,5.0,5.5,5.0,Fase 5 (1° EM),5.0,-2,Moderada,,,
RA-569,Aluno-569,2022,12,Feminino,2020,2.0,Escola Pública,1,1,J,Ametista,7.074,5.0,6.8,8.7,9.5,5.0,,7.333,6.3,7.3,,Fase 3 (7º e 8º ano),3.0,-2,Moderada,False,False,Requer avaliação
RA-57,Aluno-57,2022,16,Masculino,2017,5.0,Rede Decisão,5,5,B,Ametista,7.305,5.0,8.4,8.1,7.1,5.6,,7.875,9.0,7.0,9.3,Fase 6 (2º EM),6.0,-1,Moderada,False,False,Requer avaliação
RA-57,Aluno-57,2023,17,Masculino,2017,6.0,Privada - Programa de Apadrinhamento,FASE 6,6,6A,Ágata,6.450875,5.0,7.2,8.0,0.0,5.63,7.96875,7.755,7.8,6.8,7.0,Fase 7 (3° EM),7.0,-1,Moderada,,,
RA-57,Aluno-57,2024,18,Masculino,2021,3.0,Privada - Programa de Apadrinhamento,7A,7,7A,Ametista,7.4193804301999995,10.0,6.166666666666667,6.010860484333333,9.585,6.88,8.59375,7.39,6.0,6.5,6.0,Fase 7 (3° EM),7.0,0,Em fase,,,
RA-570,Aluno-570,2022,10,Feminino,2019,3.0,Escola Pública,1,1,J,Quartzo,5.722,5.0,1.3,7.0,9.0,7.5,,6.778,0.7,2.0,,Fase 2 (5º e 6º ano),2.0,-1,Moderada,False,False,Não atendido
RA-570,Aluno-570,2023,11,Feminino,2019,4.0,Pública,FASE 1,1,1H,Ágata,6.781033333,5.0,5.9,7.3,8.5,3.77,8.125,8.056666667,5.7,6.0,,Fase 2 (5° e 6° ano),2.0,-1,Moderada,,,
RA-570,Aluno-570,2024,12,Feminino,2021,3.0,Pública,2H,2,2H,Ágata,6.8133640787,5.0,6.75,8.0020703935,8.002,5.625,7.1875,6.4075,6.0,7.5,,Fase 3 (7° e 8° ano),3.0,-1,Moderada,,,
RA-571,Aluno-571,2022,11,Feminino,2019,3.0,Escola Pública,1,1,J,Ágata,6.589,5.0,3.7,8.8,8.5,7.5,,6.944,3.3,4.0,,Fase 2 (5º e 6º ano),2.0,-1,Moderada,False,False,Não atendido
RA-571,Aluno-571,2023,12,Feminino,2019,4.0,Privada,FASE 1,1,1J,Ágata,6.6097,5.0,5.0,7.9,9.0,3.77,7.291666667,7.616666667,3.8,6.2,,Fase 3 (7° e 8° ano),3.0,-2,Moderada,,,
RA-571,Aluno-571,2024,13,Feminino,2021,3.0,Pública,2G,2,2G,Ágata,6.2964554347999995,5.0,5.25,8.695652174,7.002,4.375,7.03125,5.8325,5.0,5.5,,Fase 3 (7° e 8° ano),3.0,-1,Moderada,,,
RA-572,Aluno-572,2022,9,Masculino,2022,0.0,Escola Pública,1,1,J,Ametista,7.48,10.0,6.8,8.0,8.5,7.5,,6.833,4.5,9.0,,Fase 1 (4º ano),1.0,0,Em fase,False,False,Não atendido
RA-573,Aluno-573,2022,11,Masculino,2020,2.0,Escola Pública,1,1,J,Topázio,8.261,5.0,8.2,9.9,9.5,7.5,,8.944,8.3,8.0,,Fase 2 (5º e 6º ano),2.0,-1,Moderada,True,True,Não atendido
RA-573,Aluno-573,2023,12,Masculino,2020,3.0,Pública,FASE 2,2,2G,Ametista,7.774366667,5.0,6.6,9.8,9.5,5.0,8.541666667,8.45,5.7,7.5,,Fase 3 (7° e 8° ano),3.0,-1,Moderada,,,
RA-573,Aluno-573,2024,13,Masculino,2021,3.0,Pública,3G,3,3G,Ametista,7.839050000000001,10.0,5.0,9.5,9.168,8.755,7.8125,6.8275,6.0,3.5,5.5,Fase 3 (7° e 8° ano),3.0,0,Em fase,,,
RA-574,Aluno-574,2022,10,Masculino,2022,0.0,Escola Pública,1,1,J,Ágata,6.86,5.0,7.5,7.2,9.5,5.0,,6.944,5.5,9.5,,Fase 2 (5º e 6º ano),2.0,-1,Moderada,False,False,Requer avaliação
RA-574,Aluno-574,2023,11,Masculino,2022,1.0,Pública,FASE 2,2,2F,Ametista,7.878133333,10.0,8.1,8.2,6.9,5.0,7.916666667,8.173333333,7.7,8.5,,Fase 2 (5° e 6° ano),2.0,0,Em fase,,,
RA-575,Aluno-575,2022,12,Masculino,2019,3.0,Escola Pública,1,1,J,Quartzo,5.889,5.0,2.8,6.1,8.0,7.5,,7.0,2.7,3.0,,Fase 3 (7º e 8º ano),3.0,-2,Moderada,False,False,Não atendido
RA-576,Aluno-576,2022,10,Feminino,2022,0.0,Escola Pública,1,1,J,Ametista,7.59,5.0,7.8,9.1,9.5,7.5,,7.111,7.5,8.0,,Fase 2 (5º e 6º ano),2.0,-1,Moderada,False,False,Não atendido
RA-576,Aluno-576,2023,11,Feminino,2022,1.0,Pública,FASE 1,1,1F,Ametista,7.984741667,5.0,8.0,9.3,9.0,5.02,9.21875,8.503333333,6.5,9.5,,Fase 2 (5° e 6° ano),2.0,-1,Moderada,,,
RA-576,Aluno-576,2024,12,Feminino,2022,2.0,Pública,2H,2,2H,Topázio,8.93195,10.0,9.25,10.0,8.502,7.51,7.8125,8.4975,9.0,9.5,,Fase 2 (5° e 6° ano),2.0,0,Em fase,,,
RA-577,Aluno-577,2022,10,Feminino,2022,0.0,Escola Pública,1,1,J,Ametista,7.862,5.0,9.0,9.3,9.5,7.5,,7.111,8.3,9.7,,Fase 2 (5º e 6º ano),2.0,-1,Moderada,False,False,Não atendido
RA-577,Aluno-577,2023,11,Feminino,2022,1.0,Pública,FASE 1,1,1J,Ametista,7.219366667,5.0,7.4,8.2,10.0,3.77,6.875,7.673333333,6.5,8.3,,Fase 2 (5° e 6° ano),2.0,-1,Moderada,,,
RA-577,Aluno-577,2024,12,Feminino,2022,2.0,Pública,2H,2,2H,Ágata,6.629159109700001,5.0,8.0,5.7660455485,8.502,5.625,6.5625,6.535,7.0,9.0,,Fase 3 (7° e 8° ano),3.0,-1,Moderada,,,
RA-578,Aluno-578,2022,10,Masculino,2019,3.0,Escola Pública,1,1,J,Topázio,8.814,5.0,9.5,10.0,9.5,8.8,,9.611,9.3,9.7,,Fase 2 (5º e 6º ano),2.0,-1,Moderada,True,True,Sem limitações
RA-578,Aluno-578,2023,11,Masculino,2019,4.0,Privada - Programa de Apadrinhamento,FASE 2,2,2A,Topázio,9.013866667,10.0,9.7,10.0,9.0,2.52,9.791666667,9.7625,9.8,9.5,,Fase 2 (5° e 6° ano),2.0,0,Em fase,,,
RA-578,Aluno-578,2024,12,Masculino,2021,3.0,Privada - Programa de Apadrinhamento,3C,3,3C,Topázio,9.066199999966669,10.0,9.833333333333334,10.0,10.002,2.51,9.583333333,9.45,10.0,9.5,10.0,Fase 2 (5° e 6° ano),2.0,1,Em fase,,,
RA-579,Aluno-579,2022,10,Feminino,2022,0.0,Escola Pública,1,1,J,Ágata,6.067,5.0,3.8,5.8,8.5,7.5,,7.222,0.0,7.5,,Fase 2 (5º e 6º ano),2.0,-1,Moderada,False,False,Não atendido
RA-58,Aluno-58,2022,15,Masculino,2017,5.0,Rede Decisão,5,5,B,Topázio,8.136,10.0,7.2,9.2,9.6,6.3,,8.125,4.5,8.0,9.0,Fase 5 (1º EM),5.0,0,Em fase,False,False,Sem limitações
RA-58,Aluno-58,2023,16,Masculino,2017,6.0,Privada - Programa de Apadrinhamento,FASE 6,6,6A,Ametista,7.70625,10.0,8.1,9.7,0.0,6.26,8.4375,8.3825,7.8,6.5,10.0,Fase 6 (2° EM),6.0,0,Em fase,,,
RA-58,Aluno-58,2024,17,Masculino,2021,3.0,Privada - Programa de Apadrinhamento,7A,7,7A,Topázio,8.7713289474,10.0,7.333333333333333,9.824561403666666,9.585,7.51,9.0625,8.62,8.0,6.5,7.5,Fase 7 (3° EM),7.0,0,Em fase,,,
RA-580,Aluno-580,2022,10,Feminino,2020,2.0,Escola Pública,1,1,J,Ametista,7.525,5.0,7.6,9.6,8.0,7.5,,7.167,6.3,8.8,,Fase 2 (5º e 6º ano),2.0,-1,Moderada,False,False,Não atendido
RA-580,Aluno-580,2023,11,Feminino,2020,3.0,Pública,FASE 1,1,1H,Topázio,8.4712,5.0,9.0,9.8,8.5,7.52,8.75,8.67,8.7,9.3,,Fase 2 (5° e 6° ano),2.0,-1,Moderada,,,
RA-580,Aluno-580,2024,12,Feminino,2021,3.0,Pública,2H,2,2H,Ametista,7.9281521222,5.0,9.25,8.871635610999999,9.002,7.51,7.03125,7.2475,10.0,8.5,,Fase 3 (7° e 8° ano),3.0,-1,Moderada,,,
RA-581,Aluno-581,2022,10,Masculino,2019,3.0,Escola Pública,1,1,J,Ágata,6.464,5.0,5.0,8.9,7.5,7.5,,5.889,5.3,4.7,,Fase 2 (5º e 6º ano),2.0,-1,Moderada,False,False,Não atendido
RA-581,Aluno-581,2023,11,Masculino,2019,4.0,Pública,FASE 1,1,1H,Ametista,7.7167,5.0,7.9,9.8,8.0,7.52,6.458333333,7.393333333,7.0,8.8,,Fase 2 (5° e 6° ano),2.0,-1,Moderada,,,
RA-581,Aluno-581,2024,12,Masculino,2021,3.0,Pública,2H,2,2H,Ametista,7.0833015528,5.0,8.75,8.198757764,7.418,5.625,6.5625,6.165,8.0,9.5,,Fase 3 (7° e 8° ano),3.0,-1,Moderada,,,
RA-582,Aluno-582,2022,10,Feminino,2022,0.0,Escola Pública,1,1,J,Ametista,7.064,5.0,4.9,9.0,10.0,7.5,,7.222,4.3,5.5,,Fase 2 (5º e 6º ano),2.0,-1,Moderada,False,False,Não atendido
RA-583,Aluno-583,2022,12,Feminino,2019,3.0,Escola Pública,1,1,J,Ametista,7.456,5.0,7.1,9.4,8.5,7.5,,7.333,6.2,8.0,,Fase 3 (7º e 8º ano),3.0,-2,Moderada,False,False,Não atendido
RA-583,Aluno-583,2023,13,Feminino,2019,4.0,Pública,FASE 2,2,2I,Ametista,7.838866667,5.0,6.3,9.4,9.0,7.52,8.333333333,8.616666667,5.5,7.0,,Fase 3 (7° e 8° ano),3.0,-1,Moderada,,,
RA-583,Aluno-583,2024,14,Feminino,2021,3.0,Pública,3I,3,3I,Ametista,7.447591035933334,10.0,5.0,8.904455179666668,7.917,8.135,6.875,6.87,6.5,4.5,4.0,Fase 3 (7° e 8° ano),3.0,0,Em fase,,,
RA-584,Aluno-584,2022,10,Feminino,2019,3.0,Escola Pública,1,1,J,Ágata,6.714,5.0,4.6,8.5,8.0,7.5,,7.333,4.5,4.7,,Fase 2 (5º e 6º ano),2.0,-1,Moderada,False,False,Não atendido
RA-584,Aluno-584,2023,11,Feminino,2019,4.0,Pública,FASE 2,2,2I,Ametista,7.697533333,10.0,5.8,9.0,9.5,2.52,8.333333333,8.56,5.0,6.5,,Fase 2 (5° e 6° ano),2.0,0,Em fase,,,
RA-584,Aluno-584,2024,12,Feminino,2021,3.0,Pública,3G,3,3G,Ágata,6.752914393933334,10.0,4.333333333333333,5.636363636333333,8.751,8.755,7.34375,6.37,2.0,5.0,6.0,Fase 3 (7° e 8° ano),3.0,0,Em fase,,,
RA-585,Aluno-585,2022,9,Feminino,2020,2.0,Escola Pública,1,1,K,Ametista,7.398,10.0,5.0,9.1,8.5,7.5,,6.889,3.7,6.3,,Fase 1 (4º ano),1.0,0,Em fase,False,False,Não atendido
RA-586,Aluno-586,2022,10,Feminino,2021,1.0,Rede Decisão,1,1,K,Ametista,7.988,5.0,8.2,9.6,10.0,5.6,,8.778,8.2,8.2,,Fase 2 (5º e 6º ano),2.0,-1,Moderada,False,True,Requer avaliação
RA-586,Aluno-586,2023,10,Feminino,2021,2.0,Privada - Programa de Apadrinhamento,FASE 2,2,2K,Topázio,8.4242,10.0,8.4,10.0,8.0,2.52,8.333333333,9.343333333,7.5,9.2,,Fase 2 (5° e 6° ano),2.0,0,Em fase,,,
RA-586,Aluno-586,2024,11,Feminino,2021,3.0,Privada - Programa de Apadrinhamento,3U,3,3U,Topázio,8.702387301666668,10.0,8.5,9.241269841333333,9.168,7.51,8.75,8.056666667,7.5,8.0,10.0,Fase 2 (5° e 6° ano),2.0,1,Em fase,,,
RA-587,Aluno-587,2022,10,Masculino,2022,0.0,Escola Pública,1,1,K,Ágata,6.632,5.0,3.8,9.3,9.5,7.5,,6.167,1.0,6.5,,Fase 2 (5º e 6º ano),2.0,-1,Moderada,False,False,Não atendido
RA-587,Aluno-587,2023,11,Masculino,2022,1.0,Pública,FASE 1,1,1L,Ágata,6.032033333,5.0,2.7,7.0,8.5,7.52,6.458333333,6.72,2.2,3.2,,Fase 2 (5° e 6° ano),2.0,-1,Moderada,,,
RA-587,Aluno-587,2024,12,Masculino,2022,2.0,Pública,1L,1,1L,Ágata,6.817057142900001,5.0,6.25,7.380952381,9.002,7.51,7.916666667,5.74,6.5,6.0,,Fase 3 (7° e 8° ano),3.0,-2,Moderada,,,
RA-588,Aluno-588,2022,9,Feminino,2021,1.0,Rede Decisão,1,1,K,Topázio,8.622,10.0,9.3,10.0,9.5,5.6,,8.278,9.3,9.2,,Fase 1 (4º ano),1.0,0,Em fase,False,False,Sem limitações
RA-588,Aluno-588,2023,10,Feminino,2021,2.0,Privada - Programa de Apadrinhamento,FASE 2,2,2U,Topázio,8.3527,10.0,7.8,9.6,8.0,2.52,8.958333333,9.673333333,7.5,8.0,,Fase 2 (5° e 6° ano),2.0,0,Em fase,,,
RA-588,Aluno-588,2024,11,Feminino,2021,3.0,Privada - Programa de Apadrinhamento,3U,3,3U,Topázio,8.676133333333334,10.0,7.833333333333333,9.833333333333334,9.168,7.51,8.75,8.0,8.5,8.0,7.0,Fase 2 (5° e 6° ano),2.0,1,Em fase,,,
RA-589,Aluno-589,2022,9,Feminino,2022,0.0,Escola Pública,1,1,K,Ametista,7.744,10.0,5.8,9.4,9.5,7.5,,7.056,3.0,8.5,,Fase 1 (4º ano),1.0,0,Em fase,False,False,Não atendido
RA-59,Aluno-59,2022,17,Masculino,2022,0.0,Escola Pública,5,5,B,Ametista,7.642,5.0,7.2,9.3,9.2,7.5,,7.917,7.0,5.7,8.8,Fase 7 (3º EM),7.0,-2,Moderada,False,False,Não atendido
RA-59,Aluno-59,2023,18,Masculino,2022,1.0,Privada - Programa de Apadrinhamento,FASE 6,6,6A,Ametista,7.692291667,5.0,7.2,9.6,7.5,5.63,8.28125,8.4225,7.7,6.8,7.2,Fase 8 (Universitários),8.0,-2,Moderada,,,
RA-59,Aluno-59,2024,19,Masculino,2022,2.0,Privada *Parcerias com Bolsa 100%,8F,8,8F,,,10.0,,0.0,,,,,,,,Fase 8 (Universitários),8.0,0,Em fase,,,
RA-590,Aluno-590,2022,10,Feminino,2020,2.0,Escola Pública,1,1,K,Ametista,7.435,5.0,7.4,8.6,8.5,7.5,,7.611,5.7,9.2,,Fase 2 (5º e 6º ano),2.0,-1,Moderada,False,False,Não atendido
RA-590,Aluno-590,2023,11,Feminino,2020,3.0,Privada,FASE 2,2,2L,Ametista,7.647666667,10.0,6.5,9.7,6.3,3.77,7.291666667,8.34,5.7,7.3,,Fase 2 (5° e 6° ano),2.0,0,Em fase,,,
RA-590,Aluno-590,2024,12,Feminino,2021,3.0,Privada,2U,2,2U,Ágata,6.712378053800001,5.0,4.0,8.457556936,8.002,6.26,7.5,7.723333333,8.0,0.0,,Fase 3 (7° e 8° ano),3.0,-1,Moderada,,,
RA-591,Aluno-591,2022,11,Masculino,2021,1.0,Escola Pública,1,1,K,Ametista,7.507,5.0,7.1,9.3,9.5,7.5,,7.389,7.8,6.3,,Fase 2 (5º e 6º ano),2.0,-1,Moderada,False,False,Não atendido
RA-591,Aluno-591,2023,12,Masculino,2021,2.0,Pública,FASE 2,2,2U,Ametista,7.1472,5.0,6.9,8.5,9.0,6.27,5.833333333,7.333333333,6.2,7.5,,Fase 3 (7° e 8° ano),3.0,-1,Moderada,,,
RA-591,Aluno-591,2024,13,Masculino,2021,3.0,Pública,2K,2,2K,Ágata,6.8360336957,5.0,7.5,7.913043478500001,7.418,6.255,5.78125,6.54,6.0,9.0,,Fase 3 (7° e 8° ano),3.0,-1,Moderada,,,
RA-592,Aluno-592,2022,10,Feminino,2020,2.0,Escola Pública,1,1,K,Ametista,7.381,5.0,8.4,8.5,8.0,5.6,,7.778,7.2,9.7,,Fase 2 (5º e 6º ano),2.0,-1,Moderada,False,False,Requer avaliação
RA-592,Aluno-592,2023,11,Feminino,2020,3.0,Privada,FASE 2,2,2U,Ametista,7.935466667,10.0,7.6,9.2,6.2,3.77,7.916666667,8.95,5.5,9.7,,Fase 2 (5° e 6° ano),2.0,0,Em fase,,,
RA-592,Aluno-592,2024,12,Feminino,2021,3.0,Privada,3L,3,3L,Ametista,7.121622213600001,10.0,7.833333333333333,6.108152734666667,7.917,2.51,7.65625,7.625,7.0,8.0,8.5,Fase 2 (5° e 6° ano),2.0,1,Em fase,,,
RA-593,Aluno-593,2022,10,Feminino,2021,1.0,Escola Pública,1,1,K,Ágata,6.254,5.0,4.6,7.4,7.5,7.5,,6.278,3.0,6.2,,Fase 2 (5º e 6º ano),2.0,-1,Moderada,False,False,Não atendido
RA-594,Aluno-594,2022,10,Masculino,2022,0.0,Escola Pública,1,1,K,Ametista,7.392,5.0,7.8,9.4,8.0,7.5,,6.889,6.0,9.5,,Fase 2 (5º e 6º ano),2.0,-1,Moderada,False,False,Não atendido
RA-594,Aluno-594,2023,11,Masculino,2022,1.0,Pública,FASE 1,1,1L,Ágata,6.702033333,5.0,5.8,7.1,8.5,6.27,6.875,7.336666667,6.2,5.3,,Fase 2 (5° e 6° ano),2.0,-1,Moderada,,,
RA-594,Aluno-594,2024,12,Masculino,2022,2.0,Pública,2M,2,2M,Ágata,6.890966666600001,10.0,7.0,5.75,6.918,6.26,8.125,6.053333333,6.5,7.5,,Fase 2 (5° e 6° ano),2.0,0,Em fase,,,
RA-595,Aluno-595,2022,12,Masculino,2018,4.0,Escola Pública,1,1,K,Quartzo,5.18,5.0,1.0,5.5,8.5,7.5,,6.0,2.0,0.0,,Fase 3 (7º e 8º ano),3.0,-2,Moderada,False,False,Não atendido
RA-595,Aluno-595,2023,13,Masculino,2018,5.0,Pública,FASE 2,2,2U,Quartzo,5.078666667,5.0,3.3,7.0,0.0,7.52,6.666666667,5.55,3.2,3.3,,Fase 3 (7° e 8° ano),3.0,-1,Moderada,,,
RA-596,Aluno-596,2022,9,Feminino,2021,1.0,Escola Pública,1,1,K,Topázio,8.971,10.0,9.3,10.0,9.5,7.5,,9.0,8.8,9.8,,Fase 1 (4º ano),1.0,0,Em fase,True,True,Sem limitações
RA-597,Aluno-597,2022,9,Masculino,2022,0.0,Escola Pública,1,1,L,Topázio,8.265,10.0,8.0,10.0,9.0,7.5,,7.056,6.5,9.5,,Fase 1 (4º ano),1.0,0,Em fase,False,False,Sem limitações
RA-597,Aluno-597,2023,10,Masculino,2022,1.0,Pública,FASE 1,1,1K,Topázio,8.49045,5.0,8.5,9.6,10.0,7.52,9.0625,8.56,7.8,9.2,,Fase 2 (5° e 6° ano),2.0,-1,Moderada,,,
RA-597,Aluno-597,2024,11,Masculino,2022,2.0,Pública,2L,2,2L,Ametista,7.843291097300001,10.0,6.0,9.3271221535,9.002,7.51,7.5,6.883333333,5.0,7.0,,Fase 2 (5° e 6° ano),2.0,0,Em fase,,,
RA-598,Aluno-598,2022,11,Feminino,2022,0.0,Escola Pública,1,1,L,Ágata,6.35,5.0,3.7,7.2,9.5,7.5,,6.944,4.7,2.7,,Fase 2 (5º e 6º ano),2.0,-1,Moderada,False,False,Sem limitações
RA-599,Aluno-599,2022,10,Masculino,2022,0.0,Escola Pública,1,1,L,Topázio,8.2,5.0,9.1,9.2,9.5,7.5,,8.556,8.3,9.8,,Fase 2 (5º e 6º ano),2.0,-1,Moderada,True,True,Sem limitações
RA-599,Aluno-599,2023,10,Masculino,2022,1.0,Pública,FASE 2,2,2K,Topázio,8.532866667,10.0,8.5,9.5,10.0,2.52,8.333333333,9.286666667,8.2,8.7,,Fase 2 (5° e 6° ano),2.0,0,Em fase,,,
RA-599,Aluno-599,2024,12,Masculino,2022,2.0,Pública,3K,3,3K,Topázio,8.3569352941,10.0,7.666666666666667,8.607843137333333,10.002,9.375,7.083333333,7.28,8.0,7.0,8.0,Fase 2 (5° e 6° ano),2.0,1,Em fase,,,
RA-6,Aluno-6,2022,18,Feminino,2021,1.0,Escola Pública,7,7,A,Quartzo,5.848,5.0,3.3,4.5,7.9,7.5,,7.222,2.3,5.3,2.3,Fase 8 (Universitários),8.0,-1,Moderada,True,False,Sem limitações
RA-6,Aluno-6,2023,19,Feminino,2021,2.0,Privada - Pagamento por *Empresa Parceira,FASE 8,8,8E,,,10.0,,,,,,,,,,Fase 8 (Universitários),8.0,0,Em fase,,,
RA-6,Aluno-6,2024,20,Feminino,2021,3.0,Privada *Parcerias com Bolsa 100%,8E,8,8E,,,10.0,,0.0,,,,,,,,Fase 8 (Universitários),8.0,0,Em fase,,,
RA-60,Aluno-60,2022,18,Feminino,2021,1.0,Escola Pública,5,5,B,Quartzo,5.537,2.5,4.9,6.0,6.7,7.5,,6.167,5.0,6.2,3.5,Fase 8 (Universitários),8.0,-3,Severa,False,False,Não atendido
RA-600,Aluno-600,2022,9,Feminino,2021,1.0,Escola Pública,1,1,L,Ágata,7.011,10.0,3.9,8.4,8.5,7.5,,6.833,2.8,5.0,,Fase 1 (4º ano),1.0,0,Em fase,False,False,Sem limitações
RA-600,Aluno-600,2023,10,Feminino,2021,2.0,Pública,FASE 1,1,1K,Ametista,7.651658333,5.0,7.2,8.4,8.5,7.52,8.28125,8.056666667,6.5,7.8,,Fase 2 (5° e 6° ano),2.0,-1,Moderada,,,
RA-600,Aluno-600,2024,11,Feminino,2021,3.0,Pública,2L,2,2L,Ametista,7.847373913,10.0,7.5,8.010869565,8.002,7.51,7.5,7.22,8.0,7.0,,Fase 2 (5° e 6° ano),2.0,0,Em fase,,,
RA-601,Aluno-601,2022,8,Masculino,2021,1.0,Escola Pública,1,1,L,Ametista,7.713,10.0,5.7,9.7,9.0,7.5,,7.167,5.3,6.0,,ALFA  (2º e 3º ano),,1,Em fase,False,False,Sem limitações
RA-601,Aluno-601,2023,9,Masculino,2021,2.0,Pública,FASE 1,1,1K,Topázio,8.955783333,10.0,8.7,10.0,9.0,7.52,9.0625,8.336666667,8.0,9.3,,Fase 1 (3° e 4° ano),1.0,0,Em fase,,,
RA-601,Aluno-601,2024,10,Masculino,2021,3.0,Pública,1K,1,1K,Topázio,8.5107,5.0,8.75,10.0,9.502,7.505,8.75,8.425,9.5,8.0,,Fase 2 (5° e 6° ano),2.0,-1,Moderada,,,
RA-602,Aluno-602,2022,11,Masculino,2019,3.0,Escola Pública,1,1,L,Ametista,8.041,5.0,8.6,9.7,10.0,7.5,,7.667,8.3,8.8,,Fase 2 (5º e 6º ano),2.0,-1,Moderada,True,False,Sem limitações
RA-602,Aluno-602,2023,12,Masculino,2019,4.0,Pública,FASE 2,2,2U,Topázio,8.5592,5.0,8.1,9.6,10.0,7.52,8.75,9.51,7.3,8.8,,Fase 3 (7° e 8° ano),3.0,-1,Moderada,,,
RA-602,Aluno-602,2024,13,Masculino,2021,3.0,Pública,3L,3,3L,Topázio,8.647409313733334,10.0,7.333333333333333,9.670588235333334,9.585,7.51,8.28125,8.545,9.0,5.0,8.0,Fase 3 (7° e 8° ano),3.0,0,Em fase,,,
RA-603,Aluno-603,2022,11,Feminino,2022,0.0,Escola Pública,1,1,L,Ametista,7.78,5.0,7.5,9.5,9.0,7.5,,8.0,6.7,8.3,,Fase 2 (5º e 6º ano),2.0,-1,Moderada,False,False,Sem limitações
RA-603,Aluno-603,2023,11,Masculino,2022,1.0,Pública,FASE 2,2,2M,Ágata,6.748833333,10.0,7.0,8.9,0.0,2.52,7.708333333,7.78,5.7,8.2,,Fase 2 (5° e 6° ano),2.0,0,Em fase,,,
RA-603,Aluno-603,2024,12,Masculino,2022,2.0,Pública,3U,3,3U,Ágata,6.942277777866667,10.0,4.666666666666667,7.155555555666666,9.585,6.885,6.875,6.216666667,4.5,5.5,4.0,Fase 3 (7° e 8° ano),3.0,0,Em fase,,,
RA-604,Aluno-604,2022,10,Feminino,2021,1.0,Escola Pública,1,1,L,Ametista,8.018,5.0,8.8,9.0,9.0,7.5,,8.333,8.0,9.7,,Fase 2 (5º e 6º ano),2.0,-1,Moderada,True,False,Sem limitações
RA-604,Aluno-604,2023,11,Feminino,2021,2.0,Pública,FASE 2,2,2K,Topázio,8.548033333,10.0,7.5,9.3,9.0,7.52,8.125,8.616666667,6.0,9.0,,Fase 2 (5° e 6° ano),2.0,0,Em fase,,,
RA-604,Aluno-604,2024,12,Feminino,2021,3.0,Pública,3L,3,3L,Ametista,7.429623555266667,10.0,7.0,7.5029927763333335,8.334,8.13,6.40625,6.21,8.0,5.5,7.5,Fase 2 (5° e 6° ano),2.0,1,Em fase,,,
RA-605,Aluno-605,2022,12,Feminino,2021,1.0,Escola Pública,1,1,L,Ametista,7.276,5.0,7.1,9.3,6.9,6.9,,7.556,6.2,8.0,,Fase 3 (7º e 8º ano),3.0,-2,Moderada,False,False,Sem limitações
RA-605,Aluno-605,2023,12,Feminino,2021,2.0,Pública,FASE 2,2,2K,Ametista,7.709366667,5.0,6.8,9.5,9.0,7.52,7.291666667,7.84,4.8,8.8,,Fase 3 (7° e 8° ano),3.0,-1,Moderada,,,
RA-605,Aluno-605,2024,13,Feminino,2021,3.0,Pública,3M,3,3M,Ágata,6.0175222222,10.0,2.6666666666666665,6.194444444333333,7.5,6.885,7.0,5.534,1.5,3.5,3.0,Fase 3 (7° e 8° ano),3.0,0,Em fase,,,
RA-606,Aluno-606,2022,10,Masculino,2022,0.0,Escola Pública,1,1,L,Ágata,6.127,5.0,1.8,9.0,9.5,7.5,,6.111,2.0,1.5,,Fase 2 (5º e 6º ano),2.0,-1,Moderada,False,False,Sem limitações
RA-606,Aluno-606,2023,10,Masculino,2022,1.0,Pública,FASE 1,1,1K,Ametista,7.402491667,5.0,6.0,8.5,8.5,7.52,7.65625,8.223333333,4.7,7.2,,Fase 2 (5° e 6° ano),2.0,-1,Moderada,,,
RA-606,Aluno-606,2024,11,Masculino,2022,2.0,Pública,2M,2,2M,Ágata,6.645260606100001,10.0,3.25,7.6136363634999995,8.502,6.885,8.125,5.606666667,3.5,3.0,,Fase 2 (5° e 6° ano),2.0,0,Em fase,,,
RA-607,Aluno-607,2022,10,Masculino,2022,0.0,Escola Pública,1,1,L,Ágata,6.44,5.0,4.0,8.1,6.8,7.5,,7.444,3.0,5.0,,Fase 2 (5º e 6º ano),2.0,-1,Moderada,False,False,Sem limitações
RA-607,Aluno-607,2023,11,Masculino,2022,1.0,Pública,FASE 1,1,1K,Ametista,7.333075,5.0,6.8,7.5,8.0,7.52,7.96875,8.17,4.8,8.7,,Fase 2 (5° e 6° ano),2.0,-1,Moderada,,,
RA-607,Aluno-607,2024,12,Masculino,2022,2.0,Pública,2K,2,2K,Ametista,7.6486021739000005,10.0,7.0,7.4782608695,8.502,7.51,7.1875,7.165,7.0,7.0,,Fase 2 (5° e 6° ano),2.0,0,Em fase,,,
RA-608,Aluno-608,2022,10,Masculino,2022,0.0,Escola Pública,1,1,L,Ametista,7.216,5.0,6.3,9.6,7.8,7.5,,7.222,3.0,9.5,,Fase 2 (5º e 6º ano),2.0,-1,Moderada,False,False,Sem limitações
RA-608,Aluno-608,2023,10,Masculino,2022,1.0,Pública,FASE 1,1,1K,Ametista,7.401741667,5.0,6.2,7.5,10.0,7.52,7.96875,8.113333333,6.0,6.3,,Fase 2 (5° e 6° ano),2.0,-1,Moderada,,,
RA-608,Aluno-608,2024,11,Masculino,2022,2.0,Pública,2N,2,2N,Quartzo,5.778986231800001,10.0,4.25,3.054347826,9.002,6.885,7.1875,5.053333333,5.0,3.5,,Fase 2 (5° e 6° ano),2.0,0,Em fase,,,
RA-609,Aluno-609,2022,11,Masculino,2019,3.0,Escola Pública,1,1,L,Ágata,6.794,5.0,6.0,7.6,8.5,7.5,,7.056,6.5,5.5,,Fase 2 (5º e 6º ano),2.0,-1,Moderada,False,False,Sem limitações
RA-609,Aluno-609,2023,12,Masculino,2019,4.0,Pública,FASE 2,2,2U,Ágata,6.463033333,5.0,5.3,6.4,9.5,7.52,6.875,6.216666667,3.2,7.3,,Fase 3 (7° e 8° ano),3.0,-1,Moderada,,,
RA-61,Aluno-61,2022,15,Masculino,2021,1.0,Escola Pública,5,5,B,Ametista,7.533,10.0,5.8,7.4,9.2,7.5,,7.875,1.7,6.3,9.3,Fase 5 (1º EM),5.0,0,Em fase,True,False,Não atendido
RA-61,Aluno-61,2023,16,Masculino,2021,2.0,Pública,FASE 6,6,6A,Ametista,7.382108333,10.0,6.2,7.0,8.3,6.26,7.96875,7.4625,6.7,4.3,7.5,Fase 6 (2° EM),6.0,0,Em fase,,,
RA-610,Aluno-610,2022,9,Feminino,2022,0.0,Escola Pública,1,1,L,Topázio,8.18,10.0,6.5,9.6,9.0,7.5,,8.5,6.0,7.0,,Fase 1 (4º ano),1.0,0,Em fase,False,True,Sem limitações
RA-610,Aluno-610,2023,10,Feminino,2022,1.0,Pública,FASE 2,2,2K,Topázio,8.2857,10.0,7.0,10.0,10.0,2.52,8.541666667,8.896666667,6.3,7.7,,Fase 2 (5° e 6° ano),2.0,0,Em fase,,,
RA-610,Aluno-610,2024,11,Feminino,2022,2.0,Pública,3K,3,3K,Ametista,7.894888888933334,10.0,6.333333333333333,9.694444444333334,9.585,3.76,6.875,8.336666667,8.0,5.0,6.0,Fase 2 (5° e 6° ano),2.0,1,Em fase,,,
RA-611,Aluno-611,2022,12,Masculino,2021,1.0,Escola Pública,1,1,M,Ametista,7.756,5.0,9.5,7.6,9.5,7.5,,7.556,10.0,9.0,,Fase 3 (7º e 8º ano),3.0,-2,Moderada,True,False,Não atendido
RA-612,Aluno-612,2022,10,Feminino,2021,1.0,Escola Pública,1,1,M,Ametista,7.594,5.0,7.9,9.2,9.0,7.5,,7.167,9.7,6.2,,Fase 2 (5º e 6º ano),2.0,-1,Moderada,False,False,Não atendido
RA-612,Aluno-612,2023,11,Feminino,2021,2.0,Privada - Programa de Apadrinhamento,FASE 1,1,1M,Topázio,8.410783333,5.0,9.7,9.7,9.0,3.77,9.0625,9.286666667,9.3,10.0,,Fase 2 (5° e 6° ano),2.0,-1,Moderada,,,
RA-612,Aluno-612,2024,12,Feminino,2021,3.0,Privada - Programa de Apadrinhamento,2M,2,2M,Topázio,9.134040909100001,10.0,9.75,9.5454545455,8.002,6.26,9.6875,9.4,9.5,10.0,,Fase 2 (5° e 6° ano),2.0,0,Em fase,,,
RA-613,Aluno-613,2022,13,Masculino,2020,2.0,Escola Pública,1,1,M,Topázio,8.121,5.0,9.2,9.2,9.0,7.5,,8.556,9.2,9.2,,Fase 3 (7º e 8º ano),3.0,-2,Moderada,True,True,Não atendido
RA-613,Aluno-613,2023,14,Masculino,2020,3.0,Pública,FASE 3,3,3N,Ágata,6.864508333,5.0,4.8,9.4,9.2,5.0,6.71875,7.2125,4.3,6.2,3.8,Fase 4 (9° ano),4.0,-1,Moderada,,,
RA-613,Aluno-613,2024,15,Masculino,2021,3.0,Pública,3N,3,3N,Ametista,7.4019,5.0,7.333333333333333,9.566666666666666,8.334,7.51,6.875,6.25,8.0,6.0,8.0,Fase 4 (9° ano),4.0,-1,Moderada,,,
RA-614,Aluno-614,2022,12,Masculino,2021,1.0,Escola Pública,1,1,M,Topázio,8.339,5.0,9.6,9.7,9.5,7.5,,8.278,9.8,9.3,,Fase 3 (7º e 8º ano),3.0,-2,Moderada,True,False,Não atendido
RA-614,Aluno-614,2023,13,Masculino,2021,2.0,Pública,FASE 2,2,2M,Topázio,8.2282,5.0,8.6,9.1,9.0,7.52,8.333333333,8.563333333,8.8,8.3,,Fase 3 (7° e 8° ano),3.0,-1,Moderada,,,
RA-614,Aluno-614,2024,14,Masculino,2021,3.0,Pública,3U,3,3U,Ametista,7.8284999999666685,5.0,6.833333333333333,9.700000000000001,9.585,7.51,7.916666667,7.603333333,8.0,4.5,8.0,Fase 4 (9° ano),4.0,-1,Moderada,,,
RA-615,Aluno-615,2022,9,Feminino,2020,2.0,Escola Pública,1,1,M,Topázio,8.086,10.0,7.3,9.7,9.5,7.5,,6.889,7.8,6.7,,Fase 1 (4º ano),1.0,0,Em fase,False,False,Não atendido
RA-615,Aluno-615,2023,10,Feminino,2020,3.0,Pública,FASE 1,1,1M,Ametista,7.815658333,5.0,7.6,9.7,10.0,3.14,8.28125,8.616666667,6.8,8.3,,Fase 2 (5° e 6° ano),2.0,-1,Moderada,,,
RA-616,Aluno-616,2022,12,Masculino,2019,3.0,Escola Pública,1,1,M,Ametista,7.303,5.0,8.8,7.4,7.4,7.5,,7.278,9.2,8.5,,Fase 3 (7º e 8º ano),3.0,-2,Moderada,False,False,Não atendido
RA-616,Aluno-616,2023,13,Masculino,2019,4.0,Pública,FASE 2,2,2M,Quartzo,5.612,5.0,6.8,6.6,0.0,5.02,5.833333333,6.783333333,5.5,8.0,,Fase 3 (7° e 8° ano),3.0,-1,Moderada,,,
RA-616,Aluno-616,2024,14,Masculino,2021,3.0,Pública,3U,3,3U,Quartzo,5.457877193033333,10.0,3.8333333333333335,3.087719298333333,7.5,6.885,6.458333333,4.946666667,3.0,3.5,5.0,Fase 3 (7° e 8° ano),3.0,0,Em fase,,,
RA-617,Aluno-617,2022,11,Feminino,2021,1.0,Escola Pública,1,1,M,Ametista,7.107,5.0,6.3,8.9,8.5,7.5,,6.778,4.5,8.0,,Fase 2 (5º e 6º ano),2.0,-1,Moderada,False,False,Não atendido
RA-617,Aluno-617,2023,11,Feminino,2021,2.0,Pública,FASE 1,1,1L,Ágata,6.816166667,5.0,6.9,9.0,0.0,7.52,7.708333333,8.116666667,5.5,8.2,,Fase 2 (5° e 6° ano),2.0,-1,Moderada,,,
RA-618,Aluno-618,2022,13,Masculino,2020,2.0,Escola Pública,1,1,M,Ametista,7.18,5.0,6.7,8.3,8.9,7.5,,7.333,6.8,6.5,,Fase 3 (7º e 8º ano),3.0,-2,Moderada,False,False,Não atendido
RA-618,Aluno-618,2023,14,Masculino,2020,3.0,Pública,FASE 2,2,2N,Ágata,6.4745,5.0,6.2,9.2,0.0,5.02,8.125,7.95,4.5,7.8,,Fase 4 (9° ano),4.0,-2,Moderada,,,
RA-618,Aluno-618,2024,15,Masculino,2021,3.0,Pública,3K,3,3K,Ágata,6.718348148233334,5.0,4.166666666666667,8.324074074,10.002,6.88,6.666666667,6.826666667,5.0,4.5,3.0,Fase 5 (1° EM),5.0,-2,Moderada,,,
RA-619,Aluno-619,2022,11,Feminino,2021,1.0,Escola Pública,1,1,M,Ametista,7.693,5.0,9.0,8.0,9.5,7.5,,7.333,9.2,8.8,,Fase 2 (5º e 6º ano),2.0,-1,Moderada,False,False,Não atendido
RA-619,Aluno-619,2023,11,Feminino,2021,2.0,Pública,FASE 2,2,2M,Ametista,7.891366667,10.0,9.0,7.1,9.0,3.77,7.708333333,8.116666667,8.5,9.5,,Fase 2 (5° e 6° ano),2.0,0,Em fase,,,
RA-62,Aluno-62,2022,17,Masculino,2022,0.0,Escola Pública,5,5,B,Ametista,7.891,5.0,9.3,9.4,8.8,7.5,,7.25,8.5,10.0,,Fase 7 (3º EM),7.0,-2,Moderada,True,False,Não atendido
RA-62,Aluno-62,2023,17,Feminino,2022,1.0,Pública,FASE 7,7,7A,Ametista,7.610333333,10.0,7.5,9.8,0.0,6.89,8.25,8.215,9.3,6.8,6.3,Fase 7 (3° EM),7.0,0,Em fase,,,
RA-62,Aluno-62,2024,18,Feminino,2022,2.0,Privada *Parcerias com Bolsa 100%,8F,8,8F,,,10.0,,0.0,,,,,,,,Fase 8 (Universitários),8.0,0,Em fase,,,
RA-620,Aluno-620,2022,12,Masculino,2021,1.0,Escola Pública,1,1,M,Ágata,6.018,5.0,6.8,7.5,0.0,7.5,,6.833,8.5,5.0,,Fase 3 (7º e 8º ano),3.0,-2,Moderada,False,False,Não atendido
RA-620,Aluno-620,2023,13,Masculino,2021,2.0,Pública,FASE 2,2,2M,Ametista,7.043666667,5.0,6.2,8.4,6.8,7.52,6.875,7.503333333,5.2,7.2,,Fase 3 (7° e 8° ano),3.0,-1,Moderada,,,
RA-620,Aluno-620,2024,14,Masculino,2021,3.0,Pública,3U,3,3U,Quartzo,5.766892063566667,10.0,2.5,3.9841269843333333,8.334,7.51,7.083333333,5.886666667,3.5,2.5,1.5,Fase 3 (7° e 8° ano),3.0,0,Em fase,,,
RA-621,Aluno-621,2022,10,Masculino,2020,2.0,Escola Pública,1,1,M,Ametista,7.448,5.0,7.5,7.7,9.5,7.5,,8.222,6.8,8.2,,Fase 2 (5º e 6º ano),2.0,-1,Moderada,False,False,Não atendido
RA-622,Aluno-622,2022,12,Feminino,2019,3.0,Escola Pública,1,1,N,Quartzo,4.934,5.0,3.8,3.8,3.5,7.5,,6.0,4.8,2.7,,Fase 3 (7º e 8º ano),3.0,-2,Moderada,False,False,Não atendido
RA-623,Aluno-623,2022,13,Masculino,2022,0.0,Escola Pública,1,1,N,Ametista,7.524,5.0,8.3,9.0,7.5,7.5,,7.389,9.3,7.2,,Fase 3 (7º e 8º ano),3.0,-2,Moderada,False,False,Não atendido
RA-623,Aluno-623,2023,14,Masculino,2022,1.0,Pública,FASE 2,2,2M,Ametista,7.8307,5.0,7.3,9.5,10.0,7.52,7.291666667,7.446666667,5.8,8.8,,Fase 4 (9° ano),4.0,-2,Moderada,,,
RA-623,Aluno-623,2024,15,Masculino,2022,2.0,Pública,3U,3,3U,Ágata,6.357733333300001,5.0,4.0,7.3999999999999995,8.334,6.885,6.458333333,7.05,3.5,2.5,6.0,Fase 4 (9° ano),4.0,-1,Moderada,,,
RA-624,Aluno-624,2022,10,Masculino,2022,0.0,Escola Pública,1,1,N,Ametista,7.425,5.0,6.8,8.9,9.0,7.5,,7.722,8.0,5.5,,Fase 2 (5º e 6º ano),2.0,-1,Moderada,False,False,Não atendido
RA-624,Aluno-624,2023,11,Masculino,2022,1.0,Pública,FASE 1,1,1K,Topázio,8.270825,5.0,8.6,9.2,9.0,7.52,8.90625,8.39,8.3,8.8,,Fase 2 (5° e 6° ano),2.0,-1,Moderada,,,
RA-624,Aluno-624,2024,12,Masculino,2022,2.0,Pública,2L,2,2L,Ametista,7.229425672900001,10.0,4.0,8.219461698,8.002,7.51,7.916666667,7.213333333,8.0,0.0,,Fase 2 (5° e 6° ano),2.0,0,Em fase,,,
RA-625,Aluno-625,2022,11,Masculino,2022,0.0,Escola Pública,1,1,N,Ametista,7.483,5.0,7.8,9.2,8.0,7.5,,7.333,8.5,7.0,,Fase 2 (5º e 6º ano),2.0,-1,Moderada,False,False,Não atendido
RA-626,Aluno-626,2022,11,Masculino,2021,1.0,Escola Pública,1,1,N,Quartzo,5.818,5.0,1.3,7.6,7.4,7.5,,7.278,2.5,0.0,,Fase 2 (5º e 6º ano),2.0,-1,Moderada,False,False,Não atendido
RA-626,Aluno-626,2023,12,Masculino,2021,2.0,Pública,FASE 2,2,2M,Ametista,7.231033333,5.0,6.5,9.2,9.0,4.39,7.291666667,7.613333333,4.7,8.3,,Fase 3 (7° e 8° ano),3.0,-1,Moderada,,,
RA-626,Aluno-626,2024,13,Masculino,2021,3.0,Pública,3U,3,3U,Ágata,6.407590225500001,10.0,5.333333333333333,3.380451127666667,9.585,6.885,7.291666667,6.443333333,5.5,3.5,7.0,Fase 3 (7° e 8° ano),3.0,0,Em fase,,,
RA-627,Aluno-627,2022,10,Feminino,2022,0.0,Escola Pública,1,1,N,Ágata,6.621,5.0,6.5,6.7,7.0,7.5,,7.0,6.2,6.8,,Fase 2 (5º e 6º ano),2.0,-1,Moderada,False,False,Não atendido
RA-628,Aluno-628,2022,11,Masculino,2022,0.0,Escola Pública,1,1,N,Ametista,7.577,5.0,9.2,7.6,9.5,7.5,,7.333,9.3,9.0,,Fase 2 (5º e 6º ano),2.0,-1,Moderada,False,False,Não atendido
RA-628,Aluno-628,2023,12,Masculino,2022,1.0,Pública,FASE 1,1,1K,Topázio,8.370325,5.0,9.4,8.9,9.5,7.52,8.28125,8.45,9.0,9.7,,Fase 3 (7° e 8° ano),3.0,-2,Moderada,,,
RA-628,Aluno-628,2024,13,Masculino,2022,2.0,Pública,2U,2,2U,Topázio,8.2366166666,5.0,9.0,10.0,9.002,7.51,7.1875,7.833333333,8.0,10.0,,Fase 3 (7° e 8° ano),3.0,-1,Moderada,,,
RA-629,Aluno-629,2022,9,Masculino,2022,0.0,Escola Pública,1,1,N,Topázio,8.11,10.0,7.0,10.0,9.0,7.5,,7.278,5.0,9.0,,Fase 1 (4º ano),1.0,0,Em fase,False,False,Não atendido
RA-629,Aluno-629,2023,10,Feminino,2022,1.0,Pública,FASE 1,1,1L,Topázio,8.013866667,5.0,7.5,9.4,10.0,7.52,7.916666667,7.95,7.0,8.0,,Fase 2 (5° e 6° ano),2.0,-1,Moderada,,,
RA-629,Aluno-629,2024,11,Feminino,2022,2.0,Pública,2U,2,2U,Topázio,8.061295238200001,10.0,6.0,9.523809524,10.002,7.51,7.5,7.276666667,6.0,6.0,,Fase 2 (5° e 6° ano),2.0,0,Em fase,,,
RA-63,Aluno-63,2022,16,Masculino,2018,4.0,Rede Decisão,5,5,B,Topázio,8.282,5.0,8.7,9.1,8.3,8.8,,9.417,8.2,8.2,9.7,Fase 6 (2º EM),6.0,-1,Moderada,False,True,Sem limitações
RA-63,Aluno-63,2023,17,Masculino,2018,5.0,Pública,FASE 6,6,6A,Topázio,8.0641,5.0,8.7,9.0,6.7,6.89,8.75,8.9675,9.3,7.3,9.5,Fase 7 (3° EM),7.0,-1,Moderada,,,
RA-630,Aluno-630,2022,9,Masculino,2022,0.0,Escola Pública,1,1,N,Topázio,8.064,10.0,7.3,9.2,9.5,7.5,,7.278,6.5,8.0,,Fase 1 (4º ano),1.0,0,Em fase,False,False,Não atendido
RA-630,Aluno-630,2023,10,Masculino,2022,1.0,Pública,FASE 1,1,1M,Ametista,7.199991667,5.0,5.7,8.6,9.0,3.77,8.28125,8.673333333,4.2,7.2,,Fase 2 (5° e 6° ano),2.0,-1,Moderada,,,
RA-630,Aluno-630,2024,11,Masculino,2022,2.0,Pública,2L,2,2L,Ágata,6.879985507300001,10.0,5.75,8.4782608695,0.0,7.51,7.5,7.666666667,6.0,5.5,,Fase 2 (5° e 6° ano),2.0,0,Em fase,,,
RA-631,Aluno-631,2022,12,Masculino,2022,0.0,Escola Pública,1,1,N,Ágata,6.928,5.0,7.0,6.8,8.5,7.5,,7.222,7.3,6.7,,Fase 3 (7º e 8º ano),3.0,-2,Moderada,False,False,Não atendido
RA-631,Aluno-631,2023,13,Masculino,2022,1.0,Pública,FASE 2,2,2N,Quartzo,5.954666667,5.0,7.0,6.4,0.0,6.27,7.916666667,6.78,6.0,8.0,,Fase 3 (7° e 8° ano),3.0,-1,Moderada,,,
RA-631,Aluno-631,2024,14,Masculino,2022,2.0,Pública,3L,3,3L,Ágata,6.795673420466667,10.0,4.166666666666667,7.2122004356666665,8.334,8.75,5.625,6.245,7.0,3.5,2.0,Fase 3 (7° e 8° ano),3.0,0,Em fase,,,
RA-632,Aluno-632,2022,10,Feminino,2022,0.0,Escola Pública,1,1,P,Ágata,6.996,5.0,6.3,9.3,8.5,6.9,,6.722,5.5,7.2,,Fase 2 (5º e 6º ano),2.0,-1,Moderada,False,False,Sem limitações
RA-632,Aluno-632,2023,11,Feminino,2022,1.0,Pública,FASE 2,2,2R,Ametista,7.8768,10.0,7.4,9.1,4.7,5.64,8.333333333,8.563333333,6.8,8.0,,Fase 2 (5° e 6° ano),2.0,0,Em fase,,,
RA-632,Aluno-632,2024,12,Feminino,2022,2.0,Pública,3P,3,3P,Ametista,7.515491249000001,10.0,4.166666666666667,8.999164578333334,7.917,6.875,8.28125,7.875,0.0,6.0,6.5,Fase 3 (7° e 8° ano),3.0,0,Em fase,,,
RA-633,Aluno-633,2022,11,Feminino,2020,2.0,Escola Pública,1,1,P,Ametista,7.476,5.0,7.7,8.9,7.3,7.5,,7.833,6.8,8.5,,Fase 2 (5º e 6º ano),2.0,-1,Moderada,False,False,Não atendido
RA-633,Aluno-633,2023,12,Feminino,2020,3.0,Pública,FASE 2,2,2R,Ágata,6.6552,5.0,7.2,8.1,1.7,6.27,8.541666667,7.286666667,5.3,9.0,,Fase 3 (7° e 8° ano),3.0,-1,Moderada,,,
RA-633,Aluno-633,2024,13,Feminino,2021,3.0,Pública,3P,3,3P,Quartzo,5.228470175466667,10.0,3.3333333333333335,4.707017544,4.584,2.51,6.875,6.1175,4.0,6.0,0.0,Fase 3 (7° e 8° ano),3.0,0,Em fase,,,
RA-634,Aluno-634,2022,11,Feminino,2022,0.0,Escola Pública,1,1,P,Ametista,7.619,5.0,6.5,9.4,9.5,7.5,,8.222,8.0,5.0,,Fase 2 (5º e 6º ano),2.0,-1,Moderada,False,False,Não atendido
RA-635,Aluno-635,2022,10,Masculino,2022,0.0,Escola Pública,1,1,P,Quartzo,5.313,5.0,1.5,4.9,10.0,6.9,,6.444,0.5,2.5,,Fase 2 (5º e 6º ano),2.0,-1,Moderada,False,False,Requer avaliação
RA-636,Aluno-636,2022,10,Masculino,2022,0.0,Escola Pública,1,1,P,Ametista,7.189,5.0,7.3,8.0,8.5,6.9,,7.389,7.3,7.3,,Fase 2 (5º e 6º ano),2.0,-1,Moderada,True,False,Requer avaliação
RA-636,Aluno-636,2023,11,Masculino,2022,1.0,Pública,FASE 1,1,1R,Ágata,6.836666667,5.0,9.0,8.3,0.0,5.64,8.333333333,7.446666667,9.2,8.7,,Fase 2 (5° e 6° ano),2.0,-1,Moderada,,,
RA-636,Aluno-636,2024,12,Masculino,2022,2.0,Pública,2P,2,2P,Ágata,6.3802279106,10.0,5.25,4.9043062200000005,8.002,7.51,6.875,5.553333333,4.0,6.5,,Fase 2 (5° e 6° ano),2.0,0,Em fase,,,
RA-637,Aluno-637,2022,10,Feminino,2021,1.0,Escola Pública,1,1,P,Ametista,7.039,5.0,5.8,9.0,8.5,7.5,,7.0,4.8,6.8,,Fase 2 (5º e 6º ano),2.0,-1,Moderada,False,False,Não atendido
RA-637,Aluno-637,2023,11,Feminino,2021,2.0,Pública,FASE 1,1,1R,Topázio,8.109533333,5.0,8.5,9.5,8.0,7.52,8.333333333,8.17,8.7,8.2,,Fase 2 (5° e 6° ano),2.0,-1,Moderada,,,
RA-637,Aluno-637,2024,12,Feminino,2021,3.0,Pública,2P,2,2P,Ametista,7.6853212122,10.0,7.75,6.2272727275,7.502,7.51,8.333333333,7.776666667,6.5,9.0,,Fase 2 (5° e 6° ano),2.0,0,Em fase,,,
RA-638,Aluno-638,2022,9,Feminino,2020,2.0,Escola Pública,1,1,P,Ametista,7.059,10.0,3.9,9.3,8.5,7.5,,6.278,2.0,5.8,,Fase 1 (4º ano),1.0,0,Em fase,False,False,Não atendido
RA-638,Aluno-638,2023,10,Feminino,2020,3.0,Pública,FASE 1,1,1R,Ametista,7.754866667,5.0,6.5,9.4,9.0,7.52,8.333333333,7.946666667,6.8,6.2,,Fase 2 (5° e 6° ano),2.0,-1,Moderada,,,
RA-638,Aluno-638,2024,11,Feminino,2021,3.0,Pública,2P,2,2P,Ágata,6.7464878789,10.0,5.0,5.7272727275,8.502,7.51,8.125,5.936666667,4.0,6.0,,Fase 2 (5° e 6° ano),2.0,0,Em fase,,,
RA-639,Aluno-639,2022,10,Feminino,2021,1.0,Escola Pública,1,1,P,Ágata,6.613,5.0,5.5,7.4,8.5,7.5,,6.611,3.2,7.8,,Fase 2 (5º e 6º ano),2.0,-1,Moderada,False,False,Não atendido
RA-639,Aluno-639,2023,11,Feminino,2021,2.0,Pública,FASE 2,2,2R,Ametista,7.5853,10.0,6.3,8.1,7.4,6.27,8.125,7.62,4.8,7.8,,Fase 2 (5° e 6° ano),2.0,0,Em fase,,,
RA-639,Aluno-639,2024,12,Feminino,2021,3.0,Pública,3P,3,3P,Quartzo,5.7693807644,10.0,3.8333333333333335,5.278195488666667,7.917,2.51,6.71875,6.1625,1.0,4.5,6.0,Fase 3 (7° e 8° ano),3.0,0,Em fase,,,
RA-64,Aluno-64,2022,16,Masculino,2019,3.0,Escola Pública,5,5,B,Ametista,7.368,5.0,7.5,8.1,7.1,8.1,,8.25,4.8,8.2,9.4,Fase 6 (2º EM),6.0,-1,Moderada,True,False,Sem limitações
RA-64,Aluno-64,2023,17,Feminino,2019,4.0,Privada - Programa de Apadrinhamento,FASE 6,6,6A,Ametista,7.452541667,5.0,6.7,9.2,7.5,6.89,7.34375,7.9625,7.0,6.0,7.2,Fase 7 (3° EM),7.0,-1,Moderada,,,
RA-64,Aluno-64,2024,18,Feminino,2021,3.0,Privada - Programa de Apadrinhamento,7A,7,7A,Topázio,8.743607059266667,10.0,8.166666666666666,8.980785296666667,10.002,8.135,8.4375,8.283333333,8.0,6.5,10.0,Fase 7 (3° EM),7.0,0,Em fase,,,
RA-640,Aluno-640,2022,11,Feminino,2022,0.0,Escola Pública,1,1,P,Ágata,6.73,5.0,4.8,8.4,9.0,7.5,,6.778,2.5,7.0,,Fase 2 (5º e 6º ano),2.0,-1,Moderada,False,False,Não atendido
RA-640,Aluno-640,2023,12,Feminino,2022,1.0,Pública,FASE 1,1,1P,Ágata,6.1105,5.0,4.9,7.3,0.0,7.52,7.291666667,8.446666667,4.0,5.8,,Fase 3 (7° e 8° ano),3.0,-2,Moderada,,,
RA-641,Aluno-641,2022,9,Feminino,2022,0.0,Escola Pública,1,1,P,Ametista,7.776,10.0,6.5,9.3,9.0,7.5,,6.778,4.5,8.5,,Fase 1 (4º ano),1.0,0,Em fase,False,False,Não atendido
RA-642,Aluno-642,2022,10,Feminino,2021,1.0,Escola Pública,1,1,P,Ametista,7.75,5.0,7.3,9.7,10.0,6.9,,7.778,7.0,7.7,,Fase 2 (5º e 6º ano),2.0,-1,Moderada,False,False,Sem limitações
RA-642,Aluno-642,2023,11,Feminino,2021,2.0,Pública,FASE 2,2,2R,Topázio,8.416866667,10.0,6.5,9.2,9.5,6.27,8.75,9.173333333,5.7,7.2,,Fase 2 (5° e 6° ano),2.0,0,Em fase,,,
RA-642,Aluno-642,2024,12,Feminino,2021,3.0,Pública,3P,3,3P,Ametista,7.082591269866667,10.0,4.0,9.149206349333333,9.585,3.76,7.1875,6.9975,2.0,5.0,5.0,Fase 3 (7° e 8° ano),3.0,0,Em fase,,,
RA-643,Aluno-643,2022,10,Masculino,2022,0.0,Escola Pública,1,1,P,Ágata,6.763,5.0,6.2,8.0,9.0,7.5,,6.722,6.3,6.0,,Fase 2 (5º e 6º ano),2.0,-1,Moderada,False,False,Não atendido
RA-643,Aluno-643,2023,11,Masculino,2022,1.0,Pública,FASE 1,1,1P,Ametista,7.389033333,5.0,7.1,8.2,9.5,7.52,6.041666667,7.613333333,7.0,7.2,,Fase 2 (5° e 6° ano),2.0,-1,Moderada,,,
RA-643,Aluno-643,2024,12,Masculino,2022,2.0,Pública,2P,2,2P,Ágata,6.402239075100001,5.0,4.5,6.8660287085,9.002,7.51,8.125,5.826666667,3.0,6.0,,Fase 3 (7° e 8° ano),3.0,-1,Moderada,,,
RA-644,Aluno-644,2022,11,Feminino,2021,1.0,Escola Pública,1,1,P,Ametista,7.83,5.0,8.8,8.0,9.5,7.5,,8.278,9.7,8.0,,Fase 2 (5º e 6º ano),2.0,-1,Moderada,True,False,Não atendido
RA-644,Aluno-644,2023,12,Feminino,2021,2.0,Pública,FASE 2,2,2P,Ágata,6.897033333,5.0,5.9,5.6,10.0,7.52,8.541666667,7.503333333,4.0,7.7,,Fase 3 (7° e 8° ano),3.0,-1,Moderada,,,
RA-645,Aluno-645,2022,10,Feminino,2022,0.0,Escola Pública,1,1,P,Ágata,6.086,5.0,2.0,8.1,8.5,7.5,,6.833,4.0,0.0,,Fase 2 (5º e 6º ano),2.0,-1,Moderada,False,False,Requer avaliação
RA-645,Aluno-645,2023,11,Feminino,2022,1.0,Pública,FASE 1,1,1R,Ametista,7.613033333,5.0,7.3,8.5,9.0,6.27,8.125,8.116666667,6.5,8.0,,Fase 2 (5° e 6° ano),2.0,-1,Moderada,,,
RA-645,Aluno-645,2024,12,Feminino,2022,2.0,Pública,2P,2,2P,Ametista,7.502239394,10.0,5.25,8.3863636365,7.418,7.51,7.708333333,7.556666667,3.0,7.5,,Fase 2 (5° e 6° ano),2.0,0,Em fase,,,
RA-646,Aluno-646,2022,13,Masculino,2019,3.0,Escola Pública,1,1,R,Topázio,8.181,5.0,8.4,9.8,8.5,8.1,,8.389,8.8,8.0,,Fase 3 (7º e 8º ano),3.0,-2,Moderada,True,True,Não atendido
RA-646,Aluno-646,2023,13,Masculino,2019,4.0,Pública,FASE 2,2,2P,Topázio,8.3547,5.0,8.4,8.9,10.0,7.52,8.958333333,8.783333333,8.2,8.5,,Fase 3 (7° e 8° ano),3.0,-1,Moderada,,,
RA-646,Aluno-646,2024,14,Masculino,2021,3.0,Pública,3P,3,3P,Ametista,7.715491666666668,5.0,6.166666666666667,9.266666666666667,10.002,7.51,8.28125,7.7475,9.0,4.5,5.0,Fase 4 (9° ano),4.0,-1,Moderada,,,
RA-647,Aluno-647,2022,10,Masculino,2022,0.0,Escola Pública,1,1,R,Ágata,6.606,5.0,3.3,8.6,9.5,7.5,,7.278,1.5,5.2,,Fase 2 (5º e 6º ano),2.0,-1,Moderada,False,False,Não atendido
RA-647,Aluno-647,2023,10,Feminino,2022,1.0,Privada - Programa de Apadrinhamento,FASE 1,1,1P,Ametista,7.100566667,5.0,5.2,8.7,7.3,6.27,7.708333333,8.446666667,4.7,5.7,,Fase 2 (5° e 6° ano),2.0,-1,Moderada,,,
RA-648,Aluno-648,2022,12,Masculino,2019,3.0,Escola Pública,1,1,R,Ágata,6.736,5.0,5.3,7.5,9.0,6.9,,7.5,5.0,5.5,,Fase 3 (7º e 8º ano),3.0,-2,Moderada,False,False,Sem limitações
RA-649,Aluno-649,2022,12,Feminino,2019,3.0,Escola Pública,1,1,R,Ametista,7.302,5.0,7.4,8.9,8.5,5.6,,7.611,6.3,8.5,,Fase 3 (7º e 8º ano),3.0,-2,Moderada,False,False,Requer avaliação
RA-649,Aluno-649,2023,13,Feminino,2019,4.0,Pública,FASE 2,2,2P,Ametista,7.579533333,5.0,6.5,9.3,9.0,3.77,8.75,8.836666667,3.8,9.2,,Fase 3 (7° e 8° ano),3.0,-1,Moderada,,,
RA-649,Aluno-649,2024,14,Feminino,2021,3.0,Pública,3R,3,3R,Ágata,6.985329691766667,10.0,3.6666666666666665,6.004481792666667,8.751,8.76,8.333333333,7.333333333,5.5,4.0,1.5,Fase 3 (7° e 8° ano),3.0,0,Em fase,,,
RA-65,Aluno-65,2022,17,Feminino,2022,0.0,Escola Pública,5,5,B,Ametista,7.712,5.0,9.3,7.7,8.3,7.5,,7.875,9.0,9.5,9.5,Fase 7 (3º EM),7.0,-2,Moderada,True,False,Não atendido
RA-650,Aluno-650,2022,11,Feminino,2021,1.0,Escola Pública,1,1,R,Ágata,7.004,5.0,6.9,8.7,6.9,5.6,,7.5,5.5,8.3,,Fase 2 (5º e 6º ano),2.0,-1,Moderada,False,False,Sem limitações
RA-651,Aluno-651,2022,10,Feminino,2022,0.0,Escola Pública,1,1,R,Ametista,7.866,5.0,7.8,9.3,8.5,7.5,,8.333,7.7,7.8,,Fase 2 (5º e 6º ano),2.0,-1,Moderada,True,False,Não atendido
RA-651,Aluno-651,2023,11,Feminino,2022,1.0,Pública,FASE 2,2,2P,Ametista,7.332,10.0,9.3,8.2,0.0,3.77,8.75,7.95,9.8,8.7,,Fase 2 (5° e 6° ano),2.0,0,Em fase,,,
RA-651,Aluno-651,2024,12,Feminino,2022,2.0,Pública,3K,3,3K,Topázio,8.689300000100001,10.0,7.5,10.0,9.168,7.51,8.541666667,8.336666667,10.0,6.0,6.5,Fase 2 (5° e 6° ano),2.0,1,Em fase,,,
RA-652,Aluno-652,2022,9,Feminino,2022,0.0,Escola Pública,1,1,R,Topázio,8.151,10.0,7.8,9.6,8.0,7.5,,7.5,7.0,8.5,,Fase 1 (4º ano),1.0,0,Em fase,False,False,Não atendido
RA-652,Aluno-652,2023,10,Feminino,2022,1.0,Pública,FASE 1,1,1P,Ametista,7.871033333,5.0,7.0,9.4,9.0,6.89,8.125,8.446666667,6.2,7.8,,Fase 2 (5° e 6° ano),2.0,-1,Moderada,,,
RA-652,Aluno-652,2024,11,Feminino,2022,2.0,Pública,2P,2,2P,Ametista,7.361896969700001,10.0,5.5,6.931818182000001,8.002,7.51,7.916666667,7.663333333,4.5,6.5,,Fase 2 (5° e 6° ano),2.0,0,Em fase,,,
RA-653,Aluno-653,2022,11,Feminino,2022,0.0,Escola Pública,1,1,R,Topázio,8.101,5.0,9.3,9.6,9.5,7.5,,7.5,9.5,9.0,,Fase 2 (5º e 6º ano),2.0,-1,Moderada,False,False,Não atendido
RA-653,Aluno-653,2023,12,Feminino,2022,1.0,Pública,FASE 2,2,2P,Ametista,7.385666667,5.0,7.9,9.8,0.0,6.27,9.166666667,9.06,7.7,8.0,,Fase 3 (7° e 8° ano),3.0,-1,Moderada,,,
RA-653,Aluno-653,2024,13,Feminino,2022,2.0,Pública,3R,3,3R,Topázio,8.103217647033333,10.0,5.166666666666667,9.537254901999999,8.751,8.76,8.333333333,7.89,6.5,4.5,4.5,Fase 3 (7° e 8° ano),3.0,0,Em fase,,,
RA-654,Aluno-654,2022,12,Feminino,2022,0.0,Escola Pública,1,1,R,Ametista,7.308,5.0,6.8,8.6,8.5,7.5,,7.556,5.5,8.0,,Fase 3 (7º e 8º ano),3.0,-2,Moderada,False,False,Não atendido
RA-655,Aluno-655,2022,12,Feminino,2019,3.0,Escola Pública,1,1,R,Ametista,7.785,5.0,8.3,9.2,7.5,7.5,,8.389,8.3,8.2,,Fase 3 (7º e 8º ano),3.0,-2,Moderada,True,True,Não atendido
RA-655,Aluno-655,2023,13,Feminino,2019,4.0,Pública,FASE 2,2,2P,Topázio,8.3198,5.0,8.3,9.9,7.4,7.52,9.166666667,8.896666667,7.2,9.3,,Fase 3 (7° e 8° ano),3.0,-1,Moderada,,,
RA-655,Aluno-655,2024,14,Feminino,2021,3.0,Pública,3R,3,3R,Topázio,8.238600000066668,10.0,6.833333333333333,10.0,7.501,8.76,8.125,7.166666667,8.0,4.0,8.5,Fase 3 (7° e 8° ano),3.0,0,Em fase,,,
RA-656,Aluno-656,2022,11,Feminino,2020,2.0,Escola Pública,1,1,R,Ágata,6.652,5.0,6.3,7.5,7.4,5.6,,7.5,5.0,7.5,,Fase 2 (5º e 6º ano),2.0,-1,Moderada,False,False,Requer avaliação
RA-656,Aluno-656,2023,12,Feminino,2020,3.0,Pública,FASE 2,2,2P,Ágata,6.780833333,5.0,7.3,8.9,0.0,7.52,8.541666667,7.173333333,5.8,8.8,,Fase 3 (7° e 8° ano),3.0,-1,Moderada,,,
RA-656,Aluno-656,2024,13,Feminino,2021,3.0,Pública,3R,3,3R,Ágata,6.668152941266667,10.0,4.166666666666667,5.978431372666667,9.168,7.51,7.5,6.106666667,5.0,3.5,4.0,Fase 3 (7° e 8° ano),3.0,0,Em fase,,,
RA-657,Aluno-657,2022,12,Feminino,2021,1.0,Escola Pública,1,1,R,Topázio,8.093,5.0,9.0,9.8,9.5,7.5,,7.5,9.0,9.0,,Fase 3 (7º e 8º ano),3.0,-2,Moderada,False,False,Não atendido
RA-657,Aluno-657,2023,12,Feminino,2021,2.0,Pública,FASE 2,2,2P,Topázio,8.3532,5.0,8.2,10.0,8.5,7.52,8.75,8.73,7.0,9.3,,Fase 3 (7° e 8° ano),3.0,-1,Moderada,,,
RA-657,Aluno-657,2024,13,Feminino,2021,3.0,Pública,3R,3,3R,Topázio,8.207433333400001,10.0,7.5,9.6,8.751,6.885,8.125,7.056666667,8.0,4.5,10.0,Fase 3 (7° e 8° ano),3.0,0,Em fase,,,
RA-658,Aluno-658,2022,10,Feminino,2022,0.0,Escola Pública,1,1,U,Ametista,7.407,5.0,5.6,9.3,10.0,7.5,,7.917,4.7,6.5,,Fase 2 (5º e 6º ano),2.0,-1,Moderada,False,False,Não atendido
RA-658,Aluno-658,2023,10,Feminino,2022,1.0,Pública,FASE 2,2,2U,Topázio,8.438533333,10.0,6.1,9.5,9.5,7.52,7.916666667,9.173333333,5.3,6.8,,Fase 2 (5° e 6° ano),2.0,0,Em fase,,,
RA-658,Aluno-658,2024,12,Feminino,2022,2.0,Pública,3M,3,3M,Ametista,7.507033333333333,10.0,3.6666666666666665,10.0,8.751,8.135,7.375,6.738,5.5,2.5,3.0,Fase 2 (5° e 6° ano),2.0,1,Em fase,,,
RA-659,Aluno-659,2022,10,Feminino,2022,0.0,Escola Pública,1,1,U,Ametista,7.783,5.0,9.3,7.8,8.0,7.5,,8.333,9.5,9.0,,Fase 2 (5º e 6º ano),2.0,-1,Moderada,False,False,Não atendido
RA-66,Aluno-66,2022,17,Feminino,2022,0.0,Escola Pública,5,5,B,Quartzo,5.665,5.0,4.5,5.6,7.5,7.5,,5.917,3.0,6.0,,Fase 7 (3º EM),7.0,-2,Moderada,False,False,Não atendido
RA-660,Aluno-660,2022,9,Feminino,2021,1.0,Escola Pública,1,1,U,Topázio,8.363,10.0,6.9,9.0,9.5,7.5,,9.083,5.8,8.0,,Fase 1 (4º ano),1.0,0,Em fase,False,True,Não atendido
RA-661,Aluno-661,2022,11,Masculino,2022,0.0,Escola Pública,1,1,U,Ametista,7.593,5.0,7.8,8.3,9.0,7.5,,7.917,8.3,7.3,,Fase 2 (5º e 6º ano),2.0,-1,Moderada,False,False,Não atendido
RA-661,Aluno-661,2023,11,Masculino,2022,1.0,Pública,FASE 2,2,2M,Ágata,6.846333333,10.0,6.5,7.7,0.0,6.89,7.5,7.836666667,4.3,8.7,,Fase 2 (5° e 6° ano),2.0,0,Em fase,,,
RA-662,Aluno-662,2022,11,Feminino,2022,0.0,Escola Pública,1,1,U,Ametista,7.044,5.0,6.8,8.8,9.0,7.5,,6.083,5.7,7.8,,Fase 2 (5º e 6º ano),2.0,-1,Moderada,False,False,Não atendido
RA-662,Aluno-662,2023,12,Feminino,2022,1.0,Pública,FASE 2,2,2U,Ágata,6.733566667,5.0,6.7,7.6,6.8,6.27,7.291666667,6.72,4.3,9.0,,Fase 3 (7° e 8° ano),3.0,-1,Moderada,,,
RA-662,Aluno-662,2024,13,Feminino,2022,2.0,Pública,3M,3,3M,Ametista,7.1074778554666675,10.0,4.166666666666667,7.6107226106666666,7.917,7.51,7.625,7.234,4.5,5.0,3.0,Fase 3 (7° e 8° ano),3.0,0,Em fase,,,
RA-663,Aluno-663,2022,10,Masculino,2022,0.0,Escola Pública,1,1,U,Ágata,6.376,5.0,5.8,8.7,6.9,7.5,,5.25,5.0,6.5,,Fase 2 (5º e 6º ano),2.0,-1,Moderada,False,False,Não atendido
RA-663,Aluno-663,2023,11,Masculino,2022,1.0,Pública,FASE 1,1,1L,Ágata,6.969133333,5.0,7.0,7.4,6.9,7.52,6.666666667,7.393333333,6.7,7.3,,Fase 2 (5° e 6° ano),2.0,-1,Moderada,,,
RA-663,Aluno-663,2024,12,Masculino,2022,2.0,Pública,2L,2,2L,Ágata,6.696419461700001,5.0,6.5,7.0910973085,8.502,5.625,6.875,6.89,6.0,7.0,,Fase 3 (7° e 8° ano),3.0,-1,Moderada,,,
RA-664,Aluno-664,2022,10,Feminino,2022,0.0,Escola Pública,1,1,U,Ametista,7.277,5.0,6.3,8.8,9.5,7.5,,7.167,5.0,7.5,,Fase 2 (5º e 6º ano),2.0,-1,Moderada,False,False,Não atendido
RA-664,Aluno-664,2023,11,Feminino,2022,1.0,Pública,FASE 1,1,1L,Topázio,8.0872,5.0,8.0,9.6,9.0,7.52,7.916666667,8.116666667,8.0,8.0,,Fase 2 (5° e 6° ano),2.0,-1,Moderada,,,
RA-664,Aluno-664,2024,12,Feminino,2022,2.0,Pública,2N,2,2N,Ametista,7.5017244089,10.0,5.75,6.7734553775,9.002,7.51,8.125,7.666666667,3.0,8.5,,Fase 2 (5° e 6° ano),2.0,0,Em fase,,,
RA-665,Aluno-665,2022,11,Feminino,2022,0.0,Escola Pública,1,1,U,Ágata,6.996,5.0,6.8,7.4,9.0,7.5,,7.25,6.5,7.0,,Fase 2 (5º e 6º ano),2.0,-1,Moderada,False,False,Não atendido
RA-665,Aluno-665,2023,11,Feminino,2022,1.0,Pública,FASE 1,1,1M,Ágata,6.185658333,5.0,5.2,4.9,9.5,2.52,8.28125,8.226666667,5.0,5.3,,Fase 2 (5° e 6° ano),2.0,-1,Moderada,,,
RA-665,Aluno-665,2024,12,Feminino,2022,2.0,Pública,2M,2,2M,Quartzo,5.698703030200001,5.0,4.75,5.068181818,8.334,5.63,7.5,5.443333333,3.0,6.5,,Fase 3 (7° e 8° ano),3.0,-1,Moderada,,,
RA-666,Aluno-666,2022,10,Masculino,2022,0.0,Escola Pública,1,1,U,Ametista,7.929,5.0,7.8,9.1,9.5,7.5,,8.833,8.0,7.5,,Fase 2 (5º e 6º ano),2.0,-1,Moderada,False,True,Não atendido
RA-666,Aluno-666,2023,11,Masculino,2022,1.0,Pública,FASE 2,2,2U,Topázio,8.720366667,10.0,7.1,9.1,9.5,7.52,8.541666667,9.62,6.7,7.5,,Fase 2 (5° e 6° ano),2.0,0,Em fase,,,
RA-666,Aluno-666,2024,12,Masculino,2022,2.0,Pública,3L,3,3L,Topázio,8.185838802933334,10.0,7.166666666666667,7.881527348,10.002,7.51,7.5,8.375,10.0,5.5,6.0,Fase 3 (7° e 8° ano),3.0,0,Em fase,,,
RA-667,Aluno-667,2022,11,Masculino,2021,1.0,Escola Pública,1,1,U,Quartzo,5.844,5.0,4.5,5.6,8.5,7.5,,5.833,3.7,5.3,,Fase 2 (5º e 6º ano),2.0,-1,Moderada,False,False,Não atendido
RA-667,Aluno-667,2023,12,Masculino,2021,2.0,Pública,FASE 2,2,2U,Ágata,6.774866667,5.0,5.2,6.9,9.0,6.89,7.083333333,7.836666667,3.0,7.3,,Fase 3 (7° e 8° ano),3.0,-1,Moderada,,,
RA-667,Aluno-667,2024,13,Masculino,2021,3.0,Pública,3M,3,3M,Ametista,7.177130604266668,10.0,4.666666666666667,7.038986354666666,9.168,7.51,7.75,6.966,5.5,4.5,4.0,Fase 3 (7° e 8° ano),3.0,0,Em fase,,,
RA-668,Aluno-668,2022,11,Masculino,2022,0.0,Escola Pública,1,1,U,Quartzo,4.365,5.0,2.8,3.3,6.9,7.5,,3.75,2.8,2.8,,Fase 2 (5º e 6º ano),2.0,-1,Moderada,False,False,Não atendido
RA-668,Aluno-668,2023,12,Masculino,2022,1.0,Pública,FASE 2,2,2K,Ágata,6.017933333,5.0,3.4,6.3,6.3,7.52,6.875,7.616666667,2.7,4.0,,Fase 3 (7° e 8° ano),3.0,-1,Moderada,,,
RA-669,Aluno-669,2022,11,Masculino,2022,0.0,Escola Pública,1,1,U,Ametista,7.475,5.0,6.0,9.7,9.0,7.5,,7.833,5.0,7.0,,Fase 2 (5º e 6º ano),2.0,-1,Moderada,False,False,Não atendido
RA-669,Aluno-669,2023,11,Masculino,2022,1.0,Pública,FASE 2,2,2U,Ametista,7.345033333,10.0,5.0,7.8,8.5,7.52,7.708333333,7.06,3.3,6.7,,Fase 2 (5° e 6° ano),2.0,0,Em fase,,,
RA-669,Aluno-669,2024,12,Masculino,2022,2.0,Pública,3K,3,3K,Ágata,6.6438703703,10.0,5.333333333333333,4.851851851666666,7.5,7.51,7.291666667,6.883333333,5.0,6.0,5.0,Fase 3 (7° e 8° ano),3.0,0,Em fase,,,
RA-67,Aluno-67,2022,16,Feminino,2019,3.0,Escola Pública,5,5,C,Quartzo,5.195,5.0,3.6,3.0,5.8,7.5,,6.889,3.0,4.2,3.5,Fase 6 (2º EM),6.0,-1,Moderada,False,False,Não atendido
RA-670,Aluno-670,2022,10,Feminino,2022,0.0,Escola Pública,1,1,U,Ametista,7.451,5.0,6.9,8.8,8.0,7.5,,8.167,6.5,7.3,,Fase 2 (5º e 6º ano),2.0,-1,Moderada,False,False,Não atendido
RA-670,Aluno-670,2023,11,Feminino,2022,1.0,Pública,FASE 2,2,2U,Topázio,8.6067,10.0,7.0,8.7,9.5,7.52,8.958333333,9.343333333,5.8,8.2,,Fase 2 (5° e 6° ano),2.0,0,Em fase,,,
RA-670,Aluno-670,2024,12,Feminino,2022,2.0,Privada - Programa de Apadrinhamento,3U,3,3U,Topázio,8.8602539683,10.0,8.666666666666666,9.441269841333334,9.585,7.51,8.958333333,8.166666667,9.0,7.0,10.0,Fase 2 (5° e 6° ano),2.0,1,Em fase,,,
RA-671,Aluno-671,2022,9,Masculino,2021,1.0,Escola Pública,0,0,A,Ametista,7.617,5.0,8.8,8.2,8.5,8.1,,7.417,8.8,8.8,,Fase 1 (4º ano),1.0,-1,Moderada,False,False,Sem limitações
RA-671,Aluno-671,2023,10,Masculino,2021,2.0,Pública,ALFA,0,ALFA G - G2/G3,Ágata,6.5143,5.0,7.8,8.3,7.9,3.14,5.625,5.68,8.0,7.5,,Fase 2 (5° e 6° ano),2.0,-2,Moderada,,,
RA-672,Aluno-672,2022,9,Feminino,2021,1.0,Escola Pública,0,0,A,Ametista,7.48,5.0,8.8,8.5,8.5,8.1,,6.75,8.5,9.1,,Fase 1 (4º ano),1.0,-1,Moderada,False,False,Não atendido
RA-672,Aluno-672,2023,10,Feminino,2021,2.0,Pública,ALFA,0,ALFA J - G2/G3,Ágata,6.5623,5.0,6.4,9.5,7.9,2.52,5.625,6.43,6.0,6.7,,Fase 2 (5° e 6° ano),2.0,-2,Moderada,,,
RA-672,Aluno-672,2024,11,Feminino,2021,3.0,Pública,1H,1,1H,Quartzo,4.2118138341,5.0,0.0,3.9525691700000003,7.918,6.26,6.041666667,4.496666667,0.0,0.0,,Fase 2 (5° e 6° ano),2.0,-1,Moderada,,,
RA-673,Aluno-673,2022,8,Feminino,2022,0.0,Escola Pública,0,0,A,Topázio,8.65,10.0,9.2,9.2,8.5,8.1,,8.583,9.4,8.9,,ALFA  (2º e 3º ano),,0,Em fase,True,True,Não atendido
RA-674,Aluno-674,2022,8,Masculino,2022,0.0,Escola Pública,0,0,A,Ametista,7.862,10.0,8.0,8.7,9.5,8.1,,6.333,8.9,7.0,,ALFA  (2º e 3º ano),,0,Em fase,False,False,Sem limitações
RA-674,Aluno-674,2023,9,Masculino,2022,1.0,Pública,ALFA,0,ALFA T - G2/G3,Ágata,6.6328,5.0,5.2,8.5,7.9,3.77,5.0,8.67,5.3,5.0,,Fase 1 (3° e 4° ano),1.0,-1,Moderada,,,
RA-675,Aluno-675,2022,8,Masculino,2022,0.0,Escola Pública,0,0,A,Ametista,7.576,10.0,7.4,6.6,10.0,8.1,,7.083,8.8,5.9,,ALFA  (2º e 3º ano),,0,Em fase,True,False,Não atendido
RA-675,Aluno-675,2023,8,Masculino,2022,1.0,Pública,ALFA,0,ALFA D - G2/G3,Topázio,8.3577,10.0,8.3,8.0,10.0,7.52,6.875,8.34,8.5,8.0,,ALFA (1° e 2° ano),,0,Em fase,,,
RA-676,Aluno-676,2022,9,Masculino,2021,1.0,Escola Pública,0,0,A,Ametista,7.911,5.0,9.3,8.6,8.5,8.1,,8.167,9.5,9.1,,Fase 1 (4º ano),1.0,-1,Moderada,True,False,Não atendido
RA-677,Aluno-677,2022,8,Feminino,2021,1.0,Escola Pública,0,0,B,Topázio,8.358,10.0,7.3,9.4,10.0,7.5,,8.583,7.7,6.8,,ALFA  (2º e 3º ano),,0,Em fase,False,True,Não atendido
RA-677,Aluno-677,2023,9,Feminino,2021,2.0,Pública,ALFA,0,ALFA T - G2/G3,Topázio,8.5257,5.0,8.7,8.2,10.0,10.0,6.875,9.84,9.0,8.3,,Fase 1 (3° e 4° ano),1.0,-1,Moderada,,,
RA-678,Aluno-678,2022,9,Masculino,2022,0.0,Escola Pública,0,0,B,Ametista,8.0,5.0,7.3,10.0,9.0,6.9,,9.5,7.5,7.0,,Fase 1 (4º ano),1.0,-1,Moderada,False,True,Sem limitações
RA-678,Aluno-678,2023,10,Masculino,2022,1.0,Pública,FASE 1,1,1B,Ametista,7.570158333,5.0,7.3,8.8,8.0,6.27,7.65625,8.336666667,6.8,7.7,,Fase 2 (5° e 6° ano),2.0,-1,Moderada,,,
RA-679,Aluno-679,2022,10,Masculino,2020,2.0,Escola Pública,0,0,B,Ametista,7.172,5.0,6.3,8.2,9.0,7.5,,7.833,6.7,5.8,,Fase 2 (5º e 6º ano),2.0,-2,Moderada,False,False,Sem limitações
RA-679,Aluno-679,2023,11,Masculino,2020,3.0,Pública,FASE 1,1,1J,Ágata,6.138366667,5.0,3.6,7.5,7.5,5.02,6.875,7.393333333,2.0,5.2,,Fase 2 (5° e 6° ano),2.0,-1,Moderada,,,
RA-68,Aluno-68,2022,16,Masculino,2019,3.0,Escola Pública,5,5,C,Ágata,6.438,5.0,4.0,6.0,8.3,7.5,,7.944,4.7,4.8,2.7,Fase 6 (2º EM),6.0,-1,Moderada,True,False,Não atendido
RA-680,Aluno-680,2022,10,Feminino,2019,3.0,Escola Pública,0,0,B,Ametista,7.518,5.0,7.4,8.8,9.5,7.5,,7.75,8.0,6.8,,Fase 2 (5º e 6º ano),2.0,-2,Moderada,False,False,Não atendido
RA-680,Aluno-680,2023,11,Feminino,2019,4.0,Pública,FASE 1,1,1B,Ágata,6.5855,5.0,6.4,9.1,0.0,7.52,6.875,7.78,5.2,7.5,,Fase 2 (5° e 6° ano),2.0,-1,Moderada,,,
RA-680,Aluno-680,2024,12,Feminino,2021,3.0,Pública,2A,2,2A,Quartzo,4.9800714287000005,5.0,3.0,6.6428571430000005,0.0,5.635,6.666666667,6.606666667,2.5,3.5,,Fase 3 (7° e 8° ano),3.0,-1,Moderada,,,
RA-681,Aluno-681,2022,10,Masculino,2022,0.0,Escola Pública,0,0,B,Ametista,7.204,5.0,6.5,8.5,8.5,6.9,,8.0,6.5,6.5,,Fase 2 (5º e 6º ano),2.0,-2,Moderada,False,False,Requer avaliação
RA-681,Aluno-681,2023,10,Masculino,2022,1.0,Pública,ALFA,0,ALFA E - G2/G3,Ágata,6.2955,5.0,8.3,7.8,0.0,3.77,5.625,8.18,8.8,7.8,,Fase 2 (5° e 6° ano),2.0,-2,Moderada,,,
RA-681,Aluno-681,2024,11,Masculino,2022,2.0,Privada,1C,1,1C,Ágata,6.0398818182000005,5.0,2.5,7.840909091,9.502,6.26,5.625,6.665,5.0,0.0,,Fase 2 (5° e 6° ano),2.0,-1,Moderada,,,
RA-682,Aluno-682,2022,11,Masculino,2022,0.0,Escola Pública,0,0,B,Ametista,7.625,5.0,7.0,9.1,9.5,7.5,,8.083,7.0,7.0,,Fase 2 (5º e 6º ano),2.0,-2,Moderada,False,False,Não atendido
RA-683,Aluno-683,2022,10,Masculino,2022,0.0,Escola Pública,0,0,C,Ágata,6.011,5.0,4.0,5.0,7.9,7.5,,8.083,8.0,0.0,,Fase 2 (5º e 6º ano),2.0,-2,Moderada,False,False,Não atendido
RA-684,Aluno-684,2022,7,Masculino,2022,0.0,Escola Pública,0,0,C,Topázio,8.26,10.0,9.3,7.5,9.5,8.1,,7.917,9.0,9.6,,ALFA  (2º e 3º ano),,0,Em fase,False,False,Não atendido
RA-684,Aluno-684,2023,8,Masculino,2022,1.0,Privada,ALFA,0,ALFA D - G2/G3,Ametista,7.4277,10.0,6.5,8.1,9.0,7.52,6.875,5.84,8.3,4.7,,ALFA (1° e 2° ano),,0,Em fase,,,
RA-684,Aluno-684,2024,9,Masculino,2022,2.0,Privada,1C,1,1C,Ametista,7.769381818200001,10.0,4.25,9.090909091,10.002,7.51,7.5,8.0,2.5,6.0,,Fase 1 (3° e 4° ano),1.0,0,Em fase,,,
RA-685,Aluno-685,2022,9,Masculino,2022,0.0,Escola Pública,0,0,C,Ágata,6.864,5.0,8.0,6.2,9.0,5.0,,7.833,8.0,8.0,,Fase 1 (4º ano),1.0,-1,Moderada,False,False,Não indicado
RA-686,Aluno-686,2022,9,Feminino,2022,0.0,Escola Pública,0,0,D,Ametista,7.729,5.0,8.8,8.6,7.5,8.1,,8.083,9.2,8.5,,Fase 1 (4º ano),1.0,-1,Moderada,False,False,Sem limitações
RA-686,Aluno-686,2023,10,Feminino,2022,1.0,Pública,FASE 1,1,1C,Ametista,7.9642,5.0,8.0,9.0,8.5,7.52,7.5,8.56,7.3,8.7,,Fase 2 (5° e 6° ano),2.0,-1,Moderada,,,
RA-686,Aluno-686,2024,11,Feminino,2022,2.0,Pública,2C,2,2C,Topázio,8.040259523700001,10.0,7.25,8.7857142855,8.002,6.885,8.4375,7.503333333,5.0,9.5,,Fase 2 (5° e 6° ano),2.0,0,Em fase,,,
RA-687,Aluno-687,2022,9,Masculino,2022,0.0,Escola Pública,0,0,D,Ametista,7.703,5.0,8.3,9.0,8.5,8.1,,8.0,9.0,7.5,,Fase 1 (4º ano),1.0,-1,Moderada,False,False,Sem limitações
RA-687,Aluno-687,2023,10,Masculino,2022,1.0,Pública,FASE 1,1,1A,Ametista,7.617533333,5.0,6.9,9.0,8.0,7.52,7.5,8.226666667,6.7,7.0,,Fase 2 (5° e 6° ano),2.0,-1,Moderada,,,
RA-687,Aluno-687,2024,11,Masculino,2022,2.0,Pública,2D,2,2D,Topázio,8.2739844611,10.0,7.25,9.2355889725,7.502,7.51,8.75,8.003333333,6.5,8.0,,Fase 2 (5° e 6° ano),2.0,0,Em fase,,,
RA-688,Aluno-688,2022,9,Masculino,2022,0.0,Escola Pública,0,0,D,Ametista,7.771,5.0,7.9,9.7,8.5,7.5,,7.917,8.0,7.8,,Fase 1 (4º ano),1.0,-1,Moderada,False,False,Sem limitações
RA-688,Aluno-688,2023,10,Masculino,2022,1.0,Pública,FASE 1,1,1A,Topázio,8.0442,5.0,8.6,9.3,8.5,7.52,7.5,8.06,8.2,9.0,,Fase 2 (5° e 6° ano),2.0,-1,Moderada,,,
RA-688,Aluno-688,2024,11,Masculino,2022,2.0,Pública,2B,2,2B,Topázio,8.986533333300002,10.0,7.5,10.0,9.502,8.13,8.333333333,9.45,6.0,9.0,,Fase 2 (5° e 6° ano),2.0,0,Em fase,,,
RA-689,Aluno-689,2022,9,Feminino,2022,0.0,Escola Pública,0,0,D,Ágata,6.433,5.0,5.8,7.9,7.4,5.6,,6.667,6.0,5.5,,Fase 1 (4º ano),1.0,-1,Moderada,False,False,Requer avaliação
RA-69,Aluno-69,2022,16,Masculino,2018,4.0,Escola Pública,5,5,C,Quartzo,5.718,5.0,2.5,6.1,8.3,7.5,,6.167,4.7,2.6,0.3,Fase 6 (2º EM),6.0,-1,Moderada,False,False,Sem limitações
RA-690,Aluno-690,2022,9,Feminino,2022,0.0,Escola Pública,0,0,D,Ametista,7.541,5.0,7.0,9.5,9.5,7.5,,7.417,7.2,6.8,,Fase 1 (4º ano),1.0,-1,Moderada,False,False,Requer avaliação
RA-690,Aluno-690,2023,10,Feminino,2022,1.0,Pública,ALFA,0,ALFA D - G2/G3,Topázio,8.6112,5.0,9.1,9.8,9.0,6.89,7.5,10.01,9.3,8.8,,Fase 2 (5° e 6° ano),2.0,-2,Moderada,,,
RA-690,Aluno-690,2024,11,Feminino,2022,2.0,Pública,1E,1,1E,Ametista,7.3853681818000005,5.0,6.25,8.409090909,7.918,7.51,8.4375,7.835,7.5,5.0,,Fase 2 (5° e 6° ano),2.0,-1,Moderada,,,
RA-691,Aluno-691,2022,8,Feminino,2022,0.0,Escola Pública,0,0,D,Topázio,8.68,10.0,9.4,9.2,10.0,8.1,,7.917,9.6,9.3,,ALFA  (2º e 3º ano),,0,Em fase,False,False,Sem limitações
RA-692,Aluno-692,2022,9,Feminino,2021,1.0,Escola Pública,0,0,D,Ametista,7.569,5.0,6.9,8.9,9.5,8.1,,7.917,7.0,6.8,,Fase 1 (4º ano),1.0,-1,Moderada,False,False,Sem limitações
RA-692,Aluno-692,2023,10,Feminino,2021,2.0,Privada,FASE 1,1,1C,Ágata,6.588466667,5.0,4.6,7.7,7.4,7.52,6.666666667,7.39,2.8,6.3,,Fase 2 (5° e 6° ano),2.0,-1,Moderada,,,
RA-693,Aluno-693,2022,7,Feminino,2022,0.0,Escola Pública,0,0,D,Ametista,7.944,10.0,5.7,9.8,9.5,8.1,,7.667,5.0,6.3,,ALFA  (2º e 3º ano),,0,Em fase,False,False,Sem limitações
RA-693,Aluno-693,2023,8,Feminino,2022,1.0,Pública,ALFA,0,ALFA D - G2/G3,Topázio,9.0112,10.0,8.5,9.4,10.0,6.89,7.5,10.01,8.2,8.7,,ALFA (1° e 2° ano),,0,Em fase,,,
RA-693,Aluno-693,2024,9,Feminino,2022,2.0,Pública,1C,1,1C,Topázio,8.9079954545,10.0,8.0,9.5227272725,10.002,9.38,7.8125,8.42,8.0,8.0,,Fase 1 (3° e 4° ano),1.0,0,Em fase,,,
RA-694,Aluno-694,2022,8,Masculino,2022,0.0,Escola Pública,0,0,D,Topázio,8.378,10.0,8.1,9.0,10.0,8.1,,7.917,8.2,8.0,,ALFA  (2º e 3º ano),,0,Em fase,False,False,Sem limitações
RA-695,Aluno-695,2022,8,Feminino,2021,1.0,Escola Pública,0,0,E,Quartzo,4.28,10.0,2.5,3.1,9.0,7.5,,2.5,2.2,2.8,,ALFA  (2º e 3º ano),,0,Em fase,False,False,Sem limitações
RA-696,Aluno-696,2022,9,Feminino,2021,1.0,Escola Pública,0,0,E,Ametista,7.441,5.0,6.6,9.0,8.5,7.5,,8.167,6.5,6.7,,Fase 1 (4º ano),1.0,-1,Moderada,False,False,Sem limitações
RA-696,Aluno-696,2023,9,Feminino,2021,2.0,Pública,FASE 1,1,1A,Ametista,7.172666667,10.0,6.7,9.4,0.0,5.02,7.5,8.503333333,5.2,8.2,,Fase 1 (3° e 4° ano),1.0,0,Em fase,,,
RA-696,Aluno-696,2024,10,Feminino,2021,3.0,Pública,2B,2,2B,Ametista,7.482680952299999,10.0,5.25,7.845238095,7.418,7.51,7.708333333,8.0,5.0,5.5,,Fase 2 (5° e 6° ano),2.0,0,Em fase,,,
RA-697,Aluno-697,2022,11,Masculino,2021,1.0,Escola Pública,0,0,E,Ametista,7.675,5.0,8.4,9.3,7.0,7.5,,8.083,8.8,8.0,,Fase 2 (5º e 6º ano),2.0,-2,Moderada,False,False,Sem limitações
RA-698,Aluno-698,2022,9,Masculino,2021,1.0,Escola Pública,0,0,E,Ametista,7.44,5.0,8.1,9.8,9.0,2.5,,8.083,8.0,8.2,,Fase 1 (4º ano),1.0,-1,Moderada,False,False,Requer avaliação
RA-698,Aluno-698,2023,9,Masculino,2021,2.0,Pública,FASE 1,1,1B,Ametista,7.553616667,10.0,5.7,9.9,8.5,2.52,7.1875,8.113333333,4.3,7.0,,Fase 1 (3° e 4° ano),1.0,0,Em fase,,,
RA-698,Aluno-698,2024,10,Masculino,2021,3.0,Pública,2A,2,2A,Ametista,7.3363190476,10.0,4.5,8.3214285715,9.002,6.88,7.291666667,7.273333333,3.0,6.0,,Fase 2 (5° e 6° ano),2.0,0,Em fase,,,
RA-699,Aluno-699,2022,9,Masculino,2022,0.0,Escola Pública,0,0,E,Ágata,6.658,5.0,7.1,9.2,5.2,7.5,,6.0,7.5,6.7,,Fase 1 (4º ano),1.0,-1,Moderada,False,False,Sem limitações
RA-699,Aluno-699,2023,10,Masculino,2022,1.0,Pública,FASE 1,1,1A,Ágata,6.389991667,5.0,6.0,8.3,8.5,3.77,5.78125,6.173333333,5.7,6.2,,Fase 2 (5° e 6° ano),2.0,-1,Moderada,,,
RA-699,Aluno-699,2024,11,Masculino,2022,2.0,Pública,1A,1,1A,Ágata,6.427771212000001,5.0,6.5,7.727272727000001,6.334,6.26,6.5625,5.833333333,7.0,6.0,,Fase 2 (5° e 6° ano),2.0,-1,Moderada,,,
RA-7,Aluno-7,2022,18,Masculino,2017,5.0,Rede Decisão,7,7,A,Ágata,6.818,5.0,7.6,8.4,0.0,7.5,,7.667,8.2,5.7,9.0,Fase 8 (Universitários),8.0,-1,Moderada,False,False,Sem limitações
RA-7,Aluno-7,2023,19,Masculino,2017,6.0,Privada *Parcerias com Bolsa 100%,FASE 8,8,8E,,,10.0,,,,,,,,,,Fase 8 (Universitários),8.0,0,Em fase,,,
RA-7,Aluno-7,2024,20,Masculino,2021,3.0,Privada *Parcerias com Bolsa 100%,8E,8,8E,,,10.0,,0.0,,,,,,,,Fase 8 (Universitários),8.0,0,Em fase,,,
RA-70,Aluno-70,2022,16,Feminino,2017,5.0,Escola Pública,5,5,C,Quartzo,5.712,5.0,2.9,6.6,8.8,5.0,,6.111,5.7,2.9,0.2,Fase 6 (2º EM),6.0,-1,Moderada,False,False,Sem limitações
RA-70,Aluno-70,2023,17,Feminino,2017,6.0,Pública,FASE 5,5,5C,Ágata,6.869133333,5.0,4.3,9.2,9.2,5.0,7.5,7.545,3.0,3.5,6.3,Fase 7 (3° EM),7.0,-2,Moderada,,,
RA-700,Aluno-700,2022,9,Feminino,2022,0.0,Escola Pública,0,0,F,Ametista,7.738,5.0,9.2,8.7,9.0,7.5,,7.083,9.2,9.2,,Fase 1 (4º ano),1.0,-1,Moderada,False,False,Não atendido
RA-700,Aluno-700,2023,9,Feminino,2022,1.0,Pública,ALFA,0,ALFA J - G2/G3,Topázio,8.2852,5.0,7.8,9.7,9.5,7.52,6.25,9.84,7.5,8.0,,Fase 1 (3° e 4° ano),1.0,-1,Moderada,,,
RA-700,Aluno-700,2024,11,Feminino,2022,2.0,Pública,1G,1,1G,Ametista,7.005745454500001,5.0,5.25,9.564393939,8.502,5.635,7.291666667,7.0,5.0,5.5,,Fase 2 (5° e 6° ano),2.0,-1,Moderada,,,
RA-701,Aluno-701,2022,10,Masculino,2021,1.0,Escola Pública,0,0,F,Ametista,7.755,5.0,8.7,9.3,9.0,7.5,,7.417,8.7,8.7,,Fase 2 (5º e 6º ano),2.0,-2,Moderada,False,False,Não indicado
RA-701,Aluno-701,2023,11,Masculino,2021,2.0,Pública,ALFA,0,ALFA J - G2/G3,Ametista,7.3982,5.0,7.2,9.9,9.5,3.77,6.25,7.68,7.3,7.0,,Fase 2 (5° e 6° ano),2.0,-2,Moderada,,,
RA-702,Aluno-702,2022,8,Feminino,2022,0.0,Escola Pública,0,0,F,Ametista,7.387,10.0,6.8,8.6,10.0,5.0,,7.0,7.0,6.7,,ALFA  (2º e 3º ano),,0,Em fase,False,False,Não indicado
RA-702,Aluno-702,2023,9,Feminino,2022,1.0,Pública,ALFA,0,ALFA F - G0/G1,Topázio,8.239866667,5.0,9.3,10.0,10.0,5.63,7.5,7.833333333,9.3,9.3,,Fase 1 (3° e 4° ano),1.0,-1,Moderada,,,
RA-702,Aluno-702,2024,10,Feminino,2022,2.0,Pública,ALFA,0,ALFA G - G2/G3,Ametista,7.665116666600001,5.0,9.25,9.75,9.002,2.51,7.8125,7.163333333,10.0,8.5,,Fase 2 (5° e 6° ano),2.0,-2,Moderada,,,
RA-703,Aluno-703,2022,10,Masculino,2021,1.0,Escola Pública,0,0,F,Ágata,6.099,5.0,5.1,7.4,7.5,5.0,,6.833,5.3,4.8,,Fase 2 (5º e 6º ano),2.0,-2,Moderada,False,False,Não indicado
RA-703,Aluno-703,2023,11,Masculino,2021,2.0,Pública,ALFA,0,ALFA T - G2/G3,Ágata,6.2737,5.0,4.6,8.4,9.5,3.14,6.875,6.16,4.8,4.3,,Fase 2 (5° e 6° ano),2.0,-2,Moderada,,,
RA-704,Aluno-704,2022,10,Masculino,2022,0.0,Escola Pública,0,0,F,Ágata,6.741,5.0,7.2,8.6,9.0,5.0,,6.583,7.7,6.6,,Fase 2 (5º e 6º ano),2.0,-2,Moderada,False,False,Não atendido
RA-704,Aluno-704,2023,11,Masculino,2022,1.0,Pública,ALFA,0,ALFA J - G2/G3,Ágata,6.8297,5.0,6.1,9.9,10.0,3.14,5.625,6.265,6.5,5.7,,Fase 2 (5° e 6° ano),2.0,-2,Moderada,,,
RA-704,Aluno-704,2024,12,Masculino,2022,2.0,Pública,1H,1,1H,Ágata,6.8121156785000005,5.0,6.5,8.646245059,7.502,5.635,6.458333333,6.616666667,6.0,7.0,,Fase 2 (5° e 6° ano),2.0,-1,Moderada,,,
RA-705,Aluno-705,2022,10,Masculino,2022,0.0,Escola Pública,0,0,F,Ágata,6.634,5.0,7.1,6.2,9.5,7.5,,6.333,7.0,7.2,,Fase 2 (5º e 6º ano),2.0,-2,Moderada,False,False,Não atendido
RA-705,Aluno-705,2023,10,Masculino,2022,1.0,Pública,ALFA,0,ALFA V - G0/G1,Ágata,6.982,5.0,8.8,8.3,0.0,6.89,7.5,8.165,8.9,8.6,,Fase 2 (5° e 6° ano),2.0,-2,Moderada,,,
RA-705,Aluno-705,2024,12,Masculino,2022,2.0,Pública,1H,1,1H,Quartzo,5.294247619100001,5.0,3.5,6.4285714285,9.002,5.005,5.625,4.226666667,2.0,5.0,,Fase 2 (5° e 6° ano),2.0,-1,Moderada,,,
RA-706,Aluno-706,2022,10,Feminino,2021,1.0,Escola Pública,0,0,F,Ametista,7.659,5.0,9.1,6.7,9.5,7.5,,8.417,9.1,9.1,,Fase 2 (5º e 6º ano),2.0,-2,Moderada,False,True,Não atendido
RA-706,Aluno-706,2023,10,Feminino,2021,2.0,Pública,ALFA,0,ALFA G - G2/G3,Ametista,7.1527,5.0,7.3,7.8,9.0,4.39,6.875,8.08,6.7,7.8,,Fase 2 (5° e 6° ano),2.0,-2,Moderada,,,
RA-706,Aluno-706,2024,11,Feminino,2021,3.0,Pública,2G,2,2G,Quartzo,5.8701964286,10.0,3.25,7.1428571430000005,0.0,6.26,7.65625,7.0,3.0,3.5,,Fase 2 (5° e 6° ano),2.0,0,Em fase,,,
RA-707,Aluno-707,2022,10,Feminino,2020,2.0,Escola Pública,0,0,F,Ametista,7.679,5.0,8.5,8.1,10.0,6.9,,8.083,8.8,8.2,,Fase 2 (5º e 6º ano),2.0,-2,Moderada,False,False,Não atendido
RA-707,Aluno-707,2023,11,Feminino,2020,3.0,Pública,FASE 1,1,1H,Ágata,6.518,5.0,6.5,9.8,0.0,3.77,7.916666667,7.946666667,5.5,7.5,,Fase 2 (5° e 6° ano),2.0,-1,Moderada,,,
RA-707,Aluno-707,2024,12,Feminino,2021,3.0,Pública,2G,2,2G,Ágata,6.4975618421000005,5.0,6.5,7.7236842105,7.917,4.375,6.40625,6.415,7.0,6.0,,Fase 3 (7° e 8° ano),3.0,-1,Moderada,,,
RA-708,Aluno-708,2022,9,Masculino,2022,0.0,Escola Pública,0,0,F,Ametista,7.282,5.0,7.3,8.4,8.0,7.5,,7.583,7.1,7.6,,Fase 1 (4º ano),1.0,-1,Moderada,False,False,Não atendido
RA-708,Aluno-708,2023,9,Masculino,2022,1.0,Pública,ALFA,0,ALFA F - G0/G1,Ametista,7.5105,5.0,9.2,9.8,0.0,7.52,8.125,8.28,8.8,9.5,,Fase 1 (3° e 4° ano),1.0,-1,Moderada,,,
RA-709,Aluno-709,2022,10,Feminino,2022,0.0,Escola Pública,0,0,F,Quartzo,5.313,5.0,2.3,3.5,9.5,7.5,,7.083,2.3,2.3,,Fase 2 (5º e 6º ano),2.0,-2,Moderada,False,False,Não atendido
RA-709,Aluno-709,2023,11,Feminino,2022,1.0,Pública,ALFA,0,ALFA G - G2/G3,Ágata,6.6927,5.0,4.9,7.9,10.0,7.52,5.625,6.59,5.5,4.3,,Fase 2 (5° e 6° ano),2.0,-2,Moderada,,,
RA-709,Aluno-709,2024,12,Feminino,2022,2.0,Pública,1H,1,1H,Ágata,6.833780895800001,5.0,6.0,7.994071146,7.418,7.51,6.875,6.773333333,6.0,6.0,,Fase 2 (5° e 6° ano),2.0,-1,Moderada,,,
RA-71,Aluno-71,2022,17,Feminino,2019,3.0,Escola Pública,5,5,C,Quartzo,4.332,5.0,1.2,2.0,7.9,7.5,,5.833,1.3,2.2,0.0,Fase 7 (3º EM),7.0,-2,Moderada,False,False,Não atendido
RA-71,Aluno-71,2023,18,Feminino,2019,4.0,Pública,FASE 6,6,6A,Ametista,7.3651,5.0,6.6,9.8,6.7,6.26,7.5,7.7125,7.3,5.5,7.0,Fase 8 (Universitários),8.0,-2,Moderada,,,
RA-710,Aluno-710,2022,10,Masculino,2020,2.0,Escola Pública,0,0,G,Ametista,7.285,5.0,6.9,8.9,9.5,5.0,,8.0,7.0,6.8,,Fase 2 (5º e 6º ano),2.0,-2,Moderada,False,False,Não atendido
RA-710,Aluno-710,2023,11,Masculino,2020,3.0,Pública,FASE 1,1,1J,Ametista,7.0582,5.0,6.5,9.0,9.5,3.77,7.083333333,7.113333333,5.7,7.3,,Fase 2 (5° e 6° ano),2.0,-1,Moderada,,,
RA-710,Aluno-710,2024,12,Masculino,2021,3.0,Pública,2G,2,2G,Ametista,7.0366241342,5.0,6.75,8.170995671,9.168,5.625,7.65625,6.5375,8.0,5.5,,Fase 3 (7° e 8° ano),3.0,-1,Moderada,,,
RA-711,Aluno-711,2022,9,Masculino,2022,0.0,Escola Pública,0,0,G,Ágata,6.04,5.0,3.5,7.9,9.0,6.3,,6.0,4.0,3.0,,Fase 1 (4º ano),1.0,-1,Moderada,False,False,Não atendido
RA-712,Aluno-712,2022,11,Masculino,2019,3.0,Escola Pública,0,0,G,Ágata,6.026,5.0,8.0,5.1,8.0,5.0,,5.833,8.7,7.3,,Fase 2 (5º e 6º ano),2.0,-2,Moderada,False,False,Não indicado
RA-712,Aluno-712,2023,12,Masculino,2019,4.0,Pública,FASE 1,1,1J,Ágata,6.331533333,5.0,6.7,5.6,9.5,3.14,7.5,6.836666667,5.5,7.8,,Fase 3 (7° e 8° ano),3.0,-2,Moderada,,,
RA-712,Aluno-712,2024,13,Masculino,2021,3.0,Pública,2H,2,2H,Ágata,6.2236373706000006,5.0,6.75,5.983436853,7.502,5.625,6.5625,6.04,7.0,6.5,,Fase 3 (7° e 8° ano),3.0,-1,Moderada,,,
RA-713,Aluno-713,2022,9,Masculino,2021,1.0,Escola Pública,0,0,G,Ametista,7.42,5.0,7.8,8.7,10.0,7.5,,7.25,8.0,7.7,,Fase 1 (4º ano),1.0,-1,Moderada,False,False,Não atendido
RA-713,Aluno-713,2023,10,Masculino,2021,2.0,Pública,FASE 1,1,1G,Ametista,7.408033333,5.0,7.5,9.6,8.0,3.77,6.875,8.166666667,6.7,8.2,,Fase 2 (5° e 6° ano),2.0,-1,Moderada,,,
RA-713,Aluno-713,2024,11,Masculino,2021,3.0,Pública,2H,2,2H,Ametista,7.467500983400001,10.0,6.75,7.525879916999999,8.002,7.51,7.03125,6.79,6.0,7.5,,Fase 2 (5° e 6° ano),2.0,0,Em fase,,,
RA-714,Aluno-714,2022,11,Masculino,2019,3.0,Escola Pública,0,0,G,Ágata,6.953,5.0,8.0,6.9,9.0,5.6,,7.25,8.5,7.5,,Fase 2 (5º e 6º ano),2.0,-2,Moderada,False,False,Não indicado
RA-714,Aluno-714,2023,12,Masculino,2019,4.0,Pública,FASE 1,1,1J,Ágata,6.078666667,5.0,7.4,8.0,0.0,3.14,7.5,7.223333333,6.7,8.0,,Fase 3 (7° e 8° ano),3.0,-2,Moderada,,,
RA-714,Aluno-714,2024,13,Masculino,2021,3.0,Pública,2H,2,2H,Quartzo,5.4653662008,5.0,4.0,6.873706004,0.0,6.255,7.65625,6.9975,8.0,0.0,,Fase 3 (7° e 8° ano),3.0,-1,Moderada,,,
RA-715,Aluno-715,2022,9,Feminino,2022,0.0,Escola Pública,0,0,G,Ágata,6.656,5.0,4.9,8.7,8.5,4.4,,7.917,4.8,5.0,,Fase 1 (4º ano),1.0,-1,Moderada,False,False,Não indicado
RA-715,Aluno-715,2023,10,Feminino,2022,1.0,Pública,ALFA,0,ALFA I - G2/G3,Quartzo,5.8915,5.0,5.4,9.5,0.0,3.14,5.625,7.675,4.5,6.3,,Fase 2 (5° e 6° ano),2.0,-2,Moderada,,,
RA-715,Aluno-715,2024,11,Feminino,2022,2.0,Pública,2I,2,2I,Quartzo,5.3098253133,10.0,2.75,5.250626566499999,9.002,3.755,5.0,4.67,2.0,3.5,,Fase 2 (5° e 6° ano),2.0,0,Em fase,,,
RA-716,Aluno-716,2022,9,Masculino,2022,0.0,Escola Pública,0,0,G,Ágata,6.525,5.0,6.7,8.1,8.9,7.5,,5.417,7.3,6.0,,Fase 1 (4º ano),1.0,-1,Moderada,False,False,Não atendido
RA-716,Aluno-716,2023,10,Masculino,2022,1.0,Pública,FASE 1,1,1G,Ágata,6.813366667,5.0,5.6,8.7,9.0,3.77,6.875,7.443333333,5.0,6.2,,Fase 2 (5° e 6° ano),2.0,-1,Moderada,,,
RA-716,Aluno-716,2024,11,Masculino,2022,2.0,Pública,1J,1,1J,Ágata,6.2372943675000005,5.0,5.75,5.5335968375,9.002,7.51,6.71875,5.7875,5.5,6.0,,Fase 2 (5° e 6° ano),2.0,-1,Moderada,,,
RA-717,Aluno-717,2022,10,Feminino,2021,1.0,Escola Pública,0,0,G,Ágata,6.832,5.0,5.4,7.3,9.0,7.5,,7.917,5.0,5.8,,Fase 2 (5º e 6º ano),2.0,-2,Moderada,False,False,Não atendido
RA-717,Aluno-717,2023,11,Feminino,2021,2.0,Pública,FASE 1,1,1G,Ágata,6.633833333,5.0,5.9,8.5,0.0,7.52,8.125,8.446666667,5.5,6.3,,Fase 2 (5° e 6° ano),2.0,-1,Moderada,,,
RA-718,Aluno-718,2022,8,Feminino,2022,0.0,Escola Pública,0,0,G,Topázio,8.093,10.0,9.2,8.9,8.0,6.3,,7.417,9.2,9.2,,ALFA  (2º e 3º ano),,0,Em fase,False,False,Sem limitações
RA-718,Aluno-718,2023,9,Feminino,2022,1.0,Pública,FASE 1,1,1G,Topázio,8.166866667,10.0,7.8,9.1,9.5,3.77,7.916666667,8.39,6.3,9.2,,Fase 1 (3° e 4° ano),1.0,0,Em fase,,,
RA-718,Aluno-718,2024,10,Feminino,2022,2.0,Pública,2I,2,2I,Topázio,8.705811111100001,10.0,9.5,9.5138888885,10.002,5.635,7.5,7.946666667,9.0,10.0,,Fase 1 (3° e 4° ano),1.0,1,Em fase,,,
RA-719,Aluno-719,2022,10,Feminino,2021,1.0,Escola Pública,0,0,G,Quartzo,5.552,5.0,4.2,4.6,9.0,7.5,,6.083,5.0,3.3,,Fase 2 (5º e 6º ano),2.0,-2,Moderada,False,False,Não atendido
RA-719,Aluno-719,2023,11,Masculino,2021,2.0,Pública,ALFA,0,ALFA J - G2/G3,Ágata,6.4137,5.0,5.9,5.3,9.5,7.52,5.625,7.095,7.0,4.7,,Fase 2 (5° e 6° ano),2.0,-2,Moderada,,,
RA-719,Aluno-719,2024,12,Masculino,2021,3.0,Pública,1J,1,1J,Ametista,7.1193969697,5.0,6.5,7.3484848485,10.002,7.51,7.5,6.7425,5.0,8.0,,Fase 2 (5° e 6° ano),2.0,-1,Moderada,,,
RA-72,Aluno-72,2022,17,Feminino,2022,0.0,Escola Pública,5,5,C,Ametista,7.64,5.0,7.8,7.5,8.3,7.5,,8.667,7.5,7.8,8.0,Fase 7 (3º EM),7.0,-2,Moderada,True,True,Não atendido
RA-720,Aluno-720,2022,9,Feminino,2021,1.0,Escola Pública,0,0,G,Ágata,6.731,5.0,7.6,5.9,8.0,7.5,,7.083,7.3,7.8,,Fase 1 (4º ano),1.0,-1,Moderada,False,False,Não atendido
RA-721,Aluno-721,2022,8,Feminino,2021,1.0,Escola Pública,0,0,G,Ametista,7.973,10.0,7.6,8.1,9.5,7.5,,7.917,8.2,7.0,,ALFA  (2º e 3º ano),,0,Em fase,False,False,Não atendido
RA-721,Aluno-721,2023,9,Feminino,2021,2.0,Pública,FASE 1,1,1G,Topázio,8.683366667,10.0,8.4,9.5,8.5,7.52,8.125,8.443333333,7.5,9.3,,Fase 1 (3° e 4° ano),1.0,0,Em fase,,,
RA-721,Aluno-721,2024,10,Feminino,2021,3.0,Pública,2G,2,2G,Topázio,8.8986026915,10.0,8.25,9.544513457499999,9.002,8.135,8.75,8.755,9.0,7.5,,Fase 2 (5° e 6° ano),2.0,0,Em fase,,,
RA-722,Aluno-722,2022,9,Feminino,2021,1.0,Escola Pública,0,0,G,Ametista,7.41,5.0,8.1,8.1,10.0,4.4,,8.333,7.8,8.3,,Fase 1 (4º ano),1.0,-1,Moderada,False,False,Sem limitações
RA-722,Aluno-722,2023,10,Feminino,2021,2.0,Pública,FASE 1,1,1N,Ametista,7.3387,5.0,6.4,9.6,8.5,2.52,8.125,8.67,4.5,8.2,,Fase 2 (5° e 6° ano),2.0,-1,Moderada,,,
RA-723,Aluno-723,2022,8,Feminino,2022,0.0,Escola Pública,0,0,H,Ametista,7.426,10.0,5.5,6.6,10.0,8.1,,8.167,5.3,5.7,,ALFA  (2º e 3º ano),,0,Em fase,False,False,Não atendido
RA-724,Aluno-724,2022,8,Feminino,2022,0.0,Escola Pública,0,0,H,Ágata,6.931,10.0,5.6,5.9,9.5,5.6,,8.0,2.9,8.3,,ALFA  (2º e 3º ano),,0,Em fase,False,False,Sem limitações
RA-725,Aluno-725,2022,8,Masculino,2022,0.0,Escola Pública,0,0,H,Ágata,6.33,10.0,5.0,5.9,8.0,8.1,,5.5,4.0,6.0,,ALFA  (2º e 3º ano),,0,Em fase,False,False,Não atendido
RA-725,Aluno-725,2023,9,Masculino,2022,1.0,Pública,ALFA,0,ALFA F - G0/G1,Topázio,8.117366667,5.0,8.4,9.0,9.5,7.52,8.125,8.113333333,8.1,8.7,,Fase 1 (3° e 4° ano),1.0,-1,Moderada,,,
RA-725,Aluno-725,2024,10,Masculino,2022,2.0,Pública,ALFA,0,ALFA G - G2/G3,Ametista,7.0900771929,5.0,7.25,7.6710526315,7.502,7.51,7.5,6.773333333,7.0,7.5,,Fase 1 (3° e 4° ano),1.0,-1,Moderada,,,
RA-726,Aluno-726,2022,7,Feminino,2022,0.0,Escola Pública,0,0,H,Ágata,6.985,10.0,4.4,7.5,10.0,7.5,,6.583,5.8,3.0,,ALFA  (2º e 3º ano),,0,Em fase,False,False,Não atendido
RA-726,Aluno-726,2023,8,Feminino,2022,1.0,Pública,ALFA,0,ALFA H - G0/G1,Ametista,7.3687,10.0,6.0,6.1,10.0,7.52,5.625,8.17,6.2,5.8,,ALFA (1° e 2° ano),,0,Em fase,,,
RA-727,Aluno-727,2022,8,Masculino,2022,0.0,Escola Pública,0,0,H,Ametista,7.736,10.0,8.4,7.7,9.0,8.1,,6.75,9.3,7.4,,ALFA  (2º e 3º ano),,0,Em fase,False,False,Não atendido
RA-727,Aluno-727,2023,9,Masculino,2022,1.0,Pública,ALFA,0,ALFA G - G2/G3,Ametista,7.6802,5.0,8.0,8.8,9.5,2.52,7.5,9.34,8.3,7.7,,Fase 1 (3° e 4° ano),1.0,-1,Moderada,,,
RA-727,Aluno-727,2024,10,Masculino,2022,2.0,Pública,1G,1,1G,Topázio,8.447003030300001,10.0,8.5,8.4848484845,10.002,6.26,8.125,8.056666667,10.0,7.0,,Fase 1 (3° e 4° ano),1.0,0,Em fase,,,
RA-728,Aluno-728,2022,8,Feminino,2022,0.0,Escola Pública,0,0,H,Topázio,8.244,10.0,9.1,7.3,9.5,8.1,,8.167,9.3,8.9,,ALFA  (2º e 3º ano),,0,Em fase,False,False,Não atendido
RA-729,Aluno-729,2022,8,Feminino,2022,0.0,Escola Pública,0,0,H,Topázio,8.155,10.0,8.1,8.7,10.0,8.1,,7.25,8.5,7.8,,ALFA  (2º e 3º ano),,0,Em fase,False,False,Não atendido
RA-729,Aluno-729,2023,9,Feminino,2022,1.0,Pública,ALFA,0,ALFA V - G0/G1,Ametista,7.26545,5.0,8.6,9.1,8.0,3.77,6.5625,7.01,8.2,8.9,,Fase 1 (3° e 4° ano),1.0,-1,Moderada,,,
RA-729,Aluno-729,2024,10,Feminino,2022,2.0,Pública,ALFA,0,ALFA J - G2/G3,Ágata,6.684533333300001,5.0,6.0,8.4166666665,8.002,2.51,7.5,7.5,6.0,6.0,,Fase 1 (3° e 4° ano),1.0,-1,Moderada,,,
RA-73,Aluno-73,2022,17,Feminino,2022,0.0,Escola Pública,5,5,C,Quartzo,5.271,5.0,3.3,3.0,7.1,7.5,,7.278,4.5,3.0,2.3,Fase 7 (3º EM),7.0,-2,Moderada,True,False,Não atendido
RA-730,Aluno-730,2022,10,Feminino,2021,1.0,Escola Pública,0,0,I,Ametista,7.902,5.0,8.3,8.2,10.0,8.8,,8.25,8.7,8.0,,Fase 2 (5º e 6º ano),2.0,-2,Moderada,False,False,Não atendido
RA-730,Aluno-730,2023,10,Feminino,2021,2.0,Privada,FASE 1,1,1F,Ametista,7.979325,5.0,7.8,8.7,10.0,5.02,9.53125,8.67,7.8,7.7,,Fase 2 (5° e 6° ano),2.0,-1,Moderada,,,
RA-730,Aluno-730,2024,11,Feminino,2021,3.0,Pública,2I,2,2I,Topázio,8.469255555700002,10.0,9.5,7.152777778,8.002,6.885,9.166666667,8.666666667,10.0,9.0,,Fase 2 (5° e 6° ano),2.0,0,Em fase,,,
RA-731,Aluno-731,2022,10,Feminino,2019,3.0,Escola Pública,0,0,I,Ametista,7.151,5.0,7.3,8.5,9.0,6.9,,7.083,7.3,7.2,,Fase 2 (5º e 6º ano),2.0,-2,Moderada,False,False,Requer avaliação
RA-731,Aluno-731,2023,11,Feminino,2019,4.0,Pública,FASE 1,1,1J,Ágata,6.7742,5.0,6.8,7.6,8.5,3.14,7.5,7.45,6.2,7.3,,Fase 2 (5° e 6° ano),2.0,-1,Moderada,,,
RA-731,Aluno-731,2024,12,Feminino,2021,3.0,Pública,2G,2,2G,Quartzo,4.7704873377000006,5.0,2.5,4.188311688500001,9.502,4.375,5.78125,4.835,0.0,5.0,,Fase 3 (7° e 8° ano),3.0,-1,Moderada,,,
RA-732,Aluno-732,2022,9,Masculino,2022,0.0,Escola Pública,0,0,I,Ametista,7.347,5.0,7.2,7.9,9.0,8.8,,7.5,7.5,6.8,,Fase 1 (4º ano),1.0,-1,Moderada,False,False,Não atendido
RA-733,Aluno-733,2022,9,Feminino,2022,0.0,Escola Pública,0,0,J,Ágata,6.684,5.0,5.1,8.5,9.5,5.6,,6.917,6.0,4.2,,Fase 1 (4º ano),1.0,-1,Moderada,False,False,Sem limitações
RA-733,Aluno-733,2023,9,Feminino,2022,1.0,Pública,FASE 1,1,1G,Topázio,8.3342,10.0,6.2,8.7,10.0,7.52,8.333333333,8.893333333,4.3,8.0,,Fase 1 (3° e 4° ano),1.0,0,Em fase,,,
RA-733,Aluno-733,2024,10,Feminino,2022,2.0,Pública,1J,1,1J,Topázio,8.808825,5.0,9.25,10.0,10.002,7.51,8.90625,9.085,9.0,9.5,,Fase 2 (5° e 6° ano),2.0,-1,Moderada,,,
RA-734,Aluno-734,2022,10,Feminino,2022,0.0,Escola Pública,0,0,J,Ágata,6.952,5.0,7.3,7.2,9.5,5.6,,7.417,8.0,6.5,,Fase 2 (5º e 6º ano),2.0,-2,Moderada,False,False,Sem limitações
RA-734,Aluno-734,2023,11,Feminino,2022,1.0,Pública,FASE 1,1,1A,Ametista,7.305908333,5.0,6.9,8.0,8.5,7.52,7.34375,7.446666667,6.8,7.0,,Fase 2 (5° e 6° ano),2.0,-1,Moderada,,,
RA-735,Aluno-735,2022,10,Feminino,2021,1.0,Escola Pública,0,0,J,Ametista,7.485,5.0,7.3,9.0,9.0,5.6,,8.583,7.8,6.7,,Fase 2 (5º e 6º ano),2.0,-2,Moderada,False,True,Sem limitações
RA-735,Aluno-735,2023,11,Feminino,2021,2.0,Pública,FASE 1,1,1J,Ametista,7.184,5.0,8.1,9.0,0.0,7.52,8.333333333,8.393333333,7.7,8.5,,Fase 2 (5° e 6° ano),2.0,-1,Moderada,,,
RA-735,Aluno-735,2024,12,Feminino,2021,3.0,Pública,2H,2,2H,Ametista,7.7888467391,5.0,8.0,9.782608695499999,8.002,6.255,7.65625,7.705,8.0,8.0,,Fase 3 (7° e 8° ano),3.0,-1,Moderada,,,
RA-736,Aluno-736,2022,10,Masculino,2022,0.0,Escola Pública,0,0,J,Ágata,6.707,5.0,5.4,8.5,9.0,5.6,,7.0,4.7,6.2,,Fase 2 (5º e 6º ano),2.0,-2,Moderada,False,False,Sem limitações
RA-736,Aluno-736,2023,10,Masculino,2022,1.0,Pública,FASE 1,1,1G,Ametista,7.600033333,5.0,6.7,9.5,8.5,6.27,7.708333333,8.11,4.8,8.5,,Fase 2 (5° e 6° ano),2.0,-1,Moderada,,,
RA-737,Aluno-737,2022,9,Feminino,2022,0.0,Escola Pública,0,0,J,Ametista,8.058,5.0,9.0,9.2,9.5,5.6,,9.167,8.5,9.5,,Fase 1 (4º ano),1.0,-1,Moderada,False,True,Sem limitações
RA-737,Aluno-737,2023,9,Feminino,2022,1.0,Pública,FASE 1,1,1J,Topázio,8.048033333,10.0,7.5,7.8,9.5,7.52,7.291666667,7.783333333,7.0,8.0,,Fase 1 (3° e 4° ano),1.0,0,Em fase,,,
RA-737,Aluno-737,2024,11,Feminino,2022,2.0,Pública,2H,2,2H,Topázio,8.4695488613,10.0,9.25,8.6542443065,8.502,6.885,7.5,8.0,9.0,9.5,,Fase 2 (5° e 6° ano),2.0,0,Em fase,,,
RA-738,Aluno-738,2022,8,Feminino,2022,0.0,Escola Pública,0,0,J,Ametista,7.227,10.0,5.7,8.1,8.5,5.6,,7.5,7.7,3.7,,ALFA  (2º e 3º ano),,0,Em fase,False,False,Sem limitações
RA-738,Aluno-738,2023,9,Feminino,2022,1.0,Pública,FASE 1,1,1F,Topázio,8.123283333,10.0,6.0,9.3,8.0,7.52,8.4375,8.336666667,4.2,7.8,,Fase 1 (3° e 4° ano),1.0,0,Em fase,,,
RA-738,Aluno-738,2024,10,Feminino,2022,2.0,Pública,1H,1,1H,Ametista,7.2626980238000005,5.0,7.25,7.292490119,10.002,6.885,6.875,7.39,7.5,7.0,,Fase 2 (5° e 6° ano),2.0,-1,Moderada,,,
RA-739,Aluno-739,2022,8,Masculino,2022,0.0,Escola Pública,0,0,J,Ágata,6.82,10.0,5.9,7.3,6.4,5.6,,7.083,6.0,5.8,,ALFA  (2º e 3º ano),,0,Em fase,False,False,Sem limitações
RA-739,Aluno-739,2023,9,Masculino,2022,1.0,Pública,ALFA,0,ALFA G - G2/G3,Ametista,7.5972,5.0,7.6,8.3,9.0,7.52,6.25,8.25,7.3,7.8,,Fase 1 (3° e 4° ano),1.0,-1,Moderada,,,
RA-74,Aluno-74,2022,16,Masculino,2022,0.0,Escola Pública,5,5,C,Quartzo,4.989,5.0,2.0,3.3,9.6,7.5,,5.833,6.0,0.0,0.0,Fase 6 (2º EM),6.0,-1,Moderada,False,False,Não atendido
RA-740,Aluno-740,2022,9,Feminino,2022,0.0,Escola Pública,0,0,J,Ametista,7.218,5.0,7.2,9.0,8.5,5.6,,7.5,7.3,7.0,,Fase 1 (4º ano),1.0,-1,Moderada,False,False,Sem limitações
RA-740,Aluno-740,2023,10,Feminino,2022,1.0,Privada,ALFA,0,ALFA G - G2/G3,Ametista,7.2845,5.0,9.1,8.7,0.0,7.52,6.875,8.925,9.0,9.2,,Fase 2 (5° e 6° ano),2.0,-2,Moderada,,,
RA-740,Aluno-740,2024,11,Feminino,2022,2.0,Privada,1H,1,1H,Topázio,8.1611005269,5.0,8.0,9.555335968,9.002,7.51,8.541666667,8.223333333,8.0,8.0,,Fase 2 (5° e 6° ano),2.0,-1,Moderada,,,
RA-741,Aluno-741,2022,10,Feminino,2022,0.0,Escola Pública,0,0,J,Ágata,6.896,5.0,6.3,8.4,9.5,5.6,,7.417,7.3,5.2,,Fase 2 (5º e 6º ano),2.0,-2,Moderada,False,False,Sem limitações
RA-741,Aluno-741,2023,11,Feminino,2022,1.0,Pública,ALFA,0,ALFA J - G2/G3,Ágata,6.2707,5.0,5.1,6.9,9.5,4.39,5.625,7.095,4.2,6.0,,Fase 2 (5° e 6° ano),2.0,-2,Moderada,,,
RA-741,Aluno-741,2024,12,Feminino,2022,2.0,Pública,1H,1,1H,Quartzo,5.0795885374,5.0,3.75,5.2964426875,8.418,5.005,5.833333333,4.223333333,3.5,4.0,,Fase 2 (5° e 6° ano),2.0,-1,Moderada,,,
RA-742,Aluno-742,2022,9,Feminino,2022,0.0,Escola Pública,0,0,J,Ametista,7.097,5.0,7.3,8.7,8.5,5.0,,7.5,8.3,6.2,,Fase 1 (4º ano),1.0,-1,Moderada,False,False,Sem limitações
RA-742,Aluno-742,2023,10,Feminino,2022,1.0,Pública,ALFA,0,ALFA I - G2/G3,Ametista,7.024,5.0,7.5,7.6,0.0,7.52,7.5,10.01,6.2,8.8,,Fase 2 (5° e 6° ano),2.0,-2,Moderada,,,
RA-743,Aluno-743,2022,9,Feminino,2022,0.0,Escola Pública,0,0,J,Ágata,6.672,5.0,4.8,7.9,10.0,5.6,,7.5,4.8,4.8,,Fase 1 (4º ano),1.0,-1,Moderada,False,False,Sem limitações
RA-743,Aluno-743,2023,10,Feminino,2022,1.0,Pública,ALFA,0,ALFA E - G2/G3,Ágata,6.659,5.0,7.1,9.1,0.0,3.77,7.5,9.01,7.3,6.8,,Fase 2 (5° e 6° ano),2.0,-2,Moderada,,,
RA-743,Aluno-743,2024,11,Feminino,2022,2.0,Pública,1C,1,1C,Ametista,7.655745454500001,5.0,7.0,9.2727272725,9.002,7.51,7.5,7.5,6.5,7.5,,Fase 2 (5° e 6° ano),2.0,-1,Moderada,,,
RA-744,Aluno-744,2022,8,Feminino,2022,0.0,Escola Pública,0,0,J,Ametista,7.742,10.0,6.2,9.7,9.5,5.6,,7.5,6.0,6.3,,ALFA  (2º e 3º ano),,0,Em fase,False,False,Sem limitações
RA-745,Aluno-745,2022,9,Masculino,2021,1.0,Rede Decisão,0,0,J,Ametista,7.382,5.0,8.1,8.5,9.0,5.6,,7.75,8.5,7.7,,Fase 1 (4º ano),1.0,-1,Moderada,False,False,Sem limitações
RA-745,Aluno-745,2023,10,Masculino,2021,2.0,Privada - Programa de Apadrinhamento,FASE 1,1,1G,Ametista,7.668366667,5.0,7.0,9.3,9.5,3.77,8.125,8.893333333,5.7,8.2,,Fase 2 (5° e 6° ano),2.0,-1,Moderada,,,
RA-745,Aluno-745,2024,11,Masculino,2021,3.0,Privada - Programa de Apadrinhamento,2I,2,2I,Topázio,8.6102,10.0,8.5,10.0,9.002,6.26,7.5,8.17,8.0,9.0,,Fase 2 (5° e 6° ano),2.0,0,Em fase,,,
RA-746,Aluno-746,2022,8,Masculino,2022,0.0,Escola Pública,0,0,J,Ametista,7.656,10.0,7.2,9.1,8.0,5.6,,7.417,7.7,6.7,,ALFA  (2º e 3º ano),,0,Em fase,False,False,Sem limitações
RA-746,Aluno-746,2023,9,Masculino,2022,1.0,Pública,FASE 1,1,1G,Ágata,6.517166667,10.0,7.2,8.0,0.0,3.77,6.875,7.113333333,6.0,8.3,,Fase 1 (3° e 4° ano),1.0,0,Em fase,,,
RA-746,Aluno-746,2024,10,Masculino,2022,2.0,Pública,2I,2,2I,Ametista,7.903311111100001,10.0,8.0,7.4305555555,8.502,7.51,7.5,7.33,8.0,8.0,,Fase 2 (5° e 6° ano),2.0,0,Em fase,,,
RA-747,Aluno-747,2022,11,Feminino,2022,0.0,Escola Pública,0,0,K,Ametista,7.676,5.0,8.8,7.6,10.0,7.5,,7.917,8.2,9.4,,Fase 2 (5º e 6º ano),2.0,-2,Moderada,True,False,Não atendido
RA-747,Aluno-747,2023,11,Feminino,2022,1.0,Pública,FASE 1,1,1L,Ágata,6.026366667,5.0,3.1,8.0,10.0,3.14,6.041666667,6.94,1.2,5.0,,Fase 2 (5° e 6° ano),2.0,-1,Moderada,,,
RA-747,Aluno-747,2024,12,Feminino,2022,2.0,Pública,1K,1,1K,Quartzo,5.8450809523,5.0,2.25,8.095238095,10.002,5.005,7.083333333,5.335,4.5,0.0,,Fase 3 (7° e 8° ano),3.0,-2,Moderada,,,
RA-748,Aluno-748,2022,9,Masculino,2022,0.0,Escola Pública,0,0,K,Topázio,8.084,5.0,9.1,9.0,10.0,7.5,,8.25,9.6,8.6,,Fase 1 (4º ano),1.0,-1,Moderada,True,False,Não atendido
RA-748,Aluno-748,2023,10,Masculino,2022,1.0,Pública,ALFA,0,ALFA O - G2/G3,Topázio,8.7142,5.0,9.1,9.7,9.5,7.52,7.5,10.01,9.0,9.2,,Fase 2 (5° e 6° ano),2.0,-2,Moderada,,,
RA-748,Aluno-748,2024,11,Masculino,2021,3.0,Pública,1K,1,1K,Topázio,8.2272,5.0,7.75,10.0,9.502,7.51,8.75,8.005,7.5,8.0,,Fase 2 (5° e 6° ano),2.0,-1,Moderada,,,
RA-749,Aluno-749,2022,9,Masculino,2022,0.0,Escola Pública,0,0,K,Ametista,7.484,5.0,8.8,7.7,9.5,7.5,,7.25,9.5,8.1,,Fase 1 (4º ano),1.0,-1,Moderada,False,False,Não atendido
RA-749,Aluno-749,2023,9,Masculino,2022,1.0,Pública,ALFA,0,ALFA O - G2/G3,Ametista,7.7597,5.0,7.3,9.0,10.0,7.52,5.625,8.425,7.3,7.3,,Fase 1 (3° e 4° ano),1.0,-1,Moderada,,,
RA-749,Aluno-749,2024,10,Masculino,2022,2.0,Pública,ALFA,0,ALFA O - G2/G3,Topázio,8.3373184211,5.0,8.75,9.7368421055,9.502,8.13,8.4375,7.665,10.0,7.5,,Fase 2 (5° e 6° ano),2.0,-2,Moderada,,,
RA-75,Aluno-75,2022,16,Feminino,2022,0.0,Escola Pública,5,5,F,Quartzo,3.915,5.0,0.0,3.8,5.4,6.3,,4.625,0.0,0.0,,Fase 6 (2º EM),6.0,-1,Moderada,False,False,Sem limitações
RA-750,Aluno-750,2022,10,Masculino,2019,3.0,Escola Pública,0,0,K,Ágata,6.344,5.0,6.8,8.9,9.5,4.4,,5.167,7.1,6.4,,Fase 2 (5º e 6º ano),2.0,-2,Moderada,False,False,Não indicado
RA-750,Aluno-750,2023,11,Masculino,2019,4.0,Pública,ALFA,0,ALFA U - G2/G3,Quartzo,5.6857,5.0,3.4,7.7,9.5,3.14,4.375,6.32,3.3,3.5,,Fase 2 (5° e 6° ano),2.0,-2,Moderada,,,
RA-750,Aluno-750,2024,12,Masculino,2021,3.0,Pública,1B,1,1B,Quartzo,4.542230369,5.0,3.75,5.938735178,6.249,4.38,4.0625,3.176666667,0.5,7.0,,Fase 3 (7° e 8° ano),3.0,-2,Moderada,,,
RA-751,Aluno-751,2022,11,Masculino,2022,0.0,Escola Pública,0,0,K,Quartzo,5.246,5.0,3.8,5.8,8.5,7.5,,6.167,2.7,4.9,,Fase 2 (5º e 6º ano),2.0,-2,Moderada,False,False,Não atendido
RA-752,Aluno-752,2022,11,Feminino,2022,0.0,Escola Pública,0,0,K,Topázio,8.197,5.0,9.5,9.0,10.0,7.5,,8.417,9.6,9.4,,Fase 2 (5º e 6º ano),2.0,-2,Moderada,True,True,Não atendido
RA-752,Aluno-752,2023,11,Feminino,2022,1.0,Pública,FASE 1,1,1N,Topázio,8.073825,5.0,6.4,9.9,9.5,7.52,7.65625,9.23,4.8,8.0,,Fase 2 (5° e 6° ano),2.0,-1,Moderada,,,
RA-752,Aluno-752,2024,12,Feminino,2022,2.0,Pública,2U,2,2U,Ágata,6.57279265,5.0,5.75,7.525879916999999,9.502,7.51,5.9375,5.613333333,7.0,4.5,,Fase 3 (7° e 8° ano),3.0,-1,Moderada,,,
RA-753,Aluno-753,2022,8,Feminino,2022,0.0,Escola Pública,0,0,K,Topázio,8.481,10.0,9.1,8.6,9.5,7.5,,8.417,9.4,8.8,,ALFA  (2º e 3º ano),,0,Em fase,True,True,Não atendido
RA-753,Aluno-753,2023,9,Feminino,2022,1.0,Pública,ALFA,0,ALFA O - G2/G3,Topázio,8.6672,5.0,9.0,9.9,9.0,7.52,7.5,9.925,9.0,9.0,,Fase 1 (3° e 4° ano),1.0,-1,Moderada,,,
RA-753,Aluno-753,2024,10,Feminino,2022,2.0,Pública,1K,1,1K,Topázio,8.2450571429,5.0,8.5,9.047619048,10.002,7.51,8.333333333,8.255,9.0,8.0,,Fase 2 (5° e 6° ano),2.0,-1,Moderada,,,
RA-754,Aluno-754,2022,9,Masculino,2022,0.0,Escola Pública,0,0,K,Ágata,6.602,5.0,7.9,5.8,10.0,4.4,,6.917,7.8,8.1,,Fase 1 (4º ano),1.0,-1,Moderada,False,False,Não indicado
RA-754,Aluno-754,2023,10,Masculino,2022,1.0,Pública,ALFA,0,ALFA M - G0/G1,Ágata,6.0537,5.0,5.6,6.1,9.5,2.52,6.875,6.67,5.7,5.4,,Fase 2 (5° e 6° ano),2.0,-2,Moderada,,,
RA-754,Aluno-754,2024,11,Masculino,2022,2.0,Pública,ALFA,0,ALFA L - G2/G3,Quartzo,5.6127,5.0,6.25,6.25,8.502,5.625,2.5,4.75,6.0,6.5,,Fase 2 (5° e 6° ano),2.0,-2,Moderada,,,
RA-755,Aluno-755,2022,8,Masculino,2022,0.0,Escola Pública,0,0,K,Topázio,8.566,10.0,9.5,9.2,9.5,6.9,,8.083,9.8,9.3,,ALFA  (2º e 3º ano),,0,Em fase,True,False,Não atendido
RA-755,Aluno-755,2023,9,Masculino,2022,1.0,Pública,ALFA,0,ALFA O - G2/G3,Topázio,8.7442,5.0,9.2,9.5,10.0,7.52,7.5,10.01,9.2,9.2,,Fase 1 (3° e 4° ano),1.0,-1,Moderada,,,
RA-755,Aluno-755,2024,10,Masculino,2022,2.0,Pública,1M,1,1M,Topázio,8.925450000000001,5.0,9.75,10.0,10.002,7.51,9.0625,9.09,10.0,9.5,,Fase 2 (5° e 6° ano),2.0,-1,Moderada,,,
RA-756,Aluno-756,2022,9,Masculino,2022,0.0,Escola Pública,0,0,K,Ágata,6.976,5.0,5.7,7.9,10.0,7.5,,7.25,5.6,5.8,,Fase 1 (4º ano),1.0,-1,Moderada,False,False,Não atendido
RA-756,Aluno-756,2023,10,Masculino,2022,1.0,Pública,ALFA,0,ALFA K - G0/G1,Ametista,7.0927,5.0,6.1,8.7,10.0,7.52,5.625,6.59,5.4,6.8,,Fase 2 (5° e 6° ano),2.0,-2,Moderada,,,
RA-756,Aluno-756,2024,11,Masculino,2022,2.0,Pública,ALFA,0,ALFA L - G2/G3,Ametista,7.361700000000001,5.0,5.5,8.75,10.002,7.51,8.125,7.24,10.0,1.0,,Fase 2 (5° e 6° ano),2.0,-2,Moderada,,,
RA-757,Aluno-757,2022,9,Feminino,2022,0.0,Escola Pública,0,0,K,Topázio,8.26,5.0,9.7,9.3,9.5,7.5,,8.5,9.9,9.6,,Fase 1 (4º ano),1.0,-1,Moderada,True,True,Não atendido
RA-757,Aluno-757,2023,10,Feminino,2022,1.0,Pública,ALFA,0,ALFA O - G2/G3,Topázio,8.6742,5.0,9.3,9.6,9.0,7.52,7.5,10.01,9.5,9.0,,Fase 2 (5° e 6° ano),2.0,-2,Moderada,,,
RA-757,Aluno-757,2024,11,Feminino,2022,2.0,Pública,1K,1,1K,Ametista,7.938842857200001,5.0,7.0,9.285714286000001,9.502,7.51,8.125,8.34,6.5,7.5,,Fase 2 (5° e 6° ano),2.0,-1,Moderada,,,
RA-758,Aluno-758,2022,9,Masculino,2022,0.0,Escola Pública,0,0,L,Ametista,7.911,5.0,8.1,9.1,9.0,7.5,,8.333,8.0,8.2,,Fase 1 (4º ano),1.0,-1,Moderada,False,False,Não atendido
RA-759,Aluno-759,2022,10,Feminino,2021,1.0,Escola Pública,0,0,L,Ametista,7.563,5.0,7.5,8.6,9.0,7.5,,7.833,8.3,6.7,,Fase 2 (5º e 6º ano),2.0,-2,Moderada,False,False,Não atendido
RA-76,Aluno-76,2022,15,Feminino,2017,5.0,Rede Decisão,5,5,F,Topázio,9.105,10.0,8.7,9.1,10.0,8.1,,9.292,9.3,8.3,8.4,Fase 5 (1º EM),5.0,0,Em fase,False,True,Sem limitações
RA-76,Aluno-76,2023,15,Feminino,2017,6.0,Privada *Parcerias com Bolsa 100%,FASE 7,7,7E,,,10.0,,,10.0,2.52,,,,,,Fase 5 (1° EM),5.0,2,Em fase,,,
RA-76,Aluno-76,2024,16,Feminino,2021,3.0,Privada *Parcerias com Bolsa 100%,7E,7,7E,Topázio,8.152033333333334,10.0,7.066666666666666,9.0,10.002,6.885,7.5,7.5,7.3,7.8,6.1,Fase 5 (1° EM),5.0,2,Em fase,,,
RA-760,Aluno-760,2022,11,Masculino,2021,1.0,Escola Pública,0,0,L,Topázio,8.172,5.0,8.8,9.2,9.0,7.5,,8.917,9.3,8.2,,Fase 2 (5º e 6º ano),2.0,-2,Moderada,False,True,Não atendido
RA-760,Aluno-760,2023,12,Masculino,2021,2.0,Pública,FASE 2,2,2L,Ágata,6.548333333,5.0,6.3,8.8,0.0,7.52,7.083333333,7.84,5.8,6.8,,Fase 3 (7° e 8° ano),3.0,-1,Moderada,,,
RA-760,Aluno-760,2024,13,Masculino,2021,3.0,Pública,3M,3,3M,Ágata,6.942581818200001,10.0,5.0,7.090909091,9.168,7.51,6.25,6.158,2.5,3.5,9.0,Fase 3 (7° e 8° ano),3.0,0,Em fase,,,
RA-761,Aluno-761,2022,9,Masculino,2022,0.0,Escola Pública,0,0,L,Topázio,8.06,5.0,8.2,9.4,10.0,7.5,,8.25,8.8,7.5,,Fase 1 (4º ano),1.0,-1,Moderada,False,False,Não atendido
RA-761,Aluno-761,2023,10,Masculino,2022,1.0,Pública,FASE 1,1,1L,Topázio,8.219533333,5.0,8.4,9.7,9.0,7.52,8.333333333,8.12,8.7,8.0,,Fase 2 (5° e 6° ano),2.0,-1,Moderada,,,
RA-761,Aluno-761,2024,11,Masculino,2022,2.0,Pública,2M,2,2M,Topázio,8.174593939300001,10.0,7.25,8.8636363635,8.502,6.26,8.75,8.003333333,8.0,6.5,,Fase 2 (5° e 6° ano),2.0,0,Em fase,,,
RA-762,Aluno-762,2022,12,Masculino,2022,0.0,Escola Pública,0,0,L,Ametista,7.28,2.5,6.7,9.7,10.0,7.5,,7.083,7.3,6.0,,Fase 3 (7º e 8º ano),3.0,-3,Severa,False,False,Não atendido
RA-762,Aluno-762,2023,13,Masculino,2022,1.0,Pública,FASE 1,1,1K,Ametista,7.09945,5.0,5.8,9.1,10.0,3.14,7.8125,7.67,6.2,5.3,,Fase 3 (7° e 8° ano),3.0,-2,Moderada,,,
RA-762,Aluno-762,2024,14,Masculino,2022,2.0,Pública,2K,2,2K,Quartzo,5.9677326087,5.0,3.75,6.4239130435,10.002,6.26,6.5625,5.7525,4.0,3.5,,Fase 4 (9° ano),4.0,-2,Moderada,,,
RA-763,Aluno-763,2022,10,Feminino,2021,1.0,Escola Pública,0,0,L,Ametista,7.402,5.0,6.5,9.7,9.5,7.5,,7.167,6.3,6.7,,Fase 2 (5º e 6º ano),2.0,-2,Moderada,False,False,Não atendido
RA-763,Aluno-763,2023,10,Feminino,2021,2.0,Pública,ALFA,0,ALFA O - G2/G3,Ágata,6.7215,5.0,7.9,9.2,0.0,3.14,6.875,9.0,7.8,8.0,,Fase 2 (5° e 6° ano),2.0,-2,Moderada,,,
RA-763,Aluno-763,2024,11,Feminino,2021,3.0,Pública,1N,1,1N,Ágata,6.984760606,5.0,5.25,8.8636363635,9.002,6.26,7.708333333,6.825,6.5,4.0,,Fase 2 (5° e 6° ano),2.0,-1,Moderada,,,
RA-764,Aluno-764,2022,8,Masculino,2022,0.0,Escola Pública,0,0,L,Ametista,8.004,10.0,7.5,8.8,9.0,7.5,,7.667,7.2,7.8,,ALFA  (2º e 3º ano),,0,Em fase,False,False,Não atendido
RA-764,Aluno-764,2023,9,Masculino,2022,1.0,Pública,FASE 1,1,1N,Ametista,7.682125,10.0,7.8,9.2,0.0,7.52,8.28125,8.56,6.0,9.5,,Fase 1 (3° e 4° ano),1.0,0,Em fase,,,
RA-764,Aluno-764,2024,10,Masculino,2022,2.0,Privada,2N,2,2N,Ametista,7.838370289900001,10.0,6.0,7.8804347825,8.002,7.51,8.4375,8.336666667,3.0,9.0,,Fase 2 (5° e 6° ano),2.0,0,Em fase,,,
RA-765,Aluno-765,2022,9,Masculino,2022,0.0,Escola Pública,0,0,L,Ágata,6.902,5.0,4.3,9.3,8.5,7.5,,7.417,5.0,3.7,,Fase 1 (4º ano),1.0,-1,Moderada,False,False,Não atendido
RA-766,Aluno-766,2022,11,Feminino,2020,2.0,Escola Pública,0,0,L,Topázio,8.185,5.0,8.7,9.5,10.0,7.5,,8.333,8.5,8.8,,Fase 2 (5º e 6º ano),2.0,-2,Moderada,False,False,Não atendido
RA-766,Aluno-766,2023,11,Feminino,2020,3.0,Pública,FASE 1,1,1K,Topázio,8.008408333,5.0,8.7,8.7,10.0,4.39,9.21875,8.336666667,9.2,8.2,,Fase 2 (5° e 6° ano),2.0,-1,Moderada,,,
RA-767,Aluno-767,2022,10,Masculino,2021,1.0,Escola Pública,0,0,L,Ametista,7.511,5.0,7.0,9.0,9.5,7.5,,7.583,7.3,6.7,,Fase 2 (5º e 6º ano),2.0,-2,Moderada,False,False,Não atendido
RA-767,Aluno-767,2023,11,Masculino,2021,2.0,Pública,FASE 1,1,1L,Ametista,7.3807,5.0,6.3,8.3,10.0,7.52,7.291666667,7.446666667,6.5,6.0,,Fase 2 (5° e 6° ano),2.0,-1,Moderada,,,
RA-767,Aluno-767,2024,12,Masculino,2021,3.0,Pública,1L,1,1L,Topázio,8.131890476200002,5.0,8.25,9.0476190475,9.502,7.51,8.541666667,8.085,8.5,8.0,,Fase 3 (7° e 8° ano),3.0,-2,Moderada,,,
RA-768,Aluno-768,2022,10,Feminino,2021,1.0,Escola Pública,0,0,L,Ametista,7.646,5.0,7.1,10.0,9.0,7.5,,7.583,7.0,7.2,,Fase 2 (5º e 6º ano),2.0,-2,Moderada,False,False,Não atendido
RA-768,Aluno-768,2023,11,Feminino,2021,2.0,Pública,ALFA,0,ALFA L - G2/G3,Topázio,8.4042,5.0,7.9,9.1,10.0,7.52,7.5,10.01,8.0,7.8,,Fase 2 (5° e 6° ano),2.0,-2,Moderada,,,
RA-768,Aluno-768,2024,12,Feminino,2021,3.0,Pública,1N,1,1N,Ametista,7.0345379447,5.0,5.5,7.9841897235,9.002,6.26,8.125,7.495,6.0,5.0,,Fase 2 (5° e 6° ano),2.0,-1,Moderada,,,
RA-769,Aluno-769,2022,9,Feminino,2022,0.0,Escola Pública,0,0,M,Ametista,7.598,5.0,7.9,7.5,10.0,7.5,,8.5,9.6,6.2,,Fase 1 (4º ano),1.0,-1,Moderada,True,True,Não avaliado
RA-769,Aluno-769,2023,10,Feminino,2022,1.0,Pública,ALFA,0,ALFA N - G2/G3,Ametista,7.85345,5.0,8.0,9.3,10.0,3.77,7.8125,8.675,8.2,7.8,,Fase 2 (5° e 6° ano),2.0,-2,Moderada,,,
RA-769,Aluno-769,2024,11,Feminino,2022,2.0,Pública,1K,1,1K,Ametista,7.099342857200002,5.0,6.0,5.9523809525,10.002,7.51,7.916666667,8.33,6.0,6.0,,Fase 2 (5° e 6° ano),2.0,-1,Moderada,,,
RA-77,Aluno-77,2022,16,Masculino,2019,3.0,Escola Pública,5,5,F,Quartzo,3.846,5.0,0.7,2.7,7.1,5.0,,4.625,0.3,1.8,0.0,Fase 6 (2º EM),6.0,-1,Moderada,False,False,Não indicado
RA-770,Aluno-770,2022,7,Masculino,2022,0.0,Escola Pública,0,0,M,Topázio,8.143,10.0,8.3,8.9,9.5,7.5,,7.333,8.5,8.1,,ALFA  (2º e 3º ano),,0,Em fase,False,False,Não avaliado
RA-770,Aluno-770,2023,8,Masculino,2022,1.0,Pública,ALFA,0,ALFA U - G2/G3,Ágata,6.6785,10.0,5.9,8.3,0.0,3.77,6.875,8.92,6.0,5.7,,ALFA (1° e 2° ano),,0,Em fase,,,
RA-770,Aluno-770,2024,9,Masculino,2022,2.0,Pública,ALFA,0,ALFA U - G2/G3,Ametista,7.3057112782,5.0,5.0,9.022556391,10.002,7.51,7.5,7.5,4.0,6.0,,Fase 1 (3° e 4° ano),1.0,-1,Moderada,,,
RA-771,Aluno-771,2022,7,Feminino,2022,0.0,Escola Pública,0,0,M,Ametista,7.873,10.0,7.0,8.3,10.0,7.5,,7.5,7.2,6.9,,ALFA  (2º e 3º ano),,0,Em fase,False,False,Não avaliado
RA-771,Aluno-771,2023,7,Feminino,2022,1.0,Pública,ALFA,0,ALFA U - G2/G3,Ametista,7.056,10.0,8.2,8.8,0.0,3.14,6.25,8.585,8.2,8.2,,ALFA (1° e 2° ano),,0,Em fase,,,
RA-771,Aluno-771,2024,9,Feminino,2022,2.0,Pública,ALFA,0,ALFA N - G2/G3,Ágata,6.066009523800001,5.0,6.5,6.619047619,8.502,3.135,5.625,6.08,6.5,6.5,,Fase 1 (3° e 4° ano),1.0,-1,Moderada,,,
RA-772,Aluno-772,2022,11,Masculino,2021,1.0,Escola Pública,0,0,M,Ágata,6.994,5.0,9.2,5.4,9.0,7.5,,7.25,9.3,9.2,,Fase 2 (5º e 6º ano),2.0,-2,Moderada,False,False,Não avaliado
RA-772,Aluno-772,2023,12,Masculino,2021,2.0,Pública,FASE 1,1,1N,Quartzo,5.930166667,5.0,4.8,7.2,0.0,7.52,6.875,8.003333333,5.2,4.3,,Fase 3 (7° e 8° ano),3.0,-2,Moderada,,,
RA-773,Aluno-773,2022,9,Feminino,2022,0.0,Escola Pública,0,0,M,Ágata,6.922,5.0,8.1,6.8,10.0,5.0,,7.083,9.3,6.8,,Fase 1 (4º ano),1.0,-1,Moderada,False,False,Não indicado
RA-773,Aluno-773,2023,9,Feminino,2022,1.0,Pública,ALFA,0,ALFA M - G0/G1,Ágata,6.9287,5.0,7.9,7.5,10.0,2.52,5.625,7.67,8.0,7.8,,Fase 1 (3° e 4° ano),1.0,-1,Moderada,,,
RA-773,Aluno-773,2024,10,Feminino,2022,2.0,Pública,ALFA,0,ALFA L - G2/G3,Ágata,6.566200000000001,5.0,5.0,8.75,10.002,2.51,7.5,6.575,8.0,2.0,,Fase 2 (5° e 6° ano),2.0,-2,Moderada,,,
RA-774,Aluno-774,2022,8,Feminino,2022,0.0,Escola Pública,0,0,M,Ametista,7.587,10.0,6.1,7.8,10.0,7.5,,7.417,7.8,4.4,,ALFA  (2º e 3º ano),,0,Em fase,False,False,Não avaliado
RA-774,Aluno-774,2023,9,Feminino,2022,1.0,Pública,ALFA,0,ALFA N - G2/G3,Quartzo,5.852,5.0,6.9,9.5,0.0,3.14,5.0,6.34,7.7,6.0,,Fase 1 (3° e 4° ano),1.0,-1,Moderada,,,
RA-774,Aluno-774,2024,10,Feminino,2022,2.0,Pública,ALFA,0,ALFA N - G2/G3,Quartzo,5.685771428600001,5.0,3.75,6.3928571430000005,10.002,2.51,6.25,6.405,2.0,5.5,,Fase 1 (3° e 4° ano),1.0,-1,Moderada,,,
RA-775,Aluno-775,2022,10,Masculino,2021,1.0,Escola Pública,0,0,N,Quartzo,5.79,5.0,5.7,5.7,7.9,4.4,,6.417,5.5,5.8,,Fase 2 (5º e 6º ano),2.0,-2,Moderada,False,False,Não indicado
RA-776,Aluno-776,2022,9,Feminino,2022,0.0,Escola Pública,0,0,N,Quartzo,3.898,5.0,1.7,4.3,0.0,4.4,,6.333,0.0,3.3,,Fase 1 (4º ano),1.0,-1,Moderada,False,False,Requer avaliação
RA-776,Aluno-776,2023,10,Feminino,2022,1.0,Privada - Programa de Apadrinhamento,FASE 1,1,1K,Quartzo,5.567916667,5.0,3.5,7.0,0.0,7.52,7.8125,7.223333333,4.2,2.7,,Fase 2 (5° e 6° ano),2.0,-1,Moderada,,,
RA-776,Aluno-776,2024,11,Feminino,2022,2.0,Pública,1K,1,1K,Quartzo,5.178509523800001,5.0,0.0,5.9523809525,7.917,5.63,8.333333333,6.5,0.0,0.0,,Fase 2 (5° e 6° ano),2.0,-1,Moderada,,,
RA-777,Aluno-777,2022,8,Masculino,2022,0.0,Escola Pública,0,0,N,Ametista,7.096,10.0,5.3,7.7,8.0,7.5,,7.0,6.5,4.0,,ALFA  (2º e 3º ano),,0,Em fase,False,False,Não atendido
RA-777,Aluno-777,2023,9,Feminino,2022,1.0,Pública,FASE 1,1,1N,Ametista,7.468125,10.0,6.3,9.3,0.0,7.52,8.28125,8.84,5.3,7.3,,Fase 1 (3° e 4° ano),1.0,0,Em fase,,,
RA-777,Aluno-777,2024,10,Feminino,2022,2.0,Pública,2N,2,2N,Ametista,7.563515408100001,10.0,4.5,8.7757437075,8.002,7.51,8.125,7.723333333,3.5,5.5,,Fase 2 (5° e 6° ano),2.0,0,Em fase,,,
RA-778,Aluno-778,2022,9,Feminino,2021,1.0,Escola Pública,0,0,N,Ametista,7.432,5.0,7.1,6.7,10.0,7.5,,8.833,6.0,8.2,,Fase 1 (4º ano),1.0,-1,Moderada,False,True,Não atendido
RA-778,Aluno-778,2023,10,Feminino,2021,2.0,Pública,FASE 1,1,1K,Ametista,7.926825,5.0,8.2,7.9,8.5,7.52,8.90625,8.62,7.3,9.0,,Fase 2 (5° e 6° ano),2.0,-1,Moderada,,,
RA-778,Aluno-778,2024,11,Feminino,2021,3.0,Pública,2K,2,2K,Topázio,8.0754139589,10.0,7.0,8.1235697945,10.002,7.51,7.5,7.7475,5.0,9.0,,Fase 2 (5° e 6° ano),2.0,0,Em fase,,,
RA-779,Aluno-779,2022,10,Masculino,2022,0.0,Escola Pública,0,0,N,Quartzo,5.702,5.0,2.6,5.0,9.5,7.5,,7.083,2.2,3.0,,Fase 2 (5º e 6º ano),2.0,-2,Moderada,False,False,Não atendido
RA-78,Aluno-78,2022,17,Masculino,2018,4.0,Rede Decisão,5,5,F,Ametista,7.04,5.0,7.2,6.6,8.3,5.6,,8.0,8.7,5.7,7.3,Fase 7 (3º EM),7.0,-2,Moderada,False,False,Requer avaliação
RA-78,Aluno-78,2023,18,Feminino,2018,5.0,Privada - Programa de Apadrinhamento,FASE 6,6,6A,Ágata,6.434625,5.0,6.7,7.7,0.0,6.26,8.28125,8.0025,8.5,4.8,6.8,Fase 8 (Universitários),8.0,-2,Moderada,,,
RA-78,Aluno-78,2024,19,Feminino,2021,3.0,Privada - Programa de Apadrinhamento,7A,7,7A,Topázio,8.1780308688,10.0,7.5,8.028404344,8.751,8.755,8.4375,7.39,6.5,6.0,10.0,Fase 7 (3° EM),7.0,0,Em fase,,,
RA-780,Aluno-780,2022,9,Feminino,2022,0.0,Escola Pública,0,0,N,Ágata,6.955,5.0,6.9,7.6,8.0,7.5,,7.167,6.3,7.5,,Fase 1 (4º ano),1.0,-1,Moderada,False,False,Não atendido
RA-780,Aluno-780,2023,10,Feminino,2022,1.0,Pública,ALFA,0,ALFA N - G2/G3,Ametista,7.7842,5.0,8.3,8.8,9.5,3.14,8.75,8.675,8.0,8.5,,Fase 2 (5° e 6° ano),2.0,-2,Moderada,,,
RA-780,Aluno-780,2024,11,Feminino,2022,2.0,Pública,1L,1,1L,Ametista,7.7430333333,5.0,6.0,10.0,9.502,5.63,8.958333333,8.17,6.0,6.0,,Fase 2 (5° e 6° ano),2.0,-1,Moderada,,,
RA-781,Aluno-781,2022,9,Feminino,2021,1.0,Escola Pública,0,0,N,Ametista,7.786,5.0,8.3,8.9,10.0,7.5,,7.75,8.0,8.5,,Fase 1 (4º ano),1.0,-1,Moderada,False,False,Não atendido
RA-781,Aluno-781,2023,10,Feminino,2021,2.0,Pública,FASE 1,1,1N,Topázio,8.209283333,5.0,7.9,9.8,7.5,7.52,8.4375,9.116666667,7.0,8.8,,Fase 2 (5° e 6° ano),2.0,-1,Moderada,,,
RA-781,Aluno-781,2024,11,Feminino,2021,3.0,Pública,2N,2,2N,Topázio,8.496283333400001,10.0,7.25,9.75,8.002,7.51,8.4375,8.506666667,5.0,9.5,,Fase 2 (5° e 6° ano),2.0,0,Em fase,,,
RA-782,Aluno-782,2022,8,Masculino,2022,0.0,Escola Pública,0,0,N,Ametista,7.485,10.0,6.0,8.4,9.5,7.5,,7.0,5.7,6.3,,ALFA  (2º e 3º ano),,0,Em fase,False,False,Não atendido
RA-782,Aluno-782,2023,9,Masculino,2022,1.0,Pública,ALFA,0,ALFA L - G2/G3,Ametista,7.6812,5.0,7.5,9.8,8.5,2.52,7.5,9.345,8.3,6.7,,Fase 1 (3° e 4° ano),1.0,-1,Moderada,,,
RA-782,Aluno-782,2024,10,Masculino,2022,2.0,Pública,1L,1,1L,Topázio,8.1896285714,10.0,7.75,7.8571428569999995,9.502,7.51,7.5,8.085,7.5,8.0,,Fase 1 (3° e 4° ano),1.0,0,Em fase,,,
RA-783,Aluno-783,2022,8,Masculino,2021,1.0,Escola Pública,0,0,N,Ágata,6.996,10.0,6.0,5.8,9.5,7.5,,6.917,4.7,7.3,,ALFA  (2º e 3º ano),,0,Em fase,False,False,Não atendido
RA-783,Aluno-783,2023,9,Masculino,2021,2.0,Pública,ALFA,0,ALFA N - G2/G3,Ametista,7.2922,5.0,8.9,6.8,9.5,3.77,7.5,7.925,9.0,8.7,,Fase 1 (3° e 4° ano),1.0,-1,Moderada,,,
RA-784,Aluno-784,2022,9,Masculino,2022,0.0,Escola Pública,0,0,O,Topázio,8.34,5.0,8.2,10.0,9.5,7.5,,9.25,7.8,8.5,,Fase 1 (4º ano),1.0,-1,Moderada,False,True,Não atendido
RA-784,Aluno-784,2023,10,Feminino,2022,1.0,Pública,FASE 1,1,1L,Topázio,8.171366667,5.0,7.3,9.5,10.0,7.52,8.125,8.783333333,6.5,8.0,,Fase 2 (5° e 6° ano),2.0,-1,Moderada,,,
RA-784,Aluno-784,2024,11,Feminino,2022,2.0,Privada - Programa de Apadrinhamento,2M,2,2M,Topázio,8.8857454545,10.0,8.75,9.7727272725,8.002,5.635,9.375,9.4,8.0,9.5,,Fase 2 (5° e 6° ano),2.0,0,Em fase,,,
RA-785,Aluno-785,2022,9,Feminino,2022,0.0,Escola Pública,0,0,O,Ametista,7.642,5.0,8.4,8.6,9.0,7.5,,7.667,8.8,8.0,,Fase 1 (4º ano),1.0,-1,Moderada,False,False,Não atendido
RA-785,Aluno-785,2023,10,Feminino,2022,1.0,Pública,FASE 1,1,1L,Topázio,8.137866667,5.0,8.8,8.5,9.0,7.52,7.916666667,8.67,8.2,9.4,,Fase 2 (5° e 6° ano),2.0,-1,Moderada,,,
RA-785,Aluno-785,2024,11,Feminino,2022,2.0,Pública,2U,2,2U,Topázio,9.1548666666,10.0,9.0,10.0,9.502,7.51,8.75,8.893333333,8.0,10.0,,Fase 2 (5° e 6° ano),2.0,0,Em fase,,,
RA-786,Aluno-786,2022,11,Masculino,2019,3.0,Escola Pública,0,0,O,Ágata,7.004,5.0,6.1,9.5,9.0,5.6,,7.167,6.3,5.8,,Fase 2 (5º e 6º ano),2.0,-2,Moderada,False,False,Não indicado
RA-787,Aluno-787,2022,8,Masculino,2022,0.0,Escola Pública,0,0,O,Ametista,7.205,10.0,3.4,9.5,8.5,7.5,,7.25,4.2,2.7,,ALFA  (2º e 3º ano),,0,Em fase,False,False,Não atendido
RA-787,Aluno-787,2023,9,Masculino,2022,1.0,Pública,ALFA,0,ALFA O - G2/G3,Ametista,7.5227,5.0,5.9,9.8,9.0,7.52,5.625,8.34,6.0,5.8,,Fase 1 (3° e 4° ano),1.0,-1,Moderada,,,
RA-787,Aluno-787,2024,10,Masculino,2022,2.0,Pública,ALFA,0,ALFA O - G2/G3,Ametista,7.73495,5.0,7.25,9.75,9.002,7.51,7.1875,7.325,10.0,4.5,,Fase 1 (3° e 4° ano),1.0,-1,Moderada,,,
RA-788,Aluno-788,2022,8,Masculino,2021,1.0,Rede Decisão,0,0,O,Topázio,8.264,10.0,8.0,9.3,10.0,5.6,,8.667,7.8,8.2,,ALFA  (2º e 3º ano),,0,Em fase,False,True,Requer avaliação
RA-788,Aluno-788,2023,9,Masculino,2021,2.0,Pública,FASE 1,1,1K,Ametista,7.806091667,10.0,6.9,9.8,7.9,2.52,7.65625,8.283333333,6.0,7.8,,Fase 1 (3° e 4° ano),1.0,0,Em fase,,,
RA-788,Aluno-788,2024,10,Masculino,2021,3.0,Privada - Programa de Apadrinhamento,2N,2,2N,Ametista,7.9221068268,10.0,5.75,9.519450801,8.418,6.26,8.4375,7.783333333,4.0,7.5,,Fase 2 (5° e 6° ano),2.0,0,Em fase,,,
RA-789,Aluno-789,2022,7,Feminino,2022,0.0,Escola Pública,0,0,O,Ametista,7.405,10.0,4.2,9.4,9.0,7.5,,7.417,3.7,4.7,,ALFA  (2º e 3º ano),,0,Em fase,False,False,Não atendido
RA-789,Aluno-789,2023,8,Feminino,2022,1.0,Pública,ALFA,0,ALFA L - G2/G3,Ametista,7.974,10.0,7.9,9.5,0.0,7.52,7.5,10.01,8.5,7.2,,ALFA (1° e 2° ano),,0,Em fase,,,
RA-789,Aluno-789,2024,9,Feminino,2022,2.0,Pública,1L,1,1L,Topázio,8.0443904763,10.0,5.25,9.047619048,9.002,7.51,9.166666667,8.085,5.5,5.0,,Fase 1 (3° e 4° ano),1.0,0,Em fase,,,
RA-79,Aluno-79,2022,16,Feminino,2018,4.0,Rede Decisão,5,5,F,Ágata,6.847,5.0,8.9,6.3,5.4,5.6,,7.292,9.5,7.7,9.5,Fase 6 (2º EM),6.0,-1,Moderada,False,False,Requer avaliação
RA-79,Aluno-79,2023,17,Feminino,2018,5.0,Privada - Programa de Apadrinhamento,FASE 6,6,6A,Ágata,6.635883333,5.0,7.6,6.2,5.8,5.0,7.8125,7.59,6.0,7.7,9.0,Fase 7 (3° EM),7.0,-1,Moderada,,,
RA-790,Aluno-790,2022,11,Feminino,2022,0.0,Escola Pública,0,0,O,Ametista,7.504,5.0,7.8,8.9,9.0,7.5,,7.417,8.5,7.2,,Fase 2 (5º e 6º ano),2.0,-2,Moderada,False,False,Não atendido
RA-790,Aluno-790,2023,12,Masculino,2022,1.0,Pública,FASE 1,1,1L,Ágata,6.707666667,5.0,7.4,8.1,0.0,7.52,7.083333333,8.286666667,7.2,7.5,,Fase 3 (7° e 8° ano),3.0,-2,Moderada,,,
RA-790,Aluno-790,2024,13,Masculino,2022,2.0,Pública,2U,2,2U,Ágata,6.8089355072,5.0,6.75,6.811594203,7.502,7.51,7.1875,6.883333333,4.0,9.5,,Fase 3 (7° e 8° ano),3.0,-1,Moderada,,,
RA-791,Aluno-791,2022,11,Feminino,2022,0.0,Escola Pública,0,0,O,Ametista,7.507,5.0,6.5,8.7,9.5,7.5,,8.5,6.3,6.7,,Fase 2 (5º e 6º ano),2.0,-2,Moderada,False,True,Não atendido
RA-791,Aluno-791,2023,12,Feminino,2022,1.0,Pública,FASE 1,1,1K,Ágata,6.247916667,5.0,5.3,8.1,0.0,7.52,7.8125,7.723333333,6.0,4.5,,Fase 3 (7° e 8° ano),3.0,-2,Moderada,,,
RA-792,Aluno-792,2022,9,Feminino,2022,0.0,Escola Pública,0,0,O,Ágata,7.025,5.0,6.2,8.0,9.5,7.5,,7.167,6.5,5.8,,Fase 1 (4º ano),1.0,-1,Moderada,False,False,Não atendido
RA-792,Aluno-792,2023,10,Feminino,2022,1.0,Pública,ALFA,0,ALFA L - G2/G3,Ametista,7.6267,5.0,7.2,7.7,9.0,7.52,6.875,9.085,6.8,7.5,,Fase 2 (5° e 6° ano),2.0,-2,Moderada,,,
RA-792,Aluno-792,2024,11,Feminino,2022,2.0,Pública,1N,1,1N,Ágata,6.036012253,5.0,3.25,5.2865612650000005,8.502,7.51,8.125,7.075,6.5,0.0,,Fase 2 (5° e 6° ano),2.0,-1,Moderada,,,
RA-793,Aluno-793,2022,10,Masculino,2022,0.0,Escola Pública,0,0,O,Ágata,6.894,5.0,6.0,7.6,9.5,7.5,,7.333,6.0,6.0,,Fase 2 (5º e 6º ano),2.0,-2,Moderada,False,False,Não atendido
RA-794,Aluno-794,2022,8,Feminino,2022,0.0,Escola Pública,0,0,O,Ametista,7.335,10.0,4.1,8.9,9.5,7.5,,7.333,3.7,4.5,,ALFA  (2º e 3º ano),,0,Em fase,False,False,Não atendido
RA-794,Aluno-794,2023,9,Feminino,2022,1.0,Pública,ALFA,0,ALFA L - G2/G3,Ametista,7.9842,5.0,6.2,9.2,9.0,7.52,7.5,10.01,5.2,7.2,,Fase 1 (3° e 4° ano),1.0,-1,Moderada,,,
RA-794,Aluno-794,2024,10,Feminino,2022,2.0,Pública,1K,1,1K,Ametista,7.145652380900001,10.0,3.0,6.9047619045,9.502,7.51,8.125,8.255,6.0,0.0,,Fase 1 (3° e 4° ano),1.0,0,Em fase,,,
RA-795,Aluno-795,2022,8,Feminino,2022,0.0,Escola Pública,0,0,O,Topázio,8.064,10.0,7.3,9.7,9.0,7.5,,7.333,8.0,6.5,,ALFA  (2º e 3º ano),,0,Em fase,False,False,Não atendido
RA-795,Aluno-795,2023,9,Feminino,2022,1.0,Pública,ALFA,0,ALFA L - G2/G3,Topázio,8.4642,5.0,8.2,9.6,9.0,7.52,7.5,10.01,8.7,7.7,,Fase 1 (3° e 4° ano),1.0,-1,Moderada,,,
RA-795,Aluno-795,2024,10,Feminino,2022,2.0,Pública,1L,1,1L,Topázio,8.441414285700002,5.0,9.5,9.761904762,9.502,6.26,8.958333333,8.085,10.0,9.0,,Fase 2 (5° e 6° ano),2.0,-1,Moderada,,,
RA-796,Aluno-796,2022,10,Feminino,2022,0.0,Escola Pública,0,0,Q,Ametista,7.232,5.0,5.4,9.3,9.5,7.5,,7.667,5.8,5.0,,Fase 2 (5º e 6º ano),2.0,-2,Moderada,False,False,Não atendido
RA-796,Aluno-796,2023,11,Feminino,2022,1.0,Pública,FASE 1,1,1P,Ametista,7.462866667,5.0,5.5,9.8,9.0,6.27,7.083333333,8.336666667,5.0,6.0,,Fase 2 (5° e 6° ano),2.0,-1,Moderada,,,
RA-796,Aluno-796,2024,12,Feminino,2022,2.0,Pública,2P,2,2P,Ametista,7.052457703200001,5.0,5.25,8.2212885155,8.502,7.51,7.916666667,7.326666667,3.0,7.5,,Fase 3 (7° e 8° ano),3.0,-1,Moderada,,,
RA-797,Aluno-797,2022,10,Masculino,2021,1.0,Escola Pública,0,0,Q,Ametista,7.217,5.0,7.3,8.5,9.0,7.5,,7.5,8.2,6.5,,Fase 2 (5º e 6º ano),2.0,-2,Moderada,False,False,Não atendido
RA-797,Aluno-797,2023,11,Masculino,2021,2.0,Pública,FASE 1,1,1P,Ametista,7.373033333,5.0,7.5,8.6,8.5,7.52,6.041666667,7.233333333,7.0,8.0,,Fase 2 (5° e 6° ano),2.0,-1,Moderada,,,
RA-797,Aluno-797,2024,12,Masculino,2021,3.0,Pública,2P,2,2P,Ágata,6.597315151500001,5.0,7.25,4.840909091,9.168,7.51,6.666666667,6.723333333,8.0,6.5,,Fase 3 (7° e 8° ano),3.0,-1,Moderada,,,
RA-798,Aluno-798,2022,10,Masculino,2022,0.0,Escola Pública,0,0,Q,Ametista,7.049,5.0,6.3,8.3,8.0,7.5,,7.667,7.0,5.7,,Fase 2 (5º e 6º ano),2.0,-2,Moderada,False,False,Não atendido
RA-798,Aluno-798,2023,11,Masculino,2022,1.0,Privada - Programa de Apadrinhamento,FASE 1,1,1R,Ametista,7.018033333,5.0,6.1,8.1,9.0,7.52,6.458333333,6.95,4.3,7.8,,Fase 2 (5° e 6° ano),2.0,-1,Moderada,,,
RA-798,Aluno-798,2024,12,Masculino,2022,2.0,Pública,2R,2,2R,Quartzo,4.6743653679,5.0,4.75,3.5064935065,6.834,7.51,5.0,2.943333333,4.0,5.5,,Fase 3 (7° e 8° ano),3.0,-1,Moderada,,,
RA-799,Aluno-799,2022,10,Feminino,2022,0.0,Escola Pública,0,0,Q,Ametista,7.676,5.0,7.8,9.6,8.0,7.5,,7.917,8.5,7.2,,Fase 2 (5º e 6º ano),2.0,-2,Moderada,False,False,Não atendido
RA-799,Aluno-799,2023,10,Feminino,2022,1.0,Pública,FASE 1,1,1R,Topázio,8.061533333,5.0,8.3,9.6,9.5,5.64,8.333333333,8.17,7.8,8.8,,Fase 2 (5° e 6° ano),2.0,-1,Moderada,,,
RA-799,Aluno-799,2024,11,Feminino,2022,2.0,Pública,2R,2,2R,Ametista,7.702648484900001,10.0,5.25,9.090909091,7.918,7.51,7.916666667,7.5,5.0,5.5,,Fase 2 (5° e 6° ano),2.0,0,Em fase,,,
RA-8,Aluno-8,2022,20,Feminino,2018,4.0,Escola Pública,7,7,A,Quartzo,4.786,5.0,1.6,4.6,7.1,6.3,,6.278,1.2,0.7,2.9,Fase 8 (Universitários),8.0,-1,Moderada,False,False,Requer avaliação
RA-80,Aluno-80,2022,16,Feminino,2017,5.0,Rede Decisão,5,5,K,Ametista,7.29,5.0,7.1,8.3,9.2,5.0,,7.625,6.5,7.7,7.3,Fase 6 (2º EM),6.0,-1,Moderada,False,False,Requer avaliação
RA-80,Aluno-80,2023,17,Feminino,2017,6.0,Privada - Programa de Apadrinhamento,FASE 6,6,6L,Ametista,7.252275,5.0,6.3,8.4,8.3,6.89,7.96875,7.465,8.2,5.7,5.0,Fase 7 (3° EM),7.0,-1,Moderada,,,
RA-80,Aluno-80,2024,18,Feminino,2021,3.0,Privada - Programa de Apadrinhamento,7A,7,7A,Topázio,8.131659175733333,10.0,7.0,7.8961292116666675,8.751,8.13,8.75,7.946666667,5.0,6.0,10.0,Fase 7 (3° EM),7.0,0,Em fase,,,
RA-800,Aluno-800,2022,8,Masculino,2022,0.0,Escola Pública,0,0,Q,Ágata,6.818,10.0,6.1,5.4,8.0,7.5,,7.5,6.3,5.8,,ALFA  (2º e 3º ano),,0,Em fase,False,False,Não atendido
RA-801,Aluno-801,2022,9,Masculino,2022,0.0,Escola Pública,0,0,Q,Ágata,6.644,5.0,6.8,6.6,7.0,7.5,,7.5,7.2,6.3,,Fase 1 (4º ano),1.0,-1,Moderada,False,False,Não atendido
RA-801,Aluno-801,2023,9,Masculino,2022,1.0,Pública,FASE 1,1,1R,Ágata,6.8735,10.0,7.6,7.5,0.0,7.52,6.875,7.12,6.8,8.3,,Fase 1 (3° e 4° ano),1.0,0,Em fase,,,
RA-801,Aluno-801,2024,10,Masculino,2022,2.0,Pública,1R,1,1R,Ágata,6.6752,5.0,8.0,5.75,9.002,7.51,6.25,5.745,7.0,9.0,,Fase 2 (5° e 6° ano),2.0,-1,Moderada,,,
RA-802,Aluno-802,2022,9,Masculino,2021,1.0,Escola Pública,0,0,Q,Ametista,7.831,5.0,8.3,9.0,9.0,7.5,,8.333,9.0,7.5,,Fase 1 (4º ano),1.0,-1,Moderada,False,False,Não atendido
RA-802,Aluno-802,2023,10,Masculino,2021,2.0,Pública,FASE 1,1,1R,Topázio,8.126866667,5.0,9.4,9.3,8.0,7.52,8.333333333,7.506666667,9.3,9.5,,Fase 2 (5° e 6° ano),2.0,-1,Moderada,,,
RA-802,Aluno-802,2024,11,Masculino,2021,3.0,Pública,2R,2,2R,Ametista,7.8317974024999994,10.0,8.75,7.012987013,7.502,7.51,8.333333333,6.723333333,9.0,8.5,,Fase 2 (5° e 6° ano),2.0,0,Em fase,,,
RA-803,Aluno-803,2022,10,Feminino,2022,0.0,Escola Pública,0,0,Q,Ágata,6.98,5.0,6.3,7.2,10.0,7.5,,7.417,6.5,6.0,,Fase 2 (5º e 6º ano),2.0,-2,Moderada,False,False,Sem limitações
RA-804,Aluno-804,2022,10,Masculino,2022,0.0,Escola Pública,0,0,Q,Ágata,6.848,5.0,4.8,8.4,10.0,6.3,,7.667,5.5,4.0,,Fase 2 (5º e 6º ano),2.0,-2,Moderada,False,False,Não atendido
RA-804,Aluno-804,2023,11,Masculino,2022,1.0,Pública,FASE 1,1,1R,Ametista,7.2352,5.0,6.9,8.6,10.0,6.27,5.833333333,7.173333333,6.2,7.5,,Fase 2 (5° e 6° ano),2.0,-1,Moderada,,,
RA-805,Aluno-805,2022,8,Masculino,2021,1.0,Escola Pública,0,0,R,Topázio,8.279,10.0,8.8,9.0,9.5,7.5,,7.333,8.7,8.9,,ALFA  (2º e 3º ano),,0,Em fase,False,False,Sem limitações
RA-805,Aluno-805,2023,9,Masculino,2021,2.0,Pública,ALFA,0,ALFA Q - G2/G3,Ágata,6.492,5.0,6.8,9.1,0.0,7.52,6.25,7.175,6.8,6.8,,Fase 1 (3° e 4° ano),1.0,-1,Moderada,,,
RA-805,Aluno-805,2024,10,Masculino,2021,3.0,Pública,1R,1,1R,Ágata,6.9375869048,5.0,6.0,9.523809524,8.502,4.38,7.03125,6.7075,7.0,5.0,,Fase 2 (5° e 6° ano),2.0,-1,Moderada,,,
RA-806,Aluno-806,2022,8,Masculino,2022,0.0,Escola Pública,0,0,R,Ametista,7.561,10.0,6.6,7.3,9.5,7.5,,7.917,5.0,8.2,,ALFA  (2º e 3º ano),,0,Em fase,False,False,Sem limitações
RA-806,Aluno-806,2023,9,Masculino,2022,1.0,Pública,ALFA,0,ALFA Q - G2/G3,Ametista,7.2937,5.0,7.8,8.3,8.5,6.27,6.875,7.095,7.8,7.7,,Fase 1 (3° e 4° ano),1.0,-1,Moderada,,,
RA-806,Aluno-806,2024,10,Masculino,2022,2.0,Pública,1R,1,1R,Ágata,6.972777380900001,5.0,6.75,6.9047619045,8.502,7.51,7.65625,6.875,6.5,7.0,,Fase 2 (5° e 6° ano),2.0,-1,Moderada,,,
RA-807,Aluno-807,2022,8,Masculino,2022,0.0,Escola Pública,0,0,R,Topázio,8.121,10.0,9.0,8.7,9.5,6.3,,7.5,9.5,8.6,,ALFA  (2º e 3º ano),,0,Em fase,False,False,Sem limitações
RA-807,Aluno-807,2023,9,Masculino,2022,1.0,Pública,ALFA,0,ALFA Q - G2/G3,Ametista,7.8632,5.0,8.0,9.1,9.5,7.52,6.25,8.08,8.3,7.7,,Fase 1 (3° e 4° ano),1.0,-1,Moderada,,,
RA-807,Aluno-807,2024,10,Masculino,2022,2.0,Pública,1R,1,1R,Ametista,7.797628571400001,10.0,7.0,7.8571428569999995,9.002,7.51,7.5,7.125,6.0,8.0,,Fase 1 (3° e 4° ano),1.0,0,Em fase,,,
RA-808,Aluno-808,2022,8,Masculino,2022,0.0,Escola Pública,0,0,R,Topázio,8.361,10.0,9.3,9.1,10.0,6.3,,8.0,9.7,8.8,,ALFA  (2º e 3º ano),,0,Em fase,False,False,Sem limitações
RA-808,Aluno-808,2023,9,Masculino,2022,1.0,Pública,ALFA,0,ALFA S - G2/G3,Topázio,8.1932,5.0,8.7,10.0,10.0,2.52,7.5,9.755,8.7,8.7,,Fase 1 (3° e 4° ano),1.0,-1,Moderada,,,
RA-808,Aluno-808,2024,10,Masculino,2022,2.0,Pública,1R,1,1R,Topázio,8.7897,10.0,8.75,10.0,9.002,7.51,8.125,7.88,7.5,10.0,,Fase 1 (3° e 4° ano),1.0,0,Em fase,,,
RA-809,Aluno-809,2022,7,Masculino,2022,0.0,Escola Pública,0,0,R,Ametista,7.259,10.0,6.3,6.6,10.0,6.3,,7.417,5.5,7.1,,ALFA  (2º e 3º ano),,0,Em fase,False,False,Sem limitações
RA-81,Aluno-81,2022,14,Feminino,2017,5.0,Rede Decisão,5,5,K,Ametista,7.675,10.0,6.0,9.2,9.2,5.0,,7.458,5.5,5.2,7.3,Fase 4 (9º ano),4.0,1,Em fase,False,False,Requer avaliação
RA-81,Aluno-81,2023,15,Feminino,2017,6.0,Privada - Programa de Apadrinhamento,FASE 5,5,5L,Ametista,7.45425,10.0,6.3,8.8,9.6,2.52,7.8125,7.2125,8.7,4.7,5.5,Fase 5 (1° EM),5.0,0,Em fase,,,
RA-81,Aluno-81,2024,16,Feminino,2021,3.0,Privada - Programa de Apadrinhamento,6L,6,6L,Topázio,8.256566666666668,10.0,7.5,9.333333333333334,9.168,6.26,7.875,7.798,9.0,6.5,7.0,Fase 6 (2° EM),6.0,0,Em fase,,,
RA-810,Aluno-810,2022,8,Masculino,2021,1.0,Escola Pública,0,0,R,Ametista,7.887,10.0,9.6,9.1,8.5,5.0,,7.25,9.7,9.5,,ALFA  (2º e 3º ano),,0,Em fase,False,False,Não indicado
RA-810,Aluno-810,2023,9,Masculino,2021,2.0,Pública,FASE 1,1,1P,Ametista,7.782866667,10.0,6.9,8.5,8.0,7.52,5.833333333,7.836666667,6.3,7.5,,Fase 1 (3° e 4° ano),1.0,0,Em fase,,,
RA-810,Aluno-810,2024,10,Masculino,2021,3.0,Pública,1P,1,1P,Ametista,7.704770175400001,5.0,9.0,9.4736842105,7.502,5.635,6.458333333,7.7525,8.0,10.0,,Fase 2 (5° e 6° ano),2.0,-1,Moderada,,,
RA-811,Aluno-811,2022,9,Feminino,2021,1.0,Escola Pública,0,0,R,Ágata,6.575,5.0,7.3,5.7,8.9,5.6,,7.667,8.9,5.7,,Fase 1 (4º ano),1.0,-1,Moderada,False,False,Sem limitações
RA-812,Aluno-812,2022,8,Masculino,2022,0.0,Escola Pública,0,0,R,Ametista,7.497,10.0,7.4,8.1,9.0,5.6,,7.333,8.3,6.6,,ALFA  (2º e 3º ano),,0,Em fase,False,False,Sem limitações
RA-812,Aluno-812,2023,8,Masculino,2022,1.0,Pública,ALFA,0,ALFA Q - G2/G3,Topázio,8.0357,10.0,5.8,9.1,9.5,7.52,6.875,8.33,6.3,5.3,,ALFA (1° e 2° ano),,0,Em fase,,,
RA-813,Aluno-813,2022,8,Masculino,2022,0.0,Escola Pública,0,0,S,Ametista,7.093,10.0,6.0,6.5,9.5,6.9,,7.417,6.7,5.3,,ALFA  (2º e 3º ano),,0,Em fase,False,False,Sem limitações
RA-813,Aluno-813,2023,9,Masculino,2022,1.0,Pública,FASE 1,1,1R,Ametista,7.5867,10.0,3.9,8.4,9.5,7.52,8.125,8.06,2.3,5.5,,Fase 1 (3° e 4° ano),1.0,0,Em fase,,,
RA-814,Aluno-814,2022,9,Masculino,2022,0.0,Escola Pública,0,0,S,Ametista,7.592,5.0,7.5,9.0,8.9,6.9,,8.417,7.8,7.2,,Fase 1 (4º ano),1.0,-1,Moderada,False,True,Requer avaliação
RA-814,Aluno-814,2023,10,Masculino,2022,1.0,Pública,FASE 1,1,1P,Topázio,8.367866667,5.0,8.2,9.6,9.5,6.89,8.333333333,9.226666667,7.8,8.5,,Fase 2 (5° e 6° ano),2.0,-1,Moderada,,,
RA-814,Aluno-814,2024,11,Masculino,2022,2.0,Pública,2P,2,2P,Ametista,7.971648484800001,10.0,7.5,9.090909091,7.418,7.51,7.5,7.053333333,8.0,7.0,,Fase 2 (5° e 6° ano),2.0,0,Em fase,,,
RA-815,Aluno-815,2022,9,Masculino,2022,0.0,Escola Pública,0,0,S,Ágata,6.81,5.0,6.5,7.9,10.0,5.6,,7.0,7.7,5.3,,Fase 1 (4º ano),1.0,-1,Moderada,False,False,Requer avaliação
RA-815,Aluno-815,2023,10,Masculino,2022,1.0,Pública,FASE 1,1,1R,Ágata,6.122166667,5.0,6.5,8.6,0.0,5.02,6.875,7.063333333,7.0,6.0,,Fase 2 (5° e 6° ano),2.0,-1,Moderada,,,
RA-816,Aluno-816,2022,9,Feminino,2022,0.0,Escola Pública,0,0,S,Topázio,8.513,5.0,9.6,9.3,10.0,7.5,,9.417,9.5,9.7,,Fase 1 (4º ano),1.0,-1,Moderada,True,True,Sem limitações
RA-816,Aluno-816,2023,10,Feminino,2022,1.0,Pública,FASE 1,1,1P,Topázio,8.5572,5.0,8.9,9.8,7.5,7.52,9.583333333,9.283333333,7.8,10.0,,Fase 2 (5° e 6° ano),2.0,-1,Moderada,,,
RA-816,Aluno-816,2024,11,Feminino,2022,2.0,Privada - Programa de Apadrinhamento,2P,2,2P,Topázio,8.929745454599999,10.0,9.25,9.7727272725,7.002,7.51,9.166666667,8.786666667,8.5,10.0,,Fase 2 (5° e 6° ano),2.0,0,Em fase,,,
RA-817,Aluno-817,2022,8,Feminino,2022,0.0,Escola Pública,0,0,S,Ametista,7.819,10.0,7.1,8.7,10.0,6.3,,7.417,7.7,6.5,,ALFA  (2º e 3º ano),,0,Em fase,False,False,Requer avaliação
RA-817,Aluno-817,2023,9,Feminino,2022,1.0,Pública,FASE 1,1,1R,Ametista,7.8597,10.0,5.4,8.8,9.5,6.89,8.125,7.89,5.0,5.7,,Fase 1 (3° e 4° ano),1.0,0,Em fase,,,
RA-818,Aluno-818,2022,7,Masculino,2022,0.0,Escola Pública,0,0,S,Ametista,7.483,10.0,6.2,7.3,9.5,7.5,,7.5,6.5,5.8,,ALFA  (2º e 3º ano),,0,Em fase,False,False,Sem limitações
RA-818,Aluno-818,2023,8,Masculino,2022,1.0,Pública,FASE 1,1,1R,Ametista,7.997366667,10.0,6.2,8.4,10.0,7.52,8.125,7.613333333,5.5,6.8,,ALFA (1° e 2° ano),,1,Em fase,,,
RA-819,Aluno-819,2022,8,Masculino,2022,0.0,Escola Pública,0,0,S,Ametista,7.741,10.0,7.3,7.9,10.0,7.5,,7.333,8.0,6.5,,ALFA  (2º e 3º ano),,0,Em fase,False,False,Sem limitações
RA-819,Aluno-819,2023,9,Masculino,2022,1.0,Pública,FASE 1,1,1P,Ametista,7.944833333,10.0,9.5,8.3,0.0,7.52,8.541666667,8.893333333,9.7,9.3,,Fase 1 (3° e 4° ano),1.0,0,Em fase,,,
RA-819,Aluno-819,2024,10,Masculino,2022,2.0,Pública,2U,2,2U,Topázio,8.652552484400001,10.0,9.0,7.784679089,10.002,7.51,8.4375,8.503333333,8.0,10.0,,Fase 1 (3° e 4° ano),1.0,1,Em fase,,,
RA-82,Aluno-82,2022,17,Feminino,2022,0.0,Escola Pública,5,5,K,Ágata,6.596,5.0,5.5,6.8,8.8,7.5,,6.417,6.0,5.0,,Fase 7 (3º EM),7.0,-2,Moderada,True,False,Não atendido
RA-820,Aluno-820,2022,9,Masculino,2022,0.0,Escola Pública,0,0,T,Ametista,7.417,5.0,6.0,10.0,9.5,6.9,,7.583,7.7,4.3,,Fase 1 (4º ano),1.0,-1,Moderada,False,False,Sem limitações
RA-820,Aluno-820,2023,10,Masculino,2022,1.0,Pública,FASE 1,1,1F,Ametista,7.85605,5.0,8.9,7.4,7.9,7.52,9.0625,8.28,9.2,8.5,,Fase 2 (5° e 6° ano),2.0,-1,Moderada,,,
RA-820,Aluno-820,2024,11,Masculino,2022,2.0,Pública,2I,2,2I,Ametista,7.426572549100001,10.0,6.25,6.573529412,10.002,7.51,8.333333333,6.386666667,6.0,6.5,,Fase 2 (5° e 6° ano),2.0,0,Em fase,,,
RA-821,Aluno-821,2022,10,Masculino,2022,0.0,Escola Pública,0,0,T,Ágata,6.342,5.0,4.6,7.0,9.0,7.5,,6.917,5.2,4.0,,Fase 2 (5º e 6º ano),2.0,-2,Moderada,False,False,Não atendido
RA-821,Aluno-821,2024,11,Masculino,2022,2.0,Pública,2A,2,2A,Ágata,6.643866666600001,10.0,4.25,5.9166666665,8.502,7.51,6.666666667,6.713333333,4.5,4.0,,Fase 2 (5° e 6° ano),2.0,0,Em fase,,,
RA-822,Aluno-822,2022,10,Masculino,2022,0.0,Escola Pública,0,0,T,Ágata,6.922,5.0,6.1,8.4,8.0,7.5,,7.083,6.5,5.7,,Fase 2 (5º e 6º ano),2.0,-2,Moderada,False,False,Não atendido
RA-822,Aluno-822,2023,11,Masculino,2022,1.0,Pública,ALFA,0,ALFA I - G2/G3,Ágata,6.4497,5.0,7.1,8.4,8.5,2.52,5.625,5.925,8.0,6.2,,Fase 2 (5° e 6° ano),2.0,-2,Moderada,,,
RA-822,Aluno-822,2024,12,Masculino,2022,2.0,Pública,1H,1,1H,Quartzo,5.2645678524,5.0,6.75,4.6245059285,0.0,5.01,6.666666667,6.61,7.5,6.0,,Fase 3 (7° e 8° ano),3.0,-2,Moderada,,,
RA-823,Aluno-823,2022,10,Feminino,2021,1.0,Escola Pública,0,0,T,Quartzo,5.989,5.0,2.8,6.0,10.0,7.5,,7.167,4.0,1.7,,Fase 2 (5º e 6º ano),2.0,-2,Moderada,False,False,Não atendido
RA-824,Aluno-824,2022,8,Masculino,2022,0.0,Escola Pública,0,0,T,Ágata,6.799,10.0,6.0,4.4,10.0,6.9,,7.333,7.0,5.0,,ALFA  (2º e 3º ano),,0,Em fase,False,False,Sem limitações
RA-825,Aluno-825,2022,9,Feminino,2021,1.0,Escola Pública,0,0,T,Ametista,7.25,5.0,7.6,8.2,7.5,6.9,,7.917,8.3,6.8,,Fase 1 (4º ano),1.0,-1,Moderada,False,False,Sem limitações
RA-826,Aluno-826,2022,8,Masculino,2022,0.0,Escola Pública,0,0,U,Ametista,7.776,10.0,5.4,9.6,9.5,7.5,,7.5,4.3,6.5,,ALFA  (2º e 3º ano),,0,Em fase,False,False,Não atendido
RA-826,Aluno-826,2023,9,Masculino,2022,1.0,Pública,ALFA,0,ALFA N - G2/G3,Ametista,7.77645,5.0,7.3,10.0,10.0,3.77,7.8125,8.34,7.0,7.5,,Fase 1 (3° e 4° ano),1.0,-1,Moderada,,,
RA-826,Aluno-826,2024,10,Masculino,2022,2.0,Pública,1L,1,1L,Ametista,7.9442,5.0,6.75,10.0,10.002,6.26,7.5,8.59,5.5,8.0,,Fase 2 (5° e 6° ano),2.0,-1,Moderada,,,
RA-827,Aluno-827,2022,10,Feminino,2022,0.0,Escola Pública,0,0,U,Ametista,7.412,5.0,7.6,7.0,9.5,7.5,,8.667,7.7,7.5,,Fase 2 (5º e 6º ano),2.0,-2,Moderada,False,True,Não atendido
RA-827,Aluno-827,2023,11,Feminino,2022,1.0,Pública,FASE 1,1,1M,Ametista,7.419925,5.0,8.1,8.1,7.9,3.14,8.28125,8.73,7.7,8.5,,Fase 2 (5° e 6° ano),2.0,-1,Moderada,,,
RA-827,Aluno-827,2024,12,Feminino,2022,2.0,Pública,2K,2,2K,Topázio,8.2483467391,10.0,7.25,9.782608695499999,10.002,5.01,7.65625,7.875,6.0,8.5,,Fase 2 (5° e 6° ano),2.0,0,Em fase,,,
RA-828,Aluno-828,2022,9,Feminino,2022,0.0,Escola Pública,0,0,U,Ametista,7.139,5.0,6.9,7.1,9.5,7.5,,7.833,7.3,6.5,,Fase 1 (4º ano),1.0,-1,Moderada,False,False,Não atendido
RA-829,Aluno-829,2022,8,Feminino,2022,0.0,Escola Pública,0,0,U,Ametista,8.003,10.0,7.8,8.6,9.0,7.5,,7.5,8.2,7.5,,ALFA  (2º e 3º ano),,0,Em fase,False,False,Não atendido
RA-829,Aluno-829,2023,9,Feminino,2022,1.0,Pública,FASE 1,1,1M,Topázio,8.532075,10.0,8.4,9.4,9.0,3.14,9.21875,9.23,7.5,9.2,,Fase 1 (3° e 4° ano),1.0,0,Em fase,,,
RA-829,Aluno-829,2024,10,Feminino,2022,2.0,Privada - Programa de Apadrinhamento,2K,2,2K,Topázio,9.171825000000002,10.0,8.0,9.75,9.502,9.38,8.90625,9.215,6.0,10.0,,Fase 1 (3° e 4° ano),1.0,1,Em fase,,,
RA-83,Aluno-83,2022,17,Feminino,2022,0.0,Escola Pública,5,5,K,Ágata,6.671,5.0,6.8,6.8,7.9,7.5,,5.958,6.0,7.5,,Fase 7 (3º EM),7.0,-2,Moderada,True,False,Não atendido
RA-830,Aluno-830,2022,9,Feminino,2022,0.0,Escola Pública,0,0,U,Ametista,7.234,5.0,6.0,8.6,10.0,7.5,,7.5,5.8,6.2,,Fase 1 (4º ano),1.0,-1,Moderada,False,False,Não atendido
RA-830,Aluno-830,2023,9,Feminino,2022,1.0,Pública,ALFA,0,ALFA U - G2/G3,Ágata,6.78,5.0,8.3,8.9,0.0,3.14,6.25,9.505,8.3,8.3,,Fase 1 (3° e 4° ano),1.0,-1,Moderada,,,
RA-830,Aluno-830,2024,11,Feminino,2022,2.0,Pública,1L,1,1L,Ametista,7.1373428571,5.0,6.75,7.619047619,9.002,5.63,8.333333333,7.335,6.5,7.0,,Fase 2 (5° e 6° ano),2.0,-1,Moderada,,,
RA-831,Aluno-831,2022,9,Masculino,2022,0.0,Escola Pública,0,0,U,Ametista,7.41,5.0,7.2,9.2,9.5,7.5,,7.167,7.3,7.0,,Fase 1 (4º ano),1.0,-1,Moderada,False,False,Não atendido
RA-831,Aluno-831,2023,9,Masculino,2022,1.0,Pública,ALFA,0,ALFA N - G2/G3,Ametista,7.71645,5.0,8.3,9.4,8.0,3.77,7.8125,8.59,8.8,7.8,,Fase 1 (3° e 4° ano),1.0,-1,Moderada,,,
RA-831,Aluno-831,2024,10,Masculino,2022,2.0,Pública,1K,1,1K,Topázio,8.0066285715,5.0,7.75,9.523809524,10.002,6.26,7.916666667,8.17,6.5,9.0,,Fase 2 (5° e 6° ano),2.0,-1,Moderada,,,
RA-832,Aluno-832,2022,9,Masculino,2022,0.0,Escola Pública,0,0,U,Topázio,8.179,5.0,8.8,9.2,10.0,7.5,,8.833,8.8,8.8,,Fase 1 (4º ano),1.0,-1,Moderada,False,True,Não atendido
RA-832,Aluno-832,2023,10,Masculino,2022,1.0,Pública,FASE 1,1,1L,Topázio,8.2697,5.0,8.5,9.5,10.0,7.52,7.708333333,8.283333333,9.2,7.7,,Fase 2 (5° e 6° ano),2.0,-1,Moderada,,,
RA-832,Aluno-832,2024,11,Masculino,2022,2.0,Pública,2U,2,2U,Topázio,8.2403304348,10.0,8.0,8.695652174,9.002,7.51,7.5,7.5,7.0,9.0,,Fase 2 (5° e 6° ano),2.0,0,Em fase,,,
RA-833,Aluno-833,2022,9,Masculino,2022,0.0,Escola Pública,0,0,U,Ametista,7.791,5.0,7.8,9.5,10.0,7.5,,7.583,8.2,7.5,,Fase 1 (4º ano),1.0,-1,Moderada,False,False,Não atendido
RA-833,Aluno-833,2023,10,Masculino,2022,1.0,Pública,FASE 1,1,1M,Ametista,7.81295,5.0,7.4,9.5,10.0,3.77,8.4375,8.56,7.3,7.5,,Fase 2 (5° e 6° ano),2.0,-1,Moderada,,,
RA-833,Aluno-833,2024,11,Masculino,2022,2.0,Pública,2U,2,2U,Topázio,8.5184577641,10.0,8.0,9.3271221535,9.002,7.51,8.125,7.946666667,9.0,7.0,,Fase 2 (5° e 6° ano),2.0,0,Em fase,,,
RA-834,Aluno-834,2022,9,Masculino,2022,0.0,Escola Pública,0,0,U,Topázio,8.136,5.0,9.0,9.0,9.0,7.5,,9.083,9.2,8.8,,Fase 1 (4º ano),1.0,-1,Moderada,False,True,Não atendido
RA-834,Aluno-834,2023,10,Masculino,2022,1.0,Pública,FASE 1,1,1N,Topázio,8.662616667,5.0,9.2,9.9,9.0,6.27,9.6875,9.283333333,9.0,9.3,,Fase 2 (5° e 6° ano),2.0,-1,Moderada,,,
RA-834,Aluno-834,2024,11,Masculino,2022,2.0,Pública,2L,2,2L,Topázio,8.513646169700001,10.0,8.75,9.109730849,8.002,6.26,7.708333333,8.723333333,9.0,8.5,,Fase 2 (5° e 6° ano),2.0,0,Em fase,,,
RA-835,Aluno-835,2022,8,Masculino,2022,0.0,Escola Pública,0,0,V,Ametista,7.263,10.0,7.5,7.3,6.9,7.5,,6.667,7.6,7.3,,ALFA  (2º e 3º ano),,0,Em fase,False,False,Não atendido
RA-835,Aluno-835,2023,8,Masculino,2022,1.0,Pública,ALFA,0,ALFA V - G0/G1,Topázio,8.2467,10.0,8.7,8.5,8.0,7.52,6.875,7.835,8.5,8.9,,ALFA (1° e 2° ano),,0,Em fase,,,
RA-836,Aluno-836,2022,9,Masculino,2022,0.0,Escola Pública,0,0,V,Ametista,7.665,5.0,9.2,8.3,8.5,7.5,,7.583,9.0,9.3,,Fase 1 (4º ano),1.0,-1,Moderada,False,False,Não atendido
RA-836,Aluno-836,2023,10,Masculino,2022,1.0,Pública,ALFA,0,ALFA G - G2/G3,Ametista,7.6417,5.0,6.7,9.6,9.5,6.27,6.875,8.085,6.7,6.7,,Fase 2 (5° e 6° ano),2.0,-2,Moderada,,,
RA-836,Aluno-836,2024,11,Masculino,2022,2.0,Pública,1J,1,1J,Ágata,6.0234537878,5.0,2.75,6.439393939,9.502,7.51,7.34375,6.25,5.5,0.0,,Fase 2 (5° e 6° ano),2.0,-1,Moderada,,,
RA-837,Aluno-837,2022,8,Masculino,2022,0.0,Escola Pública,0,0,V,Topázio,8.207,10.0,8.8,9.0,8.5,7.5,,7.5,9.2,8.3,,ALFA  (2º e 3º ano),,0,Em fase,False,False,Não atendido
RA-837,Aluno-837,2023,9,Masculino,2022,1.0,Pública,FASE 1,1,1G,Topázio,8.2712,10.0,7.0,9.3,9.0,7.52,7.916666667,7.836666667,6.3,7.7,,Fase 1 (3° e 4° ano),1.0,0,Em fase,,,
RA-837,Aluno-837,2024,10,Masculino,2022,2.0,Pública,2G,2,2G,Ametista,7.9648467391,10.0,6.75,9.782608695499999,7.502,6.885,7.03125,7.5825,6.0,7.5,,Fase 2 (5° e 6° ano),2.0,0,Em fase,,,
RA-838,Aluno-838,2022,9,Masculino,2022,0.0,Escola Pública,0,0,V,Ametista,7.461,5.0,6.3,7.4,10.0,7.5,,9.417,6.6,5.9,,Fase 1 (4º ano),1.0,-1,Moderada,True,True,Não atendido
RA-839,Aluno-839,2022,9,Feminino,2022,0.0,Escola Pública,0,0,V,Quartzo,5.198,5.0,5.4,5.1,0.0,7.5,,6.583,5.8,5.0,,Fase 1 (4º ano),1.0,-1,Moderada,False,False,Não atendido
RA-84,Aluno-84,2022,17,Feminino,2018,4.0,Rede Decisão,5,5,K,Ágata,6.682,5.0,5.8,8.8,7.1,5.0,,6.75,5.7,6.5,5.2,Fase 7 (3º EM),7.0,-2,Moderada,False,False,Requer avaliação
RA-84,Aluno-84,2023,18,Feminino,2018,5.0,Privada - Programa de Apadrinhamento,FASE 6,6,6L,Ágata,6.034416667,5.0,6.0,8.8,0.0,2.52,7.8125,7.6725,6.8,5.8,5.5,Fase 8 (Universitários),8.0,-2,Moderada,,,
RA-840,Aluno-840,2022,8,Masculino,2022,0.0,Escola Pública,0,0,V,Ametista,7.875,10.0,7.8,8.2,9.0,7.5,,7.5,9.6,5.9,,ALFA  (2º e 3º ano),,0,Em fase,False,False,Não atendido
RA-840,Aluno-840,2023,9,Masculino,2022,1.0,Pública,ALFA,0,ALFA G - G2/G3,Ametista,7.7862,5.0,8.2,9.0,9.5,4.38,7.5,8.59,8.3,8.0,,Fase 1 (3° e 4° ano),1.0,-1,Moderada,,,
RA-840,Aluno-840,2024,10,Masculino,2022,2.0,Pública,1G,1,1G,Topázio,8.5912909091,10.0,8.0,9.337121212,9.502,7.51,8.333333333,7.946666667,7.0,9.0,,Fase 1 (3° e 4° ano),1.0,0,Em fase,,,
RA-841,Aluno-841,2022,11,Masculino,2022,0.0,Escola Pública,0,0,V,Ametista,7.3,5.0,7.2,8.5,8.5,7.5,,7.5,8.6,5.8,,Fase 2 (5º e 6º ano),2.0,-2,Moderada,False,False,Não atendido
RA-841,Aluno-841,2023,11,Masculino,2022,1.0,Pública,ALFA,0,ALFA G - G2/G3,Ágata,6.78,5.0,6.9,7.2,0.0,7.52,7.5,9.84,6.7,7.0,,Fase 2 (5° e 6° ano),2.0,-2,Moderada,,,
RA-841,Aluno-841,2024,12,Masculino,2022,2.0,Pública,2H,2,2H,Ágata,6.035771224300001,5.0,3.25,6.3272311215000006,10.002,7.51,7.03125,5.83,4.0,2.5,,Fase 3 (7° e 8° ano),3.0,-1,Moderada,,,
RA-842,Aluno-842,2022,8,Feminino,2022,0.0,Escola Pública,0,0,Y,Ametista,7.952,10.0,9.1,8.3,7.5,7.5,,8.25,9.1,9.1,,ALFA  (2º e 3º ano),,0,Em fase,False,False,Não atendido
RA-842,Aluno-842,2023,9,Feminino,2022,1.0,Pública,ALFA,0,ALFA E - G2/G3,Ametista,7.2117,5.0,7.9,8.5,9.0,3.77,5.625,8.01,8.2,7.5,,Fase 1 (3° e 4° ano),1.0,-1,Moderada,,,
RA-842,Aluno-842,2024,10,Feminino,2022,2.0,Pública,1G,1,1G,Ametista,7.072914756400001,5.0,7.5,7.549407115,8.502,6.26,6.875,6.996666667,6.0,9.0,,Fase 2 (5° e 6° ano),2.0,-1,Moderada,,,
RA-843,Aluno-843,2022,8,Feminino,2022,0.0,Escola Pública,0,0,Y,Topázio,8.538,10.0,9.2,9.0,8.5,7.5,,8.417,9.8,8.5,,ALFA  (2º e 3º ano),,0,Em fase,True,True,Não atendido
RA-844,Aluno-844,2022,8,Masculino,2022,0.0,Escola Pública,0,0,Y,Ágata,6.253,10.0,5.9,5.0,0.0,8.1,,8.333,6.0,5.8,,ALFA  (2º e 3º ano),,0,Em fase,True,False,Não atendido
RA-845,Aluno-845,2022,8,Feminino,2022,0.0,Escola Pública,0,0,Y,Topázio,8.491,10.0,8.7,8.8,10.0,7.5,,8.417,9.1,8.3,,ALFA  (2º e 3º ano),,0,Em fase,False,True,Não atendido
RA-846,Aluno-846,2022,7,Feminino,2022,0.0,Escola Pública,0,0,Y,Ametista,7.412,10.0,5.9,7.2,9.0,7.5,,7.917,7.7,4.0,,ALFA  (2º e 3º ano),,0,Em fase,False,False,Não atendido
RA-846,Aluno-846,2023,8,Feminino,2022,1.0,Pública,ALFA,0,ALFA E - G2/G3,Ametista,7.4637,10.0,6.0,8.2,9.5,3.77,5.625,8.67,6.3,5.7,,ALFA (1° e 2° ano),,0,Em fase,,,
RA-847,Aluno-847,2022,9,Masculino,2022,0.0,Escola Pública,0,0,Y,Ágata,6.839,5.0,7.7,8.2,7.9,4.4,,7.417,7.8,7.6,,Fase 1 (4º ano),1.0,-1,Moderada,False,False,Sem limitações
RA-847,Aluno-847,2023,10,Masculino,2022,1.0,Pública,ALFA,0,ALFA E - G2/G3,Ágata,6.5418,5.0,7.6,9.1,7.9,2.52,5.0,5.84,7.5,7.6,,Fase 2 (5° e 6° ano),2.0,-2,Moderada,,,
RA-847,Aluno-847,2024,11,Masculino,2022,2.0,Pública,1D,1,1D,Quartzo,5.009290909100001,5.0,1.0,4.5454545455,9.002,5.01,7.5,6.245,0.0,2.0,,Fase 2 (5° e 6° ano),2.0,-1,Moderada,,,
RA-848,Aluno-848,2022,9,Masculino,2022,0.0,Escola Pública,0,0,Y,Ametista,7.488,5.0,9.0,7.0,9.5,7.5,,7.833,9.8,8.1,,Fase 1 (4º ano),1.0,-1,Moderada,False,False,Não atendido
RA-849,Aluno-849,2022,9,Masculino,2022,0.0,Escola Pública,0,0,Y,Ametista,7.369,5.0,9.1,8.3,8.5,7.5,,7.417,9.8,8.3,,Fase 1 (4º ano),1.0,-1,Moderada,False,False,Não atendido
RA-85,Aluno-85,2022,15,Masculino,2022,0.0,Escola Pública,5,5,K,Ágata,6.243,10.0,4.3,7.3,6.7,5.0,,5.833,5.0,3.5,,Fase 5 (1º EM),5.0,0,Em fase,False,False,Requer avaliação
RA-85,Aluno-85,2023,16,Masculino,2022,1.0,Pública,FASE 5,5,5C,Ametista,7.08435,5.0,5.7,8.9,8.8,6.27,5.9375,7.8425,5.8,3.8,7.5,Fase 6 (2° EM),6.0,-1,Moderada,,,
RA-85,Aluno-85,2024,17,Masculino,2022,2.0,Pública,5N,5,5N,Ágata,6.999509385733333,5.0,7.666666666666667,8.668046928999999,8.334,3.755,6.25,6.993333333,9.0,4.5,9.5,Fase 7 (3° EM),7.0,-2,Moderada,,,
RA-850,Aluno-850,2022,8,Masculino,2022,0.0,Escola Pública,0,0,Y,Ametista,7.641,10.0,8.5,7.3,10.0,7.5,,7.167,8.1,8.8,,ALFA  (2º e 3º ano),,0,Em fase,False,False,Não atendido
RA-850,Aluno-850,2023,9,Masculino,2022,1.0,Pública,ALFA,0,ALFA D - G2/G3,Ágata,6.06525,5.0,7.3,7.9,0.0,6.26,6.5625,6.265,6.8,7.7,,Fase 1 (3° e 4° ano),1.0,-1,Moderada,,,
RA-850,Aluno-850,2024,10,Masculino,2022,2.0,Pública,1C,1,1C,Ametista,7.864245454500001,5.0,7.75,9.2727272725,10.002,6.255,7.5,7.92,6.0,9.5,,Fase 2 (5° e 6° ano),2.0,-1,Moderada,,,
RA-851,Aluno-851,2022,8,Masculino,2022,0.0,Escola Pública,0,0,Y,Ametista,7.515,10.0,8.3,7.9,9.0,7.5,,6.583,7.9,8.7,,ALFA  (2º e 3º ano),,0,Em fase,False,False,Não atendido
RA-851,Aluno-851,2023,9,Masculino,2022,1.0,Pública,ALFA,0,ALFA E - G2/G3,Ágata,6.1683,5.0,6.6,7.5,8.4,2.52,5.625,6.01,6.8,6.3,,Fase 1 (3° e 4° ano),1.0,-1,Moderada,,,
RA-851,Aluno-851,2024,10,Masculino,2022,2.0,Pública,1B,1,1B,Ágata,6.2114602109,5.0,6.0,7.3221343875,9.002,5.63,5.625,5.106666667,5.0,7.0,,Fase 2 (5° e 6° ano),2.0,-1,Moderada,,,
RA-852,Aluno-852,2022,7,Feminino,2022,0.0,Escola Pública,0,0,Z,Quartzo,5.666,10.0,2.1,6.8,9.0,5.0,,5.5,2.5,1.8,,ALFA  (2º e 3º ano),,0,Em fase,False,False,Não indicado
RA-853,Aluno-853,2022,8,Feminino,2022,0.0,Escola Pública,0,0,Z,Topázio,8.616,10.0,8.5,9.6,10.0,7.5,,8.5,8.8,8.2,,ALFA  (2º e 3º ano),,0,Em fase,False,True,Não atendido
RA-853,Aluno-853,2023,9,Feminino,2022,1.0,Pública,ALFA,0,ALFA J - G2/G3,Ametista,7.8402,5.0,7.4,9.5,10.0,3.77,6.25,9.84,7.2,7.5,,Fase 1 (3° e 4° ano),1.0,-1,Moderada,,,
RA-853,Aluno-853,2024,10,Feminino,2022,2.0,Pública,1G,1,1G,Ametista,7.986866666600001,10.0,6.25,9.5833333335,8.502,6.26,8.333333333,7.553333333,6.5,6.0,,Fase 1 (3° e 4° ano),1.0,0,Em fase,,,
RA-854,Aluno-854,2022,8,Feminino,2022,0.0,Escola Pública,0,0,Z,Topázio,8.098,10.0,9.3,9.0,8.0,7.5,,7.167,9.5,9.0,,ALFA  (2º e 3º ano),,0,Em fase,False,False,Não atendido
RA-854,Aluno-854,2023,8,Feminino,2022,1.0,Pública,ALFA,0,ALFA J - G2/G3,Ágata,6.6415,10.0,6.0,9.5,0.0,3.77,5.625,8.01,7.5,4.5,,ALFA (1° e 2° ano),,0,Em fase,,,
RA-854,Aluno-854,2024,9,Feminino,2022,2.0,Pública,1G,1,1G,Ametista,7.826199999900001,10.0,7.0,10.0,9.502,6.26,5.833333333,6.333333333,7.0,7.0,,Fase 1 (3° e 4° ano),1.0,0,Em fase,,,
RA-855,Aluno-855,2022,9,Feminino,2022,0.0,Escola Pública,0,0,Z,Topázio,8.453,5.0,9.7,9.6,10.0,7.5,,9.0,9.7,9.6,,Fase 1 (4º ano),1.0,-1,Moderada,False,True,Não atendido
RA-855,Aluno-855,2023,9,Feminino,2022,1.0,Pública,FASE 1,1,1F,Topázio,8.62995,10.0,6.8,10.0,9.5,7.52,8.4375,8.67,5.2,8.3,,Fase 1 (3° e 4° ano),1.0,0,Em fase,,,
RA-855,Aluno-855,2024,10,Feminino,2022,2.0,Pública,2I,2,2I,Topázio,8.578533333400001,10.0,8.5,10.0,9.002,7.51,7.5,7.386666667,9.0,8.0,,Fase 2 (5° e 6° ano),2.0,0,Em fase,,,
RA-856,Aluno-856,2022,7,Masculino,2022,0.0,Escola Pública,0,0,Z,Topázio,8.398,10.0,8.4,9.1,10.0,7.5,,8.0,8.5,8.2,,ALFA  (2º e 3º ano),,0,Em fase,False,False,Não atendido
RA-856,Aluno-856,2023,8,Masculino,2022,1.0,Pública,ALFA,0,ALFA J - G2/G3,Ametista,7.3355,10.0,7.3,9.6,0.0,7.52,5.625,8.255,7.5,7.0,,ALFA (1° e 2° ano),,0,Em fase,,,
RA-857,Aluno-857,2022,9,Feminino,2022,0.0,Escola Pública,0,0,Z,Topázio,8.154,5.0,9.5,8.9,8.5,7.5,,9.083,9.6,9.3,,Fase 1 (4º ano),1.0,-1,Moderada,False,True,Não atendido
RA-857,Aluno-857,2023,9,Feminino,2022,1.0,Pública,ALFA,0,ALFA D - G2/G3,Topázio,8.1442,5.0,8.5,9.0,8.5,7.52,7.5,9.01,8.7,8.2,,Fase 1 (3° e 4° ano),1.0,-1,Moderada,,,
RA-858,Aluno-858,2022,7,Masculino,2022,0.0,Escola Pública,0,0,Z,Ametista,7.523,10.0,7.7,7.1,10.0,5.6,,7.333,8.4,6.9,,ALFA  (2º e 3º ano),,0,Em fase,False,False,Requer avaliação
RA-858,Aluno-858,2023,8,Masculino,2022,1.0,Pública,ALFA,0,ALFA F - G0/G1,Ametista,7.248833333,10.0,9.3,8.1,0.0,3.77,8.125,7.946666667,9.3,9.2,,ALFA (1° e 2° ano),,0,Em fase,,,
RA-858,Aluno-858,2024,9,Masculino,2022,2.0,Pública,ALFA,0,ALFA J - G2/G3,Ágata,6.917866666700001,5.0,8.25,6.833333333500001,9.002,2.51,7.5,7.5,10.0,6.5,,Fase 1 (3° e 4° ano),1.0,-1,Moderada,,,
RA-859,Aluno-859,2022,7,Feminino,2022,0.0,Escola Pública,0,0,Z,Topázio,8.325,10.0,8.9,8.7,8.5,7.5,,8.25,9.4,8.4,,ALFA  (2º e 3º ano),,0,Em fase,False,False,Não atendido
RA-859,Aluno-859,2023,8,Feminino,2022,1.0,Pública,ALFA,0,ALFA J - G2/G3,Topázio,8.6042,10.0,7.3,9.2,8.0,7.52,7.5,10.01,6.8,7.8,,ALFA (1° e 2° ano),,0,Em fase,,,
RA-859,Aluno-859,2024,9,Feminino,2022,2.0,Pública,1G,1,1G,Topázio,8.5817909091,10.0,8.0,9.337121212,8.002,7.51,8.958333333,8.336666667,8.0,8.0,,Fase 1 (3° e 4° ano),1.0,0,Em fase,,,
RA-86,Aluno-86,2022,16,Masculino,2016,6.0,Rede Decisão,5,5,K,Ametista,7.566,5.0,6.7,9.6,7.5,5.6,,8.458,6.2,7.2,6.9,Fase 6 (2º EM),6.0,-1,Moderada,False,True,Sem limitações
RA-86,Aluno-86,2023,17,Masculino,2016,7.0,Privada *Parcerias com Bolsa 100%,FASE 7,7,7E,,,10.0,,,8.3,6.89,,,,,,Fase 7 (3° EM),7.0,0,Em fase,,,
RA-86,Aluno-86,2024,18,Masculino,2021,3.0,Privada *Parcerias com Bolsa 100%,7E,7,7E,Ametista,7.611233333266666,10.0,5.483333333333333,9.704333333,6.667,6.57,7.5,7.5,6.35,6.3,3.8,Fase 7 (3° EM),7.0,0,Em fase,,,
RA-860,Aluno-860,2022,7,Masculino,2022,0.0,Escola Pública,0,0,Z,Topázio,8.136,10.0,8.1,8.5,9.5,7.5,,7.75,8.9,7.2,,ALFA  (2º e 3º ano),,0,Em fase,False,False,Não atendido
RA-860,Aluno-860,2023,8,Masculino,2022,1.0,Pública,ALFA,0,ALFA G - G2/G3,Topázio,8.2372,10.0,7.4,9.8,7.0,6.89,7.5,8.34,7.2,7.5,,ALFA (1° e 2° ano),,0,Em fase,,,
RA-860,Aluno-860,2024,9,Masculino,2022,2.0,Pública,1G,1,1G,Topázio,8.7738666667,10.0,8.5,9.7916666665,9.002,7.51,8.75,7.946666667,8.0,9.0,,Fase 1 (3° e 4° ano),1.0,0,Em fase,,,
RA-861,Aluno-861,2023,8,Feminino,2023,0.0,Pública,ALFA,0,ALFA A - G0/G1,Topázio,9.31095,10.0,9.6,10.0,9.5,8.13,8.4375,8.92,9.8,9.4,,ALFA (1° e 2° ano),,0,Em fase,,,
RA-861,Aluno-861,2024,9,Feminino,2023,1.0,Pública,ALFA,0,ALFA B - G2/G3,Topázio,8.959700000000002,5.0,10.0,10.0,9.502,7.51,8.125,9.73,10.0,10.0,,Fase 1 (3° e 4° ano),1.0,-1,Moderada,,,
RA-862,Aluno-862,2023,9,Masculino,2023,0.0,Pública,ALFA,0,ALFA A - G0/G1,Topázio,8.2212,5.0,8.9,9.1,8.5,8.14,7.5,8.585,8.5,9.2,,Fase 1 (3° e 4° ano),1.0,-1,Moderada,,,
RA-862,Aluno-862,2024,10,Masculino,2023,1.0,Pública,ALFA,0,ALFA B - G2/G3,Ametista,7.346677272700001,5.0,7.5,8.6136363635,9.002,7.51,7.1875,6.27,10.0,5.0,,Fase 2 (5° e 6° ano),2.0,-2,Moderada,,,
RA-863,Aluno-863,2023,7,Masculino,2023,0.0,Pública,ALFA,0,ALFA A - G0/G1,Quartzo,5.92975,10.0,6.3,7.6,0.0,3.14,5.9375,6.26,7.0,5.5,,ALFA (1° e 2° ano),,0,Em fase,,,
RA-863,Aluno-863,2024,8,Masculino,2023,1.0,Pública,ALFA,0,ALFA E - G2/G3,Quartzo,4.6684348484000004,5.0,5.5,3.159090909,8.502,2.51,4.6875,4.333333333,10.0,1.0,,Fase 1 (3° e 4° ano),1.0,-1,Moderada,,,
RA-864,Aluno-864,2023,8,Feminino,2023,0.0,Pública,ALFA,0,ALFA A - G0/G1,Ametista,7.034,10.0,6.3,7.6,0.0,8.14,7.5,8.5,7.0,5.5,,ALFA (1° e 2° ano),,0,Em fase,,,
RA-865,Aluno-865,2023,8,Masculino,2023,0.0,Pública,ALFA,0,ALFA A - G0/G1,Topázio,8.1552,10.0,7.4,8.7,8.5,7.52,7.5,7.915,7.3,7.5,,ALFA (1° e 2° ano),,0,Em fase,,,
RA-866,Aluno-866,2023,7,Feminino,2023,0.0,Pública,ALFA,0,ALFA A - G0/G1,Ametista,7.679,10.0,8.6,8.3,0.0,8.76,7.5,8.415,8.2,8.9,,ALFA (1° e 2° ano),,0,Em fase,,,
RA-867,Aluno-867,2023,8,Masculino,2023,0.0,Pública,ALFA,0,ALFA A - G0/G1,Topázio,8.6992,10.0,8.9,8.6,9.0,8.76,7.5,8.415,8.7,9.0,,ALFA (1° e 2° ano),,0,Em fase,,,
RA-867,Aluno-867,2024,9,Masculino,2023,1.0,Pública,ALFA,0,ALFA B - G2/G3,Ametista,7.583018181800001,5.0,8.5,7.409090909,9.002,7.51,7.5,7.5,10.0,7.0,,Fase 1 (3° e 4° ano),1.0,-1,Moderada,,,
RA-868,Aluno-868,2023,7,Masculino,2023,0.0,Pública,ALFA,0,ALFA A - G0/G1,Topázio,8.63895,10.0,7.1,9.5,10.0,8.76,7.1875,8.67,7.8,6.3,,ALFA (1° e 2° ano),,0,Em fase,,,
RA-868,Aluno-868,2024,8,Masculino,2023,1.0,Pública,ALFA,0,ALFA A - G0/G1,Ametista,7.156366666600001,5.0,7.0,9.75,8.002,3.76,6.875,7.213333333,8.0,6.0,,Fase 1 (3° e 4° ano),1.0,-1,Moderada,,,
RA-869,Aluno-869,2023,8,Feminino,2023,0.0,Pública,ALFA,0,ALFA A - G0/G1,Topázio,9.2587,10.0,9.6,10.0,9.0,8.76,8.125,8.75,9.8,9.4,,ALFA (1° e 2° ano),,0,Em fase,,,
RA-87,Aluno-87,2022,15,Masculino,2021,1.0,Rede Decisão,5,5,K,Topázio,8.712,10.0,8.8,9.6,8.3,7.5,,8.5,8.3,8.0,10.0,Fase 5 (1º EM),5.0,0,Em fase,False,True,Não atendido
RA-87,Aluno-87,2023,16,Masculino,2021,2.0,Privada - Programa de Apadrinhamento,FASE 6,6,6L,Topázio,8.6625,10.0,9.3,10.0,7.5,5.63,8.125,8.385,9.5,8.7,9.7,Fase 6 (2° EM),6.0,0,Em fase,,,
RA-87,Aluno-87,2024,17,Masculino,2021,3.0,Privada - Programa de Apadrinhamento,7A,7,7A,Topázio,9.437924561333332,10.0,9.166666666666666,9.649122807,8.751,9.375,9.375,9.623333333,10.0,7.5,10.0,Fase 6 (2° EM),6.0,1,Em fase,,,
RA-870,Aluno-870,2023,9,Feminino,2023,0.0,Pública,ALFA,0,ALFA A - G0/G1,Quartzo,4.909,5.0,1.5,8.5,0.0,8.76,5.0,5.165,2.0,1.0,,Fase 1 (3° e 4° ano),1.0,-1,Moderada,,,
RA-871,Aluno-871,2023,9,Masculino,2023,0.0,Pública,ALFA,0,ALFA B - G2/G3,Ágata,6.8617,5.0,6.9,9.5,9.0,3.76,4.375,6.84,6.8,7.0,,Fase 1 (3° e 4° ano),1.0,-1,Moderada,,,
RA-871,Aluno-871,2024,10,Masculino,2023,1.0,Pública,1B,1,1B,Ametista,7.2917293147999995,10.0,7.25,9.328063240999999,8.502,4.38,5.3125,5.783333333,6.0,8.5,,Fase 1 (3° e 4° ano),1.0,0,Em fase,,,
RA-872,Aluno-872,2023,10,Feminino,2023,0.0,Pública,ALFA,0,ALFA B - G2/G3,Quartzo,5.267,5.0,4.3,6.7,0.0,2.52,6.25,8.5,5.5,3.0,,Fase 2 (5° e 6° ano),2.0,-2,Moderada,,,
RA-873,Aluno-873,2023,11,Feminino,2023,0.0,Pública,ALFA,0,ALFA B - G2/G3,Ametista,7.8012,5.0,7.0,9.7,8.5,7.52,6.25,8.67,7.2,6.8,,Fase 2 (5° e 6° ano),2.0,-2,Moderada,,,
RA-873,Aluno-873,2024,12,Feminino,2023,1.0,Pública,1B,1,1B,Ametista,7.61095,5.0,6.75,10.0,8.002,6.88,7.1875,7.77,7.0,6.5,,Fase 3 (7° e 8° ano),3.0,-2,Moderada,,,
RA-874,Aluno-874,2023,9,Masculino,2023,0.0,Pública,ALFA,0,ALFA B - G2/G3,Quartzo,5.811,5.0,4.8,8.2,0.0,7.52,6.25,6.67,6.3,3.3,,Fase 1 (3° e 4° ano),1.0,-1,Moderada,,,
RA-874,Aluno-874,2024,10,Masculino,2023,1.0,Pública,1E,1,1E,Ametista,7.0235939394,5.0,7.75,4.696969697,9.502,6.26,8.75,7.915,6.0,9.5,,Fase 2 (5° e 6° ano),2.0,-1,Moderada,,,
RA-875,Aluno-875,2023,9,Masculino,2023,0.0,Pública,ALFA,0,ALFA B - G2/G3,Topázio,8.2712,5.0,7.3,9.5,9.5,7.52,7.5,9.845,7.0,7.5,,Fase 1 (3° e 4° ano),1.0,-1,Moderada,,,
RA-876,Aluno-876,2023,8,Masculino,2023,0.0,Pública,ALFA,0,ALFA B - G2/G3,Topázio,8.6492,10.0,7.5,9.4,10.0,7.52,7.5,8.835,7.3,7.7,,ALFA (1° e 2° ano),,0,Em fase,,,
RA-876,Aluno-876,2024,9,Masculino,2023,1.0,Pública,1K,1,1K,Ametista,7.612057142800001,10.0,3.75,9.0476190475,8.502,7.51,8.333333333,8.09,7.5,0.0,,Fase 1 (3° e 4° ano),1.0,0,Em fase,,,
RA-877,Aluno-877,2023,9,Masculino,2023,0.0,Pública,ALFA,0,ALFA B - G2/G3,Ametista,7.4722,5.0,6.9,9.5,9.5,7.52,5.0,7.5,7.5,6.2,,Fase 1 (3° e 4° ano),1.0,-1,Moderada,,,
RA-878,Aluno-878,2023,10,Masculino,2023,0.0,Pública,ALFA,0,ALFA B - G2/G3,Ágata,6.24,5.0,8.1,9.5,0.0,2.52,5.0,7.34,8.0,8.2,,Fase 2 (5° e 6° ano),2.0,-2,Moderada,,,
RA-878,Aluno-878,2024,11,Masculino,2023,1.0,Pública,1B,1,1B,Ágata,6.5335560606000005,5.0,6.75,6.1363636360000005,9.002,4.38,7.1875,6.996666667,6.0,7.5,,Fase 2 (5° e 6° ano),2.0,-1,Moderada,,,
RA-879,Aluno-879,2023,9,Feminino,2023,0.0,Pública,ALFA,0,ALFA B - G2/G3,Ágata,6.8225,5.0,8.2,9.8,0.0,2.52,6.875,8.915,8.2,8.2,,Fase 1 (3° e 4° ano),1.0,-1,Moderada,,,
RA-879,Aluno-879,2024,10,Feminino,2023,1.0,Pública,1A,1,1A,Topázio,8.1096318182,5.0,8.5,9.090909091,9.502,6.26,7.8125,8.67,8.0,9.0,,Fase 2 (5° e 6° ano),2.0,-1,Moderada,,,
RA-88,Aluno-88,2022,17,Masculino,2021,1.0,Escola Pública,5,5,K,Ametista,7.498,5.0,6.5,9.2,7.1,5.6,,9.208,6.8,6.2,6.4,Fase 7 (3º EM),7.0,-2,Moderada,True,True,Sem limitações
RA-88,Aluno-88,2023,18,Masculino,2021,2.0,Privada - Pagamento por *Empresa Parceira,FASE 8,8,8E,,,10.0,,,,,,,,,,Fase 8 (Universitários),8.0,0,Em fase,,,
RA-88,Aluno-88,2024,19,Masculino,2021,3.0,Privada *Parcerias com Bolsa 100%,8E,8,8E,,,10.0,,0.0,,,,,,,,Fase 8 (Universitários),8.0,0,Em fase,,,
RA-880,Aluno-880,2023,7,Feminino,2023,0.0,Pública,ALFA,0,ALFA B - G2/G3,Ágata,6.724,10.0,6.3,9.4,0.0,2.52,6.25,8.585,6.3,6.2,,ALFA (1° e 2° ano),,0,Em fase,,,
RA-880,Aluno-880,2024,8,Feminino,2023,1.0,Pública,ALFA,0,ALFA E - G2/G3,Ágata,6.853080434800001,5.0,6.5,8.445652174,9.502,2.51,7.1875,7.22,7.5,5.5,,Fase 1 (3° e 4° ano),1.0,-1,Moderada,,,
RA-881,Aluno-881,2023,8,Masculino,2023,0.0,Pública,ALFA,0,ALFA B - G2/G3,Ametista,7.7322,10.0,7.3,8.9,10.0,7.52,5.0,6.25,7.5,7.0,,ALFA (1° e 2° ano),,0,Em fase,,,
RA-882,Aluno-882,2023,8,Feminino,2023,0.0,Pública,ALFA,0,ALFA C - G0/G1,Ágata,6.0092,10.0,4.7,8.6,9.0,2.52,3.75,4.16,4.8,4.5,,ALFA (1° e 2° ano),,0,Em fase,,,
RA-883,Aluno-883,2023,8,Feminino,2023,0.0,Pública,ALFA,0,ALFA C - G0/G1,Topázio,8.5082,10.0,8.4,9.7,9.5,6.89,6.25,8.17,8.0,8.7,,ALFA (1° e 2° ano),,0,Em fase,,,
RA-884,Aluno-884,2023,7,Feminino,2023,0.0,Pública,ALFA,0,ALFA C - G0/G1,Topázio,8.4587,10.0,8.8,9.7,9.0,4.39,6.875,8.66,8.4,9.2,,ALFA (1° e 2° ano),,0,Em fase,,,
RA-884,Aluno-884,2024,8,Feminino,2023,1.0,Pública,ALFA,0,ALFA B - G2/G3,Topázio,8.0345030302,5.0,8.75,8.818181818,10.002,6.26,7.5,8.223333333,10.0,7.5,,Fase 1 (3° e 4° ano),1.0,-1,Moderada,,,
RA-885,Aluno-885,2023,7,Masculino,2023,0.0,Pública,ALFA,0,ALFA C - G0/G1,Topázio,8.8252,10.0,8.7,9.8,9.0,7.52,7.5,8.665,8.5,8.8,,ALFA (1° e 2° ano),,0,Em fase,,,
RA-885,Aluno-885,2024,9,Masculino,2023,1.0,Pública,ALFA,0,ALFA D - G2/G3,Topázio,8.2072,5.0,8.5,10.0,8.502,7.51,7.5,8.28,10.0,7.0,,Fase 1 (3° e 4° ano),1.0,-1,Moderada,,,
RA-886,Aluno-886,2023,7,Feminino,2023,0.0,Pública,ALFA,0,ALFA C - G0/G1,Topázio,8.6422,10.0,8.1,9.4,8.5,7.52,7.5,9.0,7.6,8.5,,ALFA (1° e 2° ano),,0,Em fase,,,
RA-886,Aluno-886,2024,8,Feminino,2023,1.0,Pública,ALFA,0,ALFA E - G2/G3,Topázio,8.419200000000002,5.0,8.75,10.0,9.502,8.13,7.5,8.28,9.0,8.5,,Fase 1 (3° e 4° ano),1.0,-1,Moderada,,,
RA-887,Aluno-887,2023,8,Masculino,2023,0.0,Pública,ALFA,0,ALFA C - G0/G1,Topázio,8.6718,10.0,8.4,8.9,8.9,7.52,7.5,9.09,7.8,9.0,,ALFA (1° e 2° ano),,0,Em fase,,,
RA-888,Aluno-888,2023,7,Masculino,2023,0.0,Pública,ALFA,0,ALFA C - G0/G1,Topázio,8.9182,10.0,8.8,10.0,9.0,7.52,7.5,8.83,8.2,9.3,,ALFA (1° e 2° ano),,0,Em fase,,,
RA-888,Aluno-888,2024,8,Masculino,2023,1.0,Pública,ALFA,0,ALFA D - G2/G3,Topázio,8.1942,5.0,8.5,10.0,9.002,6.88,7.5,8.28,9.0,8.0,,Fase 1 (3° e 4° ano),1.0,-1,Moderada,,,
RA-889,Aluno-889,2023,8,Masculino,2023,0.0,Pública,ALFA,0,ALFA C - G0/G1,Topázio,8.8092,10.0,9.1,9.5,8.5,6.89,7.5,9.0,8.7,9.5,,ALFA (1° e 2° ano),,0,Em fase,,,
RA-889,Aluno-889,2024,9,Masculino,2023,1.0,Pública,ALFA,0,ALFA B - G2/G3,Topázio,8.191290909100001,5.0,9.75,9.2954545455,8.502,6.26,7.5,8.28,10.0,9.5,,Fase 1 (3° e 4° ano),1.0,-1,Moderada,,,
RA-89,Aluno-89,2022,16,Masculino,2021,1.0,Escola Pública,5,5,K,Ametista,7.323,5.0,5.9,7.8,9.6,7.5,,8.0,7.5,5.7,4.7,Fase 6 (2º EM),6.0,-1,Moderada,True,False,Não atendido
RA-89,Aluno-89,2023,17,Masculino,2021,2.0,Pública,FASE 6,6,6L,Ágata,6.700775,5.0,5.1,8.1,8.3,5.0,7.34375,7.465,6.3,2.3,6.7,Fase 7 (3° EM),7.0,-1,Moderada,,,
RA-890,Aluno-890,2023,8,Masculino,2023,0.0,Pública,ALFA,0,ALFA C - G0/G1,Ágata,6.989,10.0,8.3,9.1,0.0,2.52,6.25,8.16,8.0,8.6,,ALFA (1° e 2° ano),,0,Em fase,,,
RA-891,Aluno-891,2023,9,Feminino,2023,0.0,Pública,ALFA,0,ALFA C - G0/G1,Ametista,7.8882,5.0,7.5,9.5,9.5,6.89,7.5,7.995,6.2,8.8,,Fase 1 (3° e 4° ano),1.0,-1,Moderada,,,
RA-891,Aluno-891,2024,10,Feminino,2023,1.0,Pública,ALFA,0,ALFA B - G2/G3,Topázio,8.035957575700001,5.0,8.75,9.0454545455,10.002,6.26,7.5,8.003333333,10.0,7.5,,Fase 1 (3° e 4° ano),1.0,-1,Moderada,,,
RA-892,Aluno-892,2023,8,Masculino,2023,0.0,Pública,ALFA,0,ALFA D - G2/G3,Topázio,8.8112,10.0,8.3,9.6,8.0,6.89,7.5,10.01,8.5,8.0,,ALFA (1° e 2° ano),,0,Em fase,,,
RA-892,Aluno-892,2024,9,Masculino,2023,1.0,Pública,1C,1,1C,Topázio,8.697700000000001,10.0,8.75,10.0,8.002,7.51,8.125,7.92,10.0,7.5,,Fase 1 (3° e 4° ano),1.0,0,Em fase,,,
RA-893,Aluno-893,2023,9,Masculino,2023,0.0,Pública,ALFA,0,ALFA D - G2/G3,Topázio,8.8042,5.0,9.3,10.0,9.5,7.52,7.5,10.01,9.5,9.0,,Fase 1 (3° e 4° ano),1.0,-1,Moderada,,,
RA-893,Aluno-893,2024,10,Masculino,2023,1.0,Pública,1B,1,1B,Topázio,8.8910333334,10.0,9.25,10.0,9.002,7.51,8.125,7.886666667,10.0,8.5,,Fase 1 (3° e 4° ano),1.0,0,Em fase,,,
RA-894,Aluno-894,2023,9,Feminino,2023,0.0,Pública,ALFA,0,ALFA D - G2/G3,Topázio,8.8142,5.0,9.4,9.9,9.5,7.52,7.5,10.01,9.3,9.5,,Fase 1 (3° e 4° ano),1.0,-1,Moderada,,,
RA-894,Aluno-894,2024,10,Feminino,2023,1.0,Pública,1C,1,1C,Topázio,8.67895,5.0,9.5,10.0,10.002,7.51,8.4375,8.42,9.0,10.0,,Fase 2 (5° e 6° ano),2.0,-1,Moderada,,,
RA-895,Aluno-895,2023,8,Feminino,2023,0.0,Pública,ALFA,0,ALFA D - G2/G3,Topázio,8.5397,10.0,6.8,9.5,9.5,7.52,6.875,9.5,6.8,6.7,,ALFA (1° e 2° ano),,0,Em fase,,,
RA-895,Aluno-895,2024,9,Feminino,2023,1.0,Pública,ALFA,0,ALFA B - G2/G3,Topázio,8.2579575757,5.0,9.5,9.5454545455,9.502,6.26,7.5,8.113333333,10.0,9.0,,Fase 1 (3° e 4° ano),1.0,-1,Moderada,,,
RA-896,Aluno-896,2023,7,Masculino,2023,0.0,Pública,ALFA,0,ALFA D - G2/G3,Topázio,9.0912,10.0,8.5,10.0,9.5,6.89,7.5,10.01,9.0,8.0,,ALFA (1° e 2° ano),,0,Em fase,,,
RA-896,Aluno-896,2024,8,Masculino,2023,1.0,Pública,1C,1,1C,Topázio,8.2852454545,10.0,6.5,9.7727272725,8.502,7.51,8.125,8.085,6.5,6.5,,Fase 1 (3° e 4° ano),1.0,0,Em fase,,,
RA-897,Aluno-897,2023,9,Masculino,2023,0.0,Pública,ALFA,0,ALFA D - G2/G3,Quartzo,5.48225,5.0,6.5,8.1,0.0,7.52,6.5625,3.32,7.2,5.7,,Fase 1 (3° e 4° ano),1.0,-1,Moderada,,,
RA-897,Aluno-897,2024,10,Masculino,2023,1.0,Pública,ALFA,0,ALFA I - G2/G3,Quartzo,5.2212050505,5.0,6.0,2.7525252525,7.002,2.51,6.875,6.66,5.5,6.5,,Fase 1 (3° e 4° ano),1.0,-1,Moderada,,,
RA-898,Aluno-898,2023,9,Masculino,2023,0.0,Pública,ALFA,0,ALFA E - G2/G3,Topázio,8.4217,5.0,9.4,9.8,9.0,3.77,8.125,10.01,9.7,9.0,,Fase 1 (3° e 4° ano),1.0,-1,Moderada,,,
RA-898,Aluno-898,2024,10,Masculino,2023,1.0,Pública,1B,1,1B,Ametista,7.8661333334000005,5.0,7.5,10.0,6.418,7.51,7.5,8.616666667,9.0,6.0,,Fase 2 (5° e 6° ano),2.0,-1,Moderada,,,
RA-899,Aluno-899,2023,8,Masculino,2023,0.0,Pública,ALFA,0,ALFA E - G2/G3,Topázio,8.8452,10.0,9.5,9.8,10.0,3.77,7.5,9.34,9.3,9.6,,ALFA (1° e 2° ano),,0,Em fase,,,
RA-899,Aluno-899,2024,9,Masculino,2023,1.0,Pública,1B,1,1B,Topázio,8.425024769300002,10.0,8.25,9.1007905135,10.002,5.635,8.125,7.893333333,8.0,8.5,,Fase 1 (3° e 4° ano),1.0,0,Em fase,,,
RA-9,Aluno-9,2022,18,Feminino,2019,3.0,Escola Pública,7,7,A,Topázio,8.109,5.0,6.7,9.5,8.8,7.5,,9.5,5.5,6.0,8.7,Fase 8 (Universitários),8.0,-1,Moderada,True,True,Sem limitações
RA-90,Aluno-90,2022,13,Feminino,2019,3.0,Rede Decisão,5,5,L,Topázio,9.442,10.0,8.5,9.7,10.0,9.4,,9.75,7.7,8.0,9.8,Fase 3 (7º e 8º ano),3.0,2,Em fase,False,True,Sem limitações
RA-90,Aluno-90,2023,14,Feminino,2019,4.0,Privada - Programa de Apadrinhamento,FASE 5,5,5L,Topázio,8.699408333,10.0,7.7,9.6,10.0,7.52,8.59375,8.1725,6.7,6.8,9.5,Fase 4 (9° ano),4.0,1,Em fase,,,
RA-90,Aluno-90,2024,15,Feminino,2021,3.0,Privada *Parcerias com Bolsa 100%,7E,7,7E,Topázio,8.352033333333335,10.0,8.066666666666666,9.0,10.002,6.885,7.5,7.5,7.7,8.3,8.2,Fase 5 (1° EM),5.0,2,Em fase,,,
RA-900,Aluno-900,2023,8,Feminino,2023,0.0,Pública,ALFA,0,ALFA E - G2/G3,Topázio,8.8947,10.0,7.8,9.8,9.0,9.38,8.125,8.67,8.0,7.5,,ALFA (1° e 2° ano),,0,Em fase,,,
RA-900,Aluno-900,2024,9,Feminino,2023,1.0,Pública,1B,1,1B,Topázio,8.802003030200002,10.0,8.5,9.318181818,9.002,8.13,8.125,8.563333333,8.0,9.0,,Fase 1 (3° e 4° ano),1.0,0,Em fase,,,
RA-901,Aluno-901,2023,10,Masculino,2023,0.0,Pública,ALFA,0,ALFA E - G2/G3,Ametista,7.3112,5.0,7.5,8.7,8.5,3.77,6.25,8.595,7.7,7.3,,Fase 2 (5° e 6° ano),2.0,-2,Moderada,,,
RA-902,Aluno-902,2023,12,Masculino,2023,0.0,Pública,ALFA,0,ALFA E - G2/G3,Quartzo,5.97345,2.5,3.9,9.3,10.0,2.52,5.3125,6.5,4.5,3.3,,Fase 3 (7° e 8° ano),3.0,-3,Severa,,,
RA-903,Aluno-903,2023,8,Feminino,2023,0.0,Pública,ALFA,0,ALFA E - G2/G3,Topázio,8.5242,10.0,7.8,9.6,10.0,5.02,7.5,9.01,7.7,7.8,,ALFA (1° e 2° ano),,0,Em fase,,,
RA-903,Aluno-903,2024,9,Feminino,2023,1.0,Pública,1B,1,1B,Topázio,8.0758287879,10.0,5.0,9.7727272725,10.002,7.505,7.8125,7.946666667,6.0,4.0,,Fase 1 (3° e 4° ano),1.0,0,Em fase,,,
RA-904,Aluno-904,2023,7,Feminino,2023,0.0,Pública,ALFA,0,ALFA F - G0/G1,Topázio,8.140783333,10.0,6.4,9.3,9.0,7.52,7.8125,7.836666667,6.0,6.8,,ALFA (1° e 2° ano),,0,Em fase,,,
RA-904,Aluno-904,2024,8,Feminino,2023,1.0,Pública,ALFA,0,ALFA F - G0/G1,Ametista,7.6352,5.0,6.0,8.75,9.502,7.51,7.5,8.67,6.0,6.0,,Fase 1 (3° e 4° ano),1.0,-1,Moderada,,,
RA-905,Aluno-905,2023,9,Masculino,2023,0.0,Pública,ALFA,0,ALFA F - G0/G1,Ametista,7.831033333,5.0,8.3,9.4,9.5,7.52,6.875,7.056666667,7.5,9.0,,Fase 1 (3° e 4° ano),1.0,-1,Moderada,,,
RA-905,Aluno-905,2024,10,Masculino,2023,1.0,Pública,ALFA,0,ALFA J - G2/G3,Ágata,6.3925823529,5.0,3.0,7.7794117645,9.002,7.51,6.875,6.99,2.0,4.0,,Fase 2 (5° e 6° ano),2.0,-2,Moderada,,,
RA-906,Aluno-906,2023,8,Masculino,2023,0.0,Pública,ALFA,0,ALFA F - G0/G1,Topázio,8.1922,10.0,8.6,9.2,7.5,7.52,7.5,6.95,7.7,9.4,,ALFA (1° e 2° ano),,0,Em fase,,,
RA-907,Aluno-907,2023,8,Feminino,2023,0.0,Privada,ALFA,0,ALFA F - G0/G1,Topázio,8.962033333,10.0,9.3,9.6,9.5,7.52,8.125,8.336666667,9.2,9.4,,ALFA (1° e 2° ano),,0,Em fase,,,
RA-907,Aluno-907,2024,9,Feminino,2023,1.0,Privada,ALFA,0,ALFA J - G2/G3,Ametista,7.9400888889,5.0,8.75,8.9444444445,9.002,7.51,7.5,7.5,10.0,7.5,,Fase 1 (3° e 4° ano),1.0,-1,Moderada,,,
RA-908,Aluno-908,2023,8,Feminino,2023,0.0,Pública,ALFA,0,ALFA F - G0/G1,Topázio,8.479366667,10.0,7.9,9.0,9.0,7.52,8.125,8.223333333,6.7,9.0,,ALFA (1° e 2° ano),,0,Em fase,,,
RA-908,Aluno-908,2024,9,Feminino,2023,1.0,Pública,ALFA,0,ALFA I - G2/G3,Ágata,6.764292246,5.0,4.75,8.14171123,8.502,7.51,7.1875,6.83,3.0,6.5,,Fase 1 (3° e 4° ano),1.0,-1,Moderada,,,
RA-909,Aluno-909,2023,10,Feminino,2023,0.0,Pública,ALFA,0,ALFA F - G0/G1,Topázio,8.486033333,5.0,9.2,9.9,10.0,7.52,8.125,8.056666667,9.1,9.2,,Fase 2 (5° e 6° ano),2.0,-2,Moderada,,,
RA-909,Aluno-909,2024,11,Feminino,2023,1.0,Pública,ALFA,0,ALFA J - G2/G3,Ametista,7.722033333300001,5.0,8.25,8.1666666665,10.002,7.51,6.875,7.5,10.0,6.5,,Fase 2 (5° e 6° ano),2.0,-2,Moderada,,,
RA-91,Aluno-91,2022,16,Feminino,2016,6.0,Rede Decisão,5,5,L,Ágata,6.645,5.0,6.6,5.7,9.2,5.6,,7.125,5.5,5.7,8.5,Fase 6 (2º EM),6.0,-1,Moderada,False,False,Requer avaliação
RA-91,Aluno-91,2023,17,Feminino,2016,7.0,Privada - Programa de Apadrinhamento,FASE 6,6,6L,Ametista,7.42395,5.0,7.4,7.4,10.0,6.89,7.8125,7.4675,9.5,5.0,7.7,Fase 7 (3° EM),7.0,-1,Moderada,,,
RA-91,Aluno-91,2024,18,Feminino,2021,3.0,Privada - Programa de Apadrinhamento,6L,6,6L,Ametista,7.426704761933335,5.0,7.333333333333333,7.476190476333334,10.002,5.635,7.875,8.068,9.0,4.0,9.0,Fase 7 (3° EM),7.0,-1,Moderada,,,
RA-910,Aluno-910,2023,8,Masculino,2023,0.0,Pública,ALFA,0,ALFA F - G0/G1,Ametista,7.801,10.0,8.9,8.8,0.0,7.52,8.75,8.17,8.8,9.0,,ALFA (1° e 2° ano),,0,Em fase,,,
RA-910,Aluno-910,2024,9,Masculino,2023,1.0,Pública,1G,1,1G,Topázio,8.1163818182,10.0,7.5,8.674242424500001,8.502,7.51,7.916666667,7.443333333,9.0,6.0,,Fase 1 (3° e 4° ano),1.0,0,Em fase,,,
RA-911,Aluno-911,2023,11,Masculino,2023,0.0,Pública,ALFA,0,ALFA G - G2/G3,Quartzo,5.59545,5.0,3.4,6.7,9.0,2.52,5.3125,7.01,3.7,3.0,,Fase 2 (5° e 6° ano),2.0,-2,Moderada,,,
RA-911,Aluno-911,2024,12,Masculino,2023,1.0,Pública,1G,1,1G,Quartzo,5.4552454547,5.0,4.5,4.772727273,8.002,7.51,6.041666667,4.726666667,5.0,4.0,,Fase 3 (7° e 8° ano),3.0,-2,Moderada,,,
RA-912,Aluno-912,2023,9,Feminino,2023,0.0,Pública,ALFA,0,ALFA G - G2/G3,Ametista,7.0797,5.0,6.3,9.4,7.0,7.52,5.625,7.175,6.2,6.3,,Fase 1 (3° e 4° ano),1.0,-1,Moderada,,,
RA-912,Aluno-912,2024,10,Feminino,2023,1.0,Pública,ALFA,0,ALFA G - G2/G3,Ametista,7.697103508700001,5.0,7.25,9.4736842105,9.002,7.51,8.125,6.943333333,7.0,7.5,,Fase 2 (5° e 6° ano),2.0,-2,Moderada,,,
RA-913,Aluno-913,2023,10,Feminino,2023,0.0,Pública,ALFA,0,ALFA H - G0/G1,Ametista,7.7432,5.0,7.9,8.5,8.0,6.89,6.25,9.245,9.5,6.3,,Fase 2 (5° e 6° ano),2.0,-2,Moderada,,,
RA-914,Aluno-914,2023,8,Feminino,2023,0.0,Pública,ALFA,0,ALFA H - G0/G1,Topázio,8.6912,10.0,8.7,9.2,10.0,7.52,6.25,8.67,9.0,8.4,,ALFA (1° e 2° ano),,0,Em fase,,,
RA-915,Aluno-915,2023,8,Feminino,2023,0.0,Pública,ALFA,0,ALFA H - G0/G1,Topázio,8.5962,10.0,8.4,8.4,10.0,7.52,7.5,8.67,8.1,8.7,,ALFA (1° e 2° ano),,0,Em fase,,,
RA-916,Aluno-916,2023,9,Feminino,2023,0.0,Pública,ALFA,0,ALFA H - G0/G1,Ametista,7.3882,5.0,6.6,9.7,9.5,2.52,6.25,9.005,7.7,5.5,,Fase 1 (3° e 4° ano),1.0,-1,Moderada,,,
RA-916,Aluno-916,2024,10,Feminino,2023,1.0,Pública,ALFA,0,ALFA I - G2/G3,Quartzo,5.5058531621,5.0,2.75,7.3320158105,8.502,2.51,6.5625,6.16,3.5,2.0,,Fase 2 (5° e 6° ano),2.0,-2,Moderada,,,
RA-917,Aluno-917,2023,7,Feminino,2023,0.0,Pública,ALFA,0,ALFA H - G0/G1,Quartzo,5.987,10.0,7.0,7.2,0.0,2.52,6.25,6.35,5.3,8.7,,ALFA (1° e 2° ano),,0,Em fase,,,
RA-918,Aluno-918,2023,7,Feminino,2023,0.0,Pública,ALFA,0,ALFA H - G0/G1,Ametista,7.4967,10.0,7.7,8.7,10.0,2.52,5.625,7.01,7.1,8.3,,ALFA (1° e 2° ano),,0,Em fase,,,
RA-918,Aluno-918,2024,8,Feminino,2023,1.0,Pública,ALFA,0,ALFA G - G2/G3,Quartzo,5.657357017600001,5.0,2.75,8.697368421,7.918,2.51,5.9375,6.156666667,1.0,4.5,,Fase 1 (3° e 4° ano),1.0,-1,Moderada,,,
RA-919,Aluno-919,2023,9,Masculino,2023,0.0,Pública,ALFA,0,ALFA H - G0/G1,Ágata,6.225,5.0,5.3,8.4,0.0,7.52,6.25,8.09,5.5,5.0,,Fase 1 (3° e 4° ano),1.0,-1,Moderada,,,
RA-919,Aluno-919,2024,10,Masculino,2023,1.0,Pública,ALFA,0,ALFA I - G2/G3,Quartzo,5.799702673800001,5.0,5.25,4.692513369,7.002,6.255,6.875,6.49,6.5,4.0,,Fase 2 (5° e 6° ano),2.0,-2,Moderada,,,
RA-92,Aluno-92,2022,16,Feminino,2016,6.0,Rede Decisão,5,5,L,Ágata,6.957,5.0,7.4,7.1,9.2,5.0,,6.667,7.8,5.5,8.8,Fase 6 (2º EM),6.0,-1,Moderada,False,False,Requer avaliação
RA-92,Aluno-92,2023,17,Feminino,2016,7.0,Privada - Programa de Apadrinhamento,FASE 6,6,6L,Ametista,7.375916667,5.0,6.7,9.4,9.6,5.63,7.1875,7.045,8.7,4.8,6.7,Fase 7 (3° EM),7.0,-1,Moderada,,,
RA-92,Aluno-92,2024,18,Feminino,2021,3.0,Privada - Programa de Apadrinhamento,7A,7,7A,Topázio,8.052279017,10.0,7.5,8.769145085,10.002,7.51,7.8125,6.33,8.0,5.0,9.5,Fase 7 (3° EM),7.0,0,Em fase,,,
RA-920,Aluno-920,2023,8,Feminino,2023,0.0,Pública,ALFA,0,ALFA H - G0/G1,Ágata,6.9647,10.0,6.1,6.3,9.0,7.52,5.625,6.35,6.0,6.2,,ALFA (1° e 2° ano),,0,Em fase,,,
RA-920,Aluno-920,2024,9,Feminino,2023,1.0,Pública,ALFA,0,ALFA G - G2/G3,Ametista,7.7494938597,5.0,8.25,7.6710526315,9.502,7.51,7.1875,8.226666667,9.0,7.5,,Fase 1 (3° e 4° ano),1.0,-1,Moderada,,,
RA-921,Aluno-921,2023,7,Feminino,2023,0.0,Pública,ALFA,0,ALFA I - G2/G3,Ametista,7.7407,10.0,6.3,9.7,9.0,7.52,5.625,6.68,6.5,6.0,,ALFA (1° e 2° ano),,0,Em fase,,,
RA-921,Aluno-921,2024,8,Feminino,2023,1.0,Pública,ALFA,0,ALFA I - G2/G3,Ametista,7.2838203209,5.0,6.0,8.6631016045,8.502,7.51,7.5,7.5,5.0,7.0,,Fase 1 (3° e 4° ano),1.0,-1,Moderada,,,
RA-922,Aluno-922,2023,8,Feminino,2023,0.0,Pública,ALFA,0,ALFA I - G2/G3,Topázio,8.5262,10.0,8.4,9.7,8.5,3.14,7.5,10.01,8.5,8.2,,ALFA (1° e 2° ano),,0,Em fase,,,
RA-922,Aluno-922,2024,9,Feminino,2023,1.0,Pública,1C,1,1C,Topázio,8.5209954545,10.0,7.75,9.5227272725,9.002,7.51,7.8125,8.17,7.5,8.0,,Fase 1 (3° e 4° ano),1.0,0,Em fase,,,
RA-923,Aluno-923,2023,8,Feminino,2023,0.0,Pública,ALFA,0,ALFA I - G2/G3,Topázio,8.8842,10.0,7.3,9.9,9.5,7.52,7.5,10.01,7.5,7.0,,ALFA (1° e 2° ano),,0,Em fase,,,
RA-923,Aluno-923,2024,9,Feminino,2023,1.0,Pública,1D,1,1D,Ametista,7.688609090900001,10.0,5.5,7.9545454545,8.002,7.51,8.125,8.17,5.0,6.0,,Fase 1 (3° e 4° ano),1.0,0,Em fase,,,
RA-924,Aluno-924,2023,8,Masculino,2023,0.0,Pública,ALFA,0,ALFA I - G2/G3,Ágata,6.5207,10.0,5.0,5.6,9.0,7.52,5.625,5.93,5.0,5.0,,ALFA (1° e 2° ano),,0,Em fase,,,
RA-924,Aluno-924,2024,9,Masculino,2023,1.0,Pública,ALFA,0,ALFA I - G2/G3,Ágata,6.4727360962,5.0,7.0,4.598930481,7.002,7.51,7.1875,7.415,7.5,6.5,,Fase 1 (3° e 4° ano),1.0,-1,Moderada,,,
RA-925,Aluno-925,2023,7,Masculino,2023,0.0,Pública,ALFA,0,ALFA I - G2/G3,Ametista,7.1837,10.0,5.4,8.9,9.0,7.52,5.625,5.595,5.2,5.5,,ALFA (1° e 2° ano),,0,Em fase,,,
RA-925,Aluno-925,2024,8,Masculino,2023,1.0,Pública,ALFA,0,ALFA I - G2/G3,Ágata,6.587019518800001,5.0,4.75,7.005347594,8.002,7.51,7.1875,7.33,3.0,6.5,,Fase 1 (3° e 4° ano),1.0,-1,Moderada,,,
RA-926,Aluno-926,2023,9,Feminino,2023,0.0,Pública,ALFA,0,ALFA J - G2/G3,Ametista,7.7792,5.0,6.8,10.0,9.0,3.77,7.5,9.51,6.5,7.0,,Fase 1 (3° e 4° ano),1.0,-1,Moderada,,,
RA-926,Aluno-926,2024,10,Feminino,2023,1.0,Pública,1G,1,1G,Ametista,7.7830787878,5.0,7.0,9.7727272725,9.002,7.51,8.333333333,7.22,7.0,7.0,,Fase 2 (5° e 6° ano),2.0,-1,Moderada,,,
RA-927,Aluno-927,2023,9,Feminino,2023,0.0,Pública,ALFA,0,ALFA J - G2/G3,Ametista,7.5982,5.0,6.4,9.7,9.0,3.77,7.5,9.255,7.0,5.8,,Fase 1 (3° e 4° ano),1.0,-1,Moderada,,,
RA-927,Aluno-927,2024,10,Feminino,2023,1.0,Pública,1G,1,1G,Ametista,7.9921696969000005,10.0,6.5,9.318181818,8.002,7.51,8.333333333,7.22,7.0,6.0,,Fase 1 (3° e 4° ano),1.0,0,Em fase,,,
RA-928,Aluno-928,2023,8,Feminino,2023,0.0,Pública,ALFA,0,ALFA K - G0/G1,Topázio,9.3712,10.0,9.8,10.0,8.5,7.52,8.75,9.67,9.8,9.8,,ALFA (1° e 2° ano),,0,Em fase,,,
RA-928,Aluno-928,2024,9,Feminino,2023,1.0,Pública,1K,1,1K,Topázio,8.8733666667,10.0,8.75,10.0,8.002,7.51,8.541666667,8.59,8.5,9.0,,Fase 1 (3° e 4° ano),1.0,0,Em fase,,,
RA-929,Aluno-929,2023,8,Feminino,2023,0.0,Pública,ALFA,0,ALFA K - G0/G1,Topázio,9.1312,10.0,8.8,9.8,8.5,7.52,8.75,9.67,8.7,8.9,,ALFA (1° e 2° ano),,0,Em fase,,,
RA-929,Aluno-929,2024,9,Feminino,2023,1.0,Pública,ALFA,0,ALFA O - G2/G3,Ametista,7.7244368421,5.0,6.75,9.4736842105,9.002,7.51,8.125,7.58,7.0,6.5,,Fase 1 (3° e 4° ano),1.0,-1,Moderada,,,
RA-93,Aluno-93,2022,15,Feminino,2016,6.0,Rede Decisão,5,5,L,Topázio,8.941,10.0,8.5,9.7,8.3,8.1,,9.083,8.8,8.3,8.4,Fase 5 (1º EM),5.0,0,Em fase,False,True,Sem limitações
RA-93,Aluno-93,2023,16,Feminino,2016,7.0,Privada - Programa de Apadrinhamento,FASE 7,7,7E,,,10.0,,,7.9,3.14,,,,,,Fase 6 (2° EM),6.0,1,Em fase,,,
RA-93,Aluno-93,2024,17,Feminino,2021,3.0,Privada - Programa de Apadrinhamento,7E,7,7E,Topázio,8.275550000066668,10.0,7.483333333333333,9.931666667,9.168,6.2575,7.5,7.5,6.75,7.2,8.5,Fase 6 (2° EM),6.0,1,Em fase,,,
RA-930,Aluno-930,2023,8,Masculino,2023,0.0,Pública,ALFA,0,ALFA K - G0/G1,Topázio,8.8872,10.0,9.0,8.8,9.0,7.52,8.75,9.0,8.7,9.3,,ALFA (1° e 2° ano),,0,Em fase,,,
RA-930,Aluno-930,2024,9,Masculino,2023,1.0,Pública,ALFA,0,ALFA O - G2/G3,Ametista,7.9298184211,5.0,8.0,9.7368421055,8.502,7.51,7.8125,7.5,8.0,8.0,,Fase 1 (3° e 4° ano),1.0,-1,Moderada,,,
RA-931,Aluno-931,2023,8,Masculino,2023,0.0,Pública,ALFA,0,ALFA K - G0/G1,Ametista,7.3747,10.0,7.8,8.2,8.5,2.52,5.625,7.6,7.0,8.5,,ALFA (1° e 2° ano),,0,Em fase,,,
RA-931,Aluno-931,2024,9,Masculino,2023,1.0,Pública,ALFA,0,ALFA K - G0/G1,Ametista,7.075466666700001,5.0,8.5,8.5833333335,7.918,2.51,7.5,6.83,8.0,9.0,,Fase 1 (3° e 4° ano),1.0,-1,Moderada,,,
RA-932,Aluno-932,2023,7,Feminino,2023,0.0,Pública,ALFA,0,ALFA K - G0/G1,Topázio,8.3847,10.0,7.5,7.9,9.5,7.52,8.125,9.0,6.5,8.4,,ALFA (1° e 2° ano),,0,Em fase,,,
RA-933,Aluno-933,2023,8,Feminino,2023,0.0,Pública,ALFA,0,ALFA K - G0/G1,Topázio,8.6712,10.0,7.7,8.4,9.0,7.52,8.75,9.67,8.0,7.3,,ALFA (1° e 2° ano),,0,Em fase,,,
RA-934,Aluno-934,2023,8,Feminino,2023,0.0,Pública,ALFA,0,ALFA K - G0/G1,Topázio,9.1737,10.0,8.7,9.6,9.0,7.52,9.375,9.67,8.3,9.0,,ALFA (1° e 2° ano),,0,Em fase,,,
RA-934,Aluno-934,2024,9,Feminino,2023,1.0,Pública,ALFA,0,ALFA L - G2/G3,Topázio,8.338700000000001,5.0,8.5,9.75,9.502,7.51,9.375,7.75,10.0,7.0,,Fase 1 (3° e 4° ano),1.0,-1,Moderada,,,
RA-935,Aluno-935,2023,9,Masculino,2023,0.0,Pública,ALFA,0,ALFA K - G0/G1,Ametista,7.9535,5.0,9.4,9.8,0.0,7.52,9.375,9.67,9.2,9.5,,Fase 1 (3° e 4° ano),1.0,-1,Moderada,,,
RA-935,Aluno-935,2024,10,Masculino,2023,1.0,Pública,ALFA,0,ALFA O - G2/G3,Topázio,8.3422,5.0,8.5,10.0,9.502,7.51,8.75,7.83,10.0,7.0,,Fase 1 (3° e 4° ano),1.0,-1,Moderada,,,
RA-936,Aluno-936,2023,8,Feminino,2023,0.0,Pública,ALFA,0,ALFA K - G0/G1,Topázio,8.5477,10.0,6.5,10.0,9.0,7.52,8.125,8.915,5.0,8.0,,ALFA (1° e 2° ano),,0,Em fase,,,
RA-937,Aluno-937,2023,8,Feminino,2023,0.0,Pública,ALFA,0,ALFA K - G0/G1,Topázio,9.3237,10.0,9.2,9.6,9.5,7.52,9.375,9.67,9.0,9.3,,ALFA (1° e 2° ano),,0,Em fase,,,
RA-937,Aluno-937,2024,9,Feminino,2023,1.0,Pública,ALFA,0,ALFA O - G2/G3,Topázio,8.3792,5.0,7.5,10.0,10.002,9.38,8.75,7.83,8.0,7.0,,Fase 1 (3° e 4° ano),1.0,-1,Moderada,,,
RA-938,Aluno-938,2023,9,Masculino,2023,0.0,Pública,ALFA,0,ALFA K - G0/G1,Ágata,6.7372,5.0,4.2,8.4,8.5,7.52,6.25,7.5,0.0,8.3,,Fase 1 (3° e 4° ano),1.0,-1,Moderada,,,
RA-938,Aluno-938,2024,10,Masculino,2023,1.0,Pública,ALFA,0,ALFA L - G2/G3,Topázio,8.0056026915,5.0,7.75,9.544513457499999,9.502,7.51,8.125,7.665,10.0,5.5,,Fase 1 (3° e 4° ano),1.0,-1,Moderada,,,
RA-939,Aluno-939,2023,11,Feminino,2023,0.0,Pública,ALFA,0,ALFA L - G2/G3,Ametista,7.9742,5.0,5.4,10.0,9.0,7.52,7.5,10.01,5.0,5.7,,Fase 2 (5° e 6° ano),2.0,-2,Moderada,,,
RA-939,Aluno-939,2024,12,Feminino,2023,1.0,Pública,1N,1,1N,Ametista,7.051379841899999,5.0,5.0,8.8833992095,9.002,5.63,8.125,7.495,6.0,4.0,,Fase 2 (5° e 6° ano),2.0,-1,Moderada,,,
RA-94,Aluno-94,2022,15,Feminino,2018,4.0,Rede Decisão,5,5,L,Topázio,8.921,10.0,7.7,9.6,8.3,8.1,,9.583,7.0,6.7,9.5,Fase 5 (1º EM),5.0,0,Em fase,False,True,Sem limitações
RA-94,Aluno-94,2023,16,Feminino,2018,5.0,Privada - Programa de Apadrinhamento,FASE 5,5,5L,Ametista,7.289333333,5.0,7.2,9.6,7.5,2.52,8.75,7.795,7.7,4.8,9.0,Fase 6 (2° EM),6.0,-1,Moderada,,,
RA-94,Aluno-94,2024,17,Feminino,2021,3.0,Privada - Programa de Apadrinhamento,6L,6,6L,Topázio,8.637033333333335,10.0,8.0,9.666666666666666,10.002,6.26,8.375,8.2,7.0,7.0,10.0,Fase 6 (2° EM),6.0,0,Em fase,,,
RA-940,Aluno-940,2023,11,Masculino,2023,0.0,Pública,ALFA,0,ALFA L - G2/G3,Ágata,6.6112,5.0,6.3,8.4,9.0,2.52,6.25,7.02,6.8,5.7,,Fase 2 (5° e 6° ano),2.0,-2,Moderada,,,
RA-941,Aluno-941,2023,8,Feminino,2023,0.0,Pública,ALFA,0,ALFA L - G2/G3,Ametista,7.6872,10.0,5.0,10.0,8.0,7.52,5.0,8.175,5.0,5.0,,ALFA (1° e 2° ano),,0,Em fase,,,
RA-941,Aluno-941,2024,9,Feminino,2023,1.0,Pública,ALFA,0,ALFA L - G2/G3,Ametista,7.746700000000001,5.0,8.75,9.25,8.002,5.01,8.125,7.665,10.0,7.5,,Fase 1 (3° e 4° ano),1.0,-1,Moderada,,,
RA-942,Aluno-942,2023,10,Feminino,2023,0.0,Pública,ALFA,0,ALFA L - G2/G3,Ágata,6.8547,5.0,7.1,8.9,9.5,2.52,5.625,7.0,7.3,6.8,,Fase 2 (5° e 6° ano),2.0,-2,Moderada,,,
RA-943,Aluno-943,2023,8,Feminino,2023,0.0,Pública,ALFA,0,ALFA L - G2/G3,Topázio,8.9172,10.0,8.0,9.4,9.5,7.52,7.5,9.925,8.0,8.0,,ALFA (1° e 2° ano),,0,Em fase,,,
RA-943,Aluno-943,2024,9,Feminino,2023,1.0,Pública,1L,1,1L,Topázio,8.965033333300001,10.0,8.0,10.0,10.002,7.51,8.958333333,8.59,7.0,9.0,,Fase 1 (3° e 4° ano),1.0,0,Em fase,,,
RA-944,Aluno-944,2023,9,Feminino,2023,0.0,Pública,ALFA,0,ALFA M - G0/G1,Ametista,7.0687,5.0,7.5,7.6,9.0,7.52,5.625,6.67,9.2,5.8,,Fase 1 (3° e 4° ano),1.0,-1,Moderada,,,
RA-944,Aluno-944,2024,10,Feminino,2023,1.0,Pública,ALFA,0,ALFA L - G2/G3,Ametista,7.8262,5.0,9.0,7.25,9.002,7.51,8.75,7.75,10.0,8.0,,Fase 2 (5° e 6° ano),2.0,-2,Moderada,,,
RA-945,Aluno-945,2023,8,Masculino,2023,0.0,Pública,ALFA,0,ALFA M - G0/G1,Topázio,8.0777,10.0,7.9,9.2,8.5,7.52,6.875,6.84,8.0,7.8,,ALFA (1° e 2° ano),,0,Em fase,,,
RA-945,Aluno-945,2024,9,Masculino,2023,1.0,Pública,ALFA,0,ALFA N - G2/G3,Ametista,7.4195809524000005,5.0,8.75,9.511904762,9.002,2.51,7.5,6.83,10.0,7.5,,Fase 1 (3° e 4° ano),1.0,-1,Moderada,,,
RA-946,Aluno-946,2023,7,Masculino,2023,0.0,Pública,ALFA,0,ALFA M - G0/G1,Topázio,8.5822,10.0,9.3,9.4,9.5,7.52,7.5,7.0,9.0,9.5,,ALFA (1° e 2° ano),,0,Em fase,,,
RA-946,Aluno-946,2024,8,Masculino,2023,1.0,Pública,ALFA,0,ALFA N - G2/G3,Ágata,6.677723809500001,5.0,4.5,8.7976190475,9.502,2.51,7.5,7.835,3.0,6.0,,Fase 1 (3° e 4° ano),1.0,-1,Moderada,,,
RA-947,Aluno-947,2023,8,Masculino,2023,0.0,Pública,ALFA,0,ALFA M - G0/G1,Ágata,6.3457,10.0,3.3,7.9,9.0,7.52,4.375,5.08,1.7,4.9,,ALFA (1° e 2° ano),,0,Em fase,,,
RA-947,Aluno-947,2024,9,Masculino,2023,1.0,Pública,ALFA,0,ALFA M - G0/G1,Ágata,6.053509523800001,5.0,4.5,7.619047619,9.002,7.51,5.625,4.58,4.0,5.0,,Fase 1 (3° e 4° ano),1.0,-1,Moderada,,,
RA-948,Aluno-948,2023,8,Feminino,2023,0.0,Pública,ALFA,0,ALFA M - G0/G1,Ágata,6.5277,10.0,0.0,7.6,9.0,7.52,6.875,8.34,0.0,0.0,,ALFA (1° e 2° ano),,0,Em fase,,,
RA-949,Aluno-949,2023,8,Feminino,2023,0.0,Pública,ALFA,0,ALFA M - G0/G1,Topázio,8.0172,10.0,8.9,8.1,9.5,7.52,6.25,6.5,9.1,8.6,,ALFA (1° e 2° ano),,0,Em fase,,,
RA-949,Aluno-949,2024,9,Feminino,2023,1.0,Pública,ALFA,0,ALFA N - G2/G3,Ametista,7.1323428571,5.0,6.5,8.7857142855,9.002,7.51,6.25,6.495,6.0,7.0,,Fase 1 (3° e 4° ano),1.0,-1,Moderada,,,
RA-95,Aluno-95,2022,17,Feminino,2022,0.0,Escola Pública,5,5,L,Ágata,6.308,5.0,4.8,6.6,8.3,7.5,,6.292,6.0,8.0,0.5,Fase 7 (3º EM),7.0,-2,Moderada,False,False,Sem limitações
RA-950,Aluno-950,2023,8,Feminino,2023,0.0,Pública,ALFA,0,ALFA M - G0/G1,Topázio,8.8862,10.0,9.3,10.0,9.0,7.52,7.5,8.17,9.5,9.0,,ALFA (1° e 2° ano),,0,Em fase,,,
RA-950,Aluno-950,2024,9,Feminino,2023,1.0,Pública,ALFA,0,ALFA N - G2/G3,Ametista,7.693461904800001,5.0,7.0,9.023809524,9.502,7.51,6.875,8.0,7.5,6.5,,Fase 1 (3° e 4° ano),1.0,-1,Moderada,,,
RA-951,Aluno-951,2023,7,Feminino,2023,0.0,Pública,ALFA,0,ALFA M - G0/G1,Topázio,8.8902,10.0,8.4,9.7,9.5,7.52,7.5,9.09,8.5,8.3,,ALFA (1° e 2° ano),,0,Em fase,,,
RA-951,Aluno-951,2024,8,Feminino,2023,1.0,Privada,ALFA,0,ALFA N - G2/G3,Ágata,6.4483428571,5.0,4.0,9.0357142855,10.002,2.51,6.25,7.325,5.0,3.0,,Fase 1 (3° e 4° ano),1.0,-1,Moderada,,,
RA-952,Aluno-952,2023,8,Masculino,2023,0.0,Pública,ALFA,0,ALFA N - G2/G3,Topázio,8.37095,10.0,9.0,9.2,9.5,3.77,7.1875,8.425,8.8,9.2,,ALFA (1° e 2° ano),,0,Em fase,,,
RA-952,Aluno-952,2024,9,Masculino,2023,1.0,Pública,1N,1,1N,Topázio,8.853624242300002,10.0,8.5,9.545454545,9.502,6.26,8.333333333,9.175,8.0,9.0,,Fase 1 (3° e 4° ano),1.0,0,Em fase,,,
RA-953,Aluno-953,2023,8,Feminino,2023,0.0,Pública,ALFA,0,ALFA N - G2/G3,Ametista,7.54005,10.0,8.3,8.8,7.4,3.14,6.5625,7.09,8.5,8.0,,ALFA (1° e 2° ano),,0,Em fase,,,
RA-953,Aluno-953,2024,9,Feminino,2023,1.0,Pública,1N,1,1N,Ametista,7.961241502000001,10.0,8.5,6.85770751,9.002,6.26,8.125,7.755,8.0,9.0,,Fase 1 (3° e 4° ano),1.0,0,Em fase,,,
RA-954,Aluno-954,2023,8,Feminino,2023,0.0,Pública,ALFA,0,ALFA N - G2/G3,Ágata,6.82375,10.0,7.7,8.3,0.0,3.14,7.1875,8.005,7.8,7.5,,ALFA (1° e 2° ano),,0,Em fase,,,
RA-954,Aluno-954,2024,9,Feminino,2023,1.0,Pública,1N,1,1N,Topázio,8.2823798419,10.0,7.75,8.8833992095,9.502,6.26,8.125,7.835,6.5,9.0,,Fase 1 (3° e 4° ano),1.0,0,Em fase,,,
RA-955,Aluno-955,2023,10,Feminino,2023,0.0,Pública,ALFA,0,ALFA N - G2/G3,Ametista,7.1297,5.0,7.8,8.8,9.0,3.14,6.875,7.09,8.0,7.5,,Fase 2 (5° e 6° ano),2.0,-2,Moderada,,,
RA-955,Aluno-955,2024,11,Feminino,2023,1.0,Pública,1K,1,1K,Ágata,6.245452381,5.0,5.75,6.904761905,0.0,7.51,8.125,8.255,6.5,5.0,,Fase 2 (5° e 6° ano),2.0,-1,Moderada,,,
RA-956,Aluno-956,2023,11,Masculino,2023,0.0,Pública,ALFA,0,ALFA O - G2/G3,Ametista,7.7312,5.0,7.8,7.5,8.0,7.52,7.5,9.345,7.8,7.8,,Fase 2 (5° e 6° ano),2.0,-2,Moderada,,,
RA-956,Aluno-956,2024,12,Masculino,2023,1.0,Pública,1N,1,1N,Ágata,6.1175906455,5.0,3.25,6.017786561,9.502,6.885,7.083333333,7.085,6.5,0.0,,Fase 2 (5° e 6° ano),2.0,-1,Moderada,,,
RA-957,Aluno-957,2023,8,Feminino,2023,0.0,Pública,ALFA,0,ALFA O - G2/G3,Topázio,9.1672,10.0,9.1,9.3,10.0,7.52,7.5,9.925,9.0,9.2,,ALFA (1° e 2° ano),,0,Em fase,,,
RA-958,Aluno-958,2023,8,Feminino,2023,0.0,Pública,ALFA,0,ALFA O - G2/G3,Topázio,9.2902,10.0,9.3,9.8,10.0,7.52,7.5,9.84,9.3,9.3,,ALFA (1° e 2° ano),,0,Em fase,,,
RA-958,Aluno-958,2024,9,Feminino,2023,1.0,Pública,1M,1,1M,Topázio,9.531325,10.0,10.0,10.0,10.002,6.26,9.53125,9.76,10.0,10.0,,Fase 1 (3° e 4° ano),1.0,0,Em fase,,,
RA-959,Aluno-959,2023,8,Masculino,2023,0.0,Pública,ALFA,0,ALFA O - G2/G3,Topázio,8.6677,10.0,7.7,9.6,10.0,7.52,6.875,8.84,7.7,7.7,,ALFA (1° e 2° ano),,0,Em fase,,,
RA-959,Aluno-959,2024,9,Masculino,2023,1.0,Pública,ALFA,0,ALFA O - G2/G3,Topázio,8.379818421100001,5.0,9.5,9.7368421055,10.002,7.51,7.8125,7.5,10.0,9.0,,Fase 1 (3° e 4° ano),1.0,-1,Moderada,,,
RA-96,Aluno-96,2022,16,Masculino,2021,1.0,Escola Pública,5,5,L,Ametista,7.54,5.0,6.7,7.8,9.2,6.9,,8.5,5.7,6.5,8.0,Fase 6 (2º EM),6.0,-1,Moderada,True,True,Sem limitações
RA-96,Aluno-96,2023,17,Masculino,2021,2.0,Privada - Programa de Apadrinhamento,FASE 6,6,6L,Ametista,7.610791667,5.0,6.4,8.9,9.6,7.52,7.65625,7.84,6.8,4.8,7.7,Fase 7 (3° EM),7.0,-1,Moderada,,,
RA-96,Aluno-96,2024,18,Masculino,2021,3.0,Concluiu o 3º EM,8F,8,8F,,,10.0,,0.0,,,,,,,,Fase 8 (Universitários),8.0,0,Em fase,,,
RA-960,Aluno-960,2023,10,Masculino,2023,0.0,Pública,ALFA,0,ALFA O - G2/G3,Ametista,7.0847,5.0,6.3,10.0,8.5,7.52,5.625,5.85,6.5,6.0,,Fase 2 (5° e 6° ano),2.0,-2,Moderada,,,
RA-960,Aluno-960,2024,11,Masculino,2023,1.0,Pública,1K,1,1K,Quartzo,5.286047619,5.0,3.0,8.095238095,0.0,7.51,7.5,5.33,6.0,0.0,,Fase 2 (5° e 6° ano),2.0,-1,Moderada,,,
RA-961,Aluno-961,2023,9,Masculino,2023,0.0,Pública,ALFA,0,ALFA O - G2/G3,Quartzo,5.99625,5.0,6.2,8.7,0.0,2.52,5.3125,8.665,6.2,6.2,,Fase 1 (3° e 4° ano),1.0,-1,Moderada,,,
RA-961,Aluno-961,2024,10,Masculino,2023,1.0,Pública,1M,1,1M,Ágata,6.529417908900001,5.0,5.5,8.8923395445,9.002,6.26,5.9375,5.155,6.0,5.0,,Fase 2 (5° e 6° ano),2.0,-1,Moderada,,,
RA-962,Aluno-962,2023,9,Feminino,2023,0.0,Pública,ALFA,0,ALFA Q - G2/G3,Topázio,8.4742,5.0,8.7,9.2,9.0,7.52,7.5,10.01,9.5,7.8,,Fase 1 (3° e 4° ano),1.0,-1,Moderada,,,
RA-963,Aluno-963,2023,9,Feminino,2023,0.0,Pública,ALFA,0,ALFA Q - G2/G3,Topázio,8.6142,5.0,8.5,9.8,9.5,7.52,7.5,10.01,8.3,8.7,,Fase 1 (3° e 4° ano),1.0,-1,Moderada,,,
RA-963,Aluno-963,2024,10,Feminino,2023,1.0,Pública,1R,1,1R,Topázio,8.375080952400001,10.0,7.5,9.761904762,7.502,7.51,8.125,8.045,5.0,10.0,,Fase 1 (3° e 4° ano),1.0,0,Em fase,,,
RA-964,Aluno-964,2023,9,Masculino,2023,0.0,Pública,ALFA,0,ALFA Q - G2/G3,Ametista,7.7997,5.0,7.2,9.4,8.5,7.52,6.875,8.5,7.3,7.0,,Fase 1 (3° e 4° ano),1.0,-1,Moderada,,,
RA-964,Aluno-964,2024,10,Masculino,2023,1.0,Pública,1R,1,1R,Ametista,7.548241666600001,5.0,7.25,8.333333332999999,9.502,7.51,7.96875,7.1675,7.5,7.0,,Fase 2 (5° e 6° ano),2.0,-1,Moderada,,,
RA-965,Aluno-965,2023,9,Feminino,2023,0.0,Pública,ALFA,0,ALFA Q - G2/G3,Ágata,6.4832,5.0,4.7,8.2,8.5,6.27,5.0,7.18,5.3,4.0,,Fase 1 (3° e 4° ano),1.0,-1,Moderada,,,
RA-965,Aluno-965,2024,10,Feminino,2023,1.0,Pública,ALFA,0,ALFA Q - G2/G3,Ágata,6.1376545455,5.0,2.25,6.4772727275,9.002,7.51,8.75,6.83,2.0,2.5,,Fase 2 (5° e 6° ano),2.0,-2,Moderada,,,
RA-966,Aluno-966,2023,9,Masculino,2023,0.0,Pública,ALFA,0,ALFA Q - G2/G3,Ametista,7.44345,5.0,5.0,10.0,10.0,7.52,6.5625,7.675,5.0,5.0,,Fase 1 (3° e 4° ano),1.0,-1,Moderada,,,
RA-966,Aluno-966,2024,10,Masculino,2023,1.0,Pública,ALFA,0,ALFA Q - G2/G3,Ametista,7.9943363636,5.0,9.0,8.568181818,9.502,7.51,8.125,7.335,9.5,8.5,,Fase 2 (5° e 6° ano),2.0,-2,Moderada,,,
RA-967,Aluno-967,2023,10,Masculino,2023,0.0,Pública,ALFA,0,ALFA Q - G2/G3,Ametista,7.1347,5.0,6.5,8.0,9.5,7.52,5.625,7.35,6.5,6.5,,Fase 2 (5° e 6° ano),2.0,-2,Moderada,,,
RA-967,Aluno-967,2024,11,Masculino,2023,1.0,Pública,1R,1,1R,Quartzo,5.442610714300001,5.0,4.75,3.5714285715,9.502,7.51,5.78125,4.995,3.5,6.0,,Fase 2 (5° e 6° ano),2.0,-1,Moderada,,,
RA-968,Aluno-968,2023,9,Feminino,2023,0.0,Pública,ALFA,0,ALFA Q - G2/G3,Topázio,8.4942,5.0,8.3,9.7,9.0,7.52,7.5,10.01,8.0,8.5,,Fase 1 (3° e 4° ano),1.0,-1,Moderada,,,
RA-968,Aluno-968,2024,10,Feminino,2023,1.0,Pública,1R,1,1R,Ametista,7.8403547619000005,5.0,7.75,8.8095238095,9.002,7.51,8.4375,7.6675,8.5,7.0,,Fase 2 (5° e 6° ano),2.0,-1,Moderada,,,
RA-969,Aluno-969,2023,8,Masculino,2023,0.0,Pública,ALFA,0,ALFA Q - G2/G3,Ametista,7.7692,10.0,5.5,9.7,8.5,7.52,6.25,7.51,6.0,5.0,,ALFA (1° e 2° ano),,0,Em fase,,,
RA-969,Aluno-969,2024,9,Masculino,2023,1.0,Pública,ALFA,0,ALFA Q - G2/G3,Ametista,7.453427272700001,5.0,7.25,7.8636363634999995,9.002,7.51,8.125,7.335,9.0,5.5,,Fase 1 (3° e 4° ano),1.0,-1,Moderada,,,
RA-97,Aluno-97,2022,15,Feminino,2017,5.0,Rede Decisão,5,5,L,Ametista,7.468,10.0,6.9,8.8,7.5,5.0,,6.292,5.3,6.7,8.8,Fase 5 (1º EM),5.0,0,Em fase,False,False,Não indicado
RA-970,Aluno-970,2023,8,Feminino,2023,0.0,Pública,ALFA,0,ALFA R - G0/G1,Topázio,8.9977,10.0,9.4,8.1,8.5,7.52,9.375,9.84,9.2,9.5,,ALFA (1° e 2° ano),,0,Em fase,,,
RA-971,Aluno-971,2023,8,Masculino,2023,0.0,Pública,ALFA,0,ALFA R - G0/G1,Ametista,7.0169,10.0,6.9,6.4,7.8,3.77,5.625,8.17,5.5,8.3,,ALFA (1° e 2° ano),,0,Em fase,,,
RA-971,Aluno-971,2024,9,Masculino,2023,1.0,Pública,ALFA,0,ALFA Q - G2/G3,Ágata,6.8916181818,5.0,6.75,7.909090909,7.418,7.51,7.5,6.085,8.5,5.0,,Fase 1 (3° e 4° ano),1.0,-1,Moderada,,,
RA-972,Aluno-972,2023,8,Masculino,2023,0.0,Pública,ALFA,0,ALFA R - G0/G1,Ametista,7.5427,10.0,6.0,9.1,9.0,3.77,6.875,7.84,6.2,5.7,,ALFA (1° e 2° ano),,0,Em fase,,,
RA-972,Aluno-972,2024,9,Masculino,2023,1.0,Pública,ALFA,0,ALFA Q - G2/G3,Ametista,7.537472727300001,5.0,6.75,8.3863636365,9.502,7.51,8.75,7.17,8.0,5.5,,Fase 1 (3° e 4° ano),1.0,-1,Moderada,,,
RA-973,Aluno-973,2023,9,Masculino,2023,0.0,Pública,ALFA,0,ALFA R - G0/G1,Quartzo,5.82875,5.0,5.2,8.6,0.0,3.77,7.1875,7.415,6.2,4.1,,Fase 1 (3° e 4° ano),1.0,-1,Moderada,,,
RA-973,Aluno-973,2024,10,Masculino,2023,1.0,Pública,ALFA,0,ALFA Q - G2/G3,Ágata,6.9318363636,5.0,3.75,9.318181818,10.002,7.51,7.5,6.585,6.5,1.0,,Fase 2 (5° e 6° ano),2.0,-2,Moderada,,,
RA-974,Aluno-974,2023,7,Masculino,2023,0.0,Pública,ALFA,0,ALFA R - G0/G1,Topázio,8.4752,10.0,8.8,9.1,9.0,3.77,7.5,9.34,8.8,8.8,,ALFA (1° e 2° ano),,0,Em fase,,,
RA-974,Aluno-974,2024,8,Masculino,2023,1.0,Pública,ALFA,0,ALFA S - G2/G3,Ametista,7.6077217391,5.0,6.5,9.282608695499999,9.502,7.51,7.5,7.5,6.0,7.0,,Fase 1 (3° e 4° ano),1.0,-1,Moderada,,,
RA-975,Aluno-975,2023,7,Feminino,2023,0.0,Pública,ALFA,0,ALFA R - G0/G1,Ametista,7.7803,10.0,6.5,9.2,7.9,7.52,5.625,7.67,7.2,5.8,,ALFA (1° e 2° ano),,0,Em fase,,,
RA-975,Aluno-975,2024,8,Feminino,2023,1.0,Pública,ALFA,0,ALFA R - G0/G1,Ametista,7.1463666667000005,5.0,8.0,7.708333333500001,8.502,5.01,6.875,7.33,8.0,8.0,,Fase 1 (3° e 4° ano),1.0,-1,Moderada,,,
RA-976,Aluno-976,2023,8,Masculino,2023,0.0,Pública,ALFA,0,ALFA R - G0/G1,Topázio,8.39895,10.0,8.6,9.2,9.5,6.27,5.9375,8.34,9.0,8.2,,ALFA (1° e 2° ano),,0,Em fase,,,
RA-977,Aluno-977,2023,7,Feminino,2023,0.0,Pública,ALFA,0,ALFA R - G0/G1,Ametista,7.1717,10.0,5.8,7.4,8.5,5.02,5.625,8.085,5.7,5.9,,ALFA (1° e 2° ano),,0,Em fase,,,
RA-977,Aluno-977,2024,8,Feminino,2023,1.0,Pública,ALFA,0,ALFA R - G0/G1,Ametista,7.188033333300001,5.0,7.0,7.291666666499999,10.002,6.26,6.875,7.58,5.0,9.0,,Fase 1 (3° e 4° ano),1.0,-1,Moderada,,,
RA-978,Aluno-978,2023,7,Feminino,2023,0.0,Pública,ALFA,0,ALFA R - G0/G1,Topázio,8.3877,10.0,8.6,9.8,9.0,3.77,5.625,9.34,8.7,8.5,,ALFA (1° e 2° ano),,0,Em fase,,,
RA-978,Aluno-978,2024,8,Feminino,2023,1.0,Pública,ALFA,0,ALFA S - G2/G3,Ametista,7.4637,5.0,6.5,9.5,9.502,6.26,6.875,7.5,6.0,7.0,,Fase 1 (3° e 4° ano),1.0,-1,Moderada,,,
RA-979,Aluno-979,2023,8,Masculino,2023,0.0,Pública,ALFA,0,ALFA S - G2/G3,Topázio,8.1617,10.0,6.0,9.6,9.5,6.27,5.625,9.51,6.0,6.0,,ALFA (1° e 2° ano),,0,Em fase,,,
RA-979,Aluno-979,2024,9,Masculino,2023,1.0,Pública,ALFA,0,ALFA Q - G2/G3,Topázio,8.0352454545,5.0,8.25,9.5227272725,9.502,7.51,8.125,7.335,9.5,7.0,,Fase 1 (3° e 4° ano),1.0,-1,Moderada,,,
RA-98,Aluno-98,2022,15,Feminino,2017,5.0,Rede Decisão,5,5,L,Topázio,9.354,10.0,8.5,10.0,8.8,9.4,,9.667,8.4,8.2,8.9,Fase 5 (1º EM),5.0,0,Em fase,False,True,Sem limitações
RA-98,Aluno-98,2023,15,Feminino,2017,6.0,Privada *Parcerias com Bolsa 100%,FASE 7,7,7E,,,10.0,,,7.9,2.52,,,,,,Fase 5 (1° EM),5.0,2,Em fase,,,
RA-98,Aluno-98,2024,16,Feminino,2021,3.0,Privada *Parcerias com Bolsa 100%,7E,7,7E,Topázio,8.617450000000002,10.0,8.9,9.546,9.585,7.1975,7.5,7.5,9.2,8.9,8.6,Fase 6 (2° EM),6.0,1,Em fase,,,
RA-980,Aluno-980,2023,8,Feminino,2023,0.0,Pública,ALFA,0,ALFA S - G2/G3,Ametista,7.1425,10.0,6.3,9.8,0.0,5.02,5.625,9.34,6.5,6.0,,ALFA (1° e 2° ano),,0,Em fase,,,
RA-980,Aluno-980,2024,9,Feminino,2023,1.0,Pública,1P,1,1P,Ametista,7.946388311600001,10.0,6.25,9.058441558,9.002,7.51,7.5,7.4175,6.5,6.0,,Fase 1 (3° e 4° ano),1.0,0,Em fase,,,
RA-981,Aluno-981,2023,7,Feminino,2023,0.0,Pública,ALFA,0,ALFA S - G2/G3,Ametista,7.5367,10.0,5.8,9.1,9.5,2.52,5.625,9.01,5.7,5.8,,ALFA (1° e 2° ano),,0,Em fase,,,
RA-981,Aluno-981,2024,8,Feminino,2023,1.0,Pública,ALFA,0,ALFA S - G2/G3,Ágata,6.6513739130000005,5.0,6.0,7.010869565,9.002,6.26,6.25,6.99,6.0,6.0,,Fase 1 (3° e 4° ano),1.0,-1,Moderada,,,
RA-982,Aluno-982,2023,7,Masculino,2023,0.0,Pública,ALFA,0,ALFA S - G2/G3,Ametista,7.1215,10.0,8.6,9.1,0.0,2.52,5.625,8.835,8.7,8.5,,ALFA (1° e 2° ano),,0,Em fase,,,
RA-982,Aluno-982,2024,8,Masculino,2023,1.0,Pública,1P,1,1P,Topázio,8.119860173100001,10.0,8.25,8.365800865499999,10.002,7.51,6.875,6.79,6.5,10.0,,Fase 1 (3° e 4° ano),1.0,0,Em fase,,,
RA-983,Aluno-983,2023,8,Masculino,2023,0.0,Pública,ALFA,0,ALFA S - G2/G3,Topázio,8.3502,10.0,8.8,9.9,8.5,2.52,6.25,9.415,8.8,8.8,,ALFA (1° e 2° ano),,0,Em fase,,,
RA-984,Aluno-984,2023,8,Feminino,2023,0.0,Pública,ALFA,0,ALFA S - G2/G3,Topázio,8.8177,10.0,8.3,9.8,8.0,7.52,6.875,9.84,8.3,8.2,,ALFA (1° e 2° ano),,0,Em fase,,,
RA-984,Aluno-984,2024,9,Feminino,2023,1.0,Pública,1R,1,1R,Topázio,8.475080952400003,10.0,7.0,9.761904762,9.502,7.51,8.125,8.045,7.5,6.5,,Fase 1 (3° e 4° ano),1.0,0,Em fase,,,
RA-985,Aluno-985,2023,8,Masculino,2023,0.0,Pública,ALFA,0,ALFA S - G2/G3,Ametista,7.6247,10.0,6.8,9.3,9.0,2.52,5.625,8.5,7.3,6.2,,ALFA (1° e 2° ano),,0,Em fase,,,
RA-985,Aluno-985,2024,9,Masculino,2023,1.0,Pública,1P,1,1P,Topázio,8.2432,10.0,7.5,10.0,8.502,6.26,7.5,7.585,8.0,7.0,,Fase 1 (3° e 4° ano),1.0,0,Em fase,,,
RA-986,Aluno-986,2023,8,Feminino,2023,0.0,Pública,ALFA,0,ALFA S - G2/G3,Topázio,8.0107,10.0,8.3,9.1,9.5,2.52,5.625,8.83,8.3,8.3,,ALFA (1° e 2° ano),,0,Em fase,,,
RA-986,Aluno-986,2024,9,Feminino,2023,1.0,Pública,1P,1,1P,Topázio,8.2603406926,10.0,8.5,9.2965367965,10.002,6.26,7.083333333,6.8325,7.5,9.5,,Fase 1 (3° e 4° ano),1.0,0,Em fase,,,
RA-987,Aluno-987,2023,8,Masculino,2023,0.0,Pública,ALFA,0,ALFA S - G2/G3,Ametista,7.6765,10.0,7.3,9.8,0.0,6.27,6.875,9.76,7.5,7.0,,ALFA (1° e 2° ano),,0,Em fase,,,
RA-987,Aluno-987,2024,9,Masculino,2023,1.0,Pública,1P,1,1P,Topázio,8.3028861472,10.0,7.5,9.0692640695,9.002,7.51,7.708333333,7.835,8.0,7.0,,Fase 1 (3° e 4° ano),1.0,0,Em fase,,,
RA-988,Aluno-988,2023,9,Feminino,2023,0.0,Pública,ALFA,0,ALFA S - G2/G3,Ametista,7.9568,5.0,8.5,8.1,7.9,7.52,6.25,9.84,8.5,8.5,,Fase 1 (3° e 4° ano),1.0,-1,Moderada,,,
RA-988,Aluno-988,2024,10,Feminino,2023,1.0,Pública,1P,1,1P,Topázio,8.1765333333,5.0,7.75,10.0,9.502,7.51,8.333333333,7.96,6.5,9.0,,Fase 2 (5° e 6° ano),2.0,-1,Moderada,,,
RA-989,Aluno-989,2023,9,Masculino,2023,0.0,Pública,ALFA,0,ALFA S - G2/G3,Ametista,7.7242,5.0,8.3,8.1,9.5,2.52,7.5,10.01,8.7,7.8,,Fase 1 (3° e 4° ano),1.0,-1,Moderada,,,
RA-989,Aluno-989,2024,10,Masculino,2023,1.0,Pública,1R,1,1R,Ametista,7.3743785714,10.0,6.0,7.8571428569999995,9.502,6.26,7.1875,6.54,6.0,6.0,,Fase 1 (3° e 4° ano),1.0,0,Em fase,,,
RA-99,Aluno-99,2022,16,Masculino,2019,3.0,Escola Pública,5,5,L,Ágata,6.158,5.0,5.0,6.3,8.8,7.5,,5.833,5.7,3.4,5.8,Fase 6 (2º EM),6.0,-1,Moderada,False,False,Não atendido
RA-99,Aluno-99,2023,17,Masculino,2019,4.0,Pública,FASE 6,6,6L,Ágata,6.68045,5.0,4.5,8.3,7.9,5.63,7.8125,7.4225,4.7,4.0,4.8,Fase 7 (3° EM),7.0,-1,Moderada,,,
RA-990,Aluno-990,2023,9,Masculino,2023,0.0,Pública,ALFA,0,ALFA T - G2/G3,Ametista,7.254,5.0,7.8,8.5,0.0,7.52,7.5,10.01,8.3,7.2,,Fase 1 (3° e 4° ano),1.0,-1,Moderada,,,
RA-990,Aluno-990,2024,10,Masculino,2023,1.0,Pública,1A,1,1A,Ametista,7.812283333400001,5.0,8.0,7.5,9.502,7.51,8.4375,8.336666667,9.5,6.5,,Fase 2 (5° e 6° ano),2.0,-1,Moderada,,,
RA-991,Aluno-991,2023,9,Feminino,2023,0.0,Pública,ALFA,0,ALFA T - G2/G3,Ametista,7.7687,5.0,7.7,9.1,10.0,3.14,6.875,9.585,8.0,7.3,,Fase 1 (3° e 4° ano),1.0,-1,Moderada,,,
RA-991,Aluno-991,2024,10,Feminino,2023,1.0,Pública,1A,1,1A,Ametista,7.057230303000001,5.0,6.5,8.181818182,9.002,6.26,7.5,6.723333333,7.0,6.0,,Fase 2 (5° e 6° ano),2.0,-1,Moderada,,,
RA-992,Aluno-992,2023,10,Masculino,2023,0.0,Pública,ALFA,0,ALFA T - G2/G3,Ametista,7.2722,5.0,8.0,8.2,9.5,3.14,5.0,8.84,8.2,7.8,,Fase 2 (5° e 6° ano),2.0,-2,Moderada,,,
RA-993,Aluno-993,2023,8,Feminino,2023,0.0,Pública,ALFA,0,ALFA T - G2/G3,Topázio,8.7592,10.0,8.6,9.8,9.5,3.77,7.5,10.01,8.5,8.7,,ALFA (1° e 2° ano),,0,Em fase,,,
RA-994,Aluno-994,2023,8,Feminino,2023,0.0,Pública,ALFA,0,ALFA T - G2/G3,Ametista,7.4127,10.0,6.0,9.4,9.5,3.77,5.625,7.265,6.2,5.7,,ALFA (1° e 2° ano),,0,Em fase,,,
RA-994,Aluno-994,2024,9,Feminino,2023,1.0,Pública,ALFA,0,ALFA T - G2/G3,Ametista,7.7982217391,5.0,8.25,9.532608695499999,9.002,6.88,6.875,7.33,10.0,6.5,,Fase 1 (3° e 4° ano),1.0,-1,Moderada,,,
RA-995,Aluno-995,2023,11,Feminino,2023,0.0,Pública,ALFA,0,ALFA T - G2/G3,Ágata,6.4782,5.0,5.1,7.9,9.5,3.77,6.25,7.18,5.3,4.8,,Fase 2 (5° e 6° ano),2.0,-2,Moderada,,,
RA-995,Aluno-995,2024,12,Feminino,2023,1.0,Pública,1E,1,1E,Quartzo,5.110372077899999,5.0,2.0,5.3896103895,10.002,5.635,7.1875,4.25,0.0,4.0,,Fase 3 (7° e 8° ano),3.0,-2,Moderada,,,
RA-996,Aluno-996,2023,9,Masculino,2023,0.0,Pública,ALFA,0,ALFA T - G2/G3,Topázio,8.1892,5.0,8.6,9.2,10.0,3.77,7.5,10.01,8.7,8.5,,Fase 1 (3° e 4° ano),1.0,-1,Moderada,,,
RA-997,Aluno-997,2023,8,Masculino,2023,0.0,Pública,ALFA,0,ALFA T - G2/G3,Ametista,7.5687,10.0,7.1,8.7,7.5,3.77,5.625,8.595,7.2,7.0,,ALFA (1° e 2° ano),,0,Em fase,,,
RA-998,Aluno-998,2023,11,Feminino,2023,0.0,Pública,ALFA,0,ALFA U - G2/G3,Ametista,7.9752,5.0,7.9,9.3,9.5,3.77,7.5,9.84,8.0,7.7,,Fase 2 (5° e 6° ano),2.0,-2,Moderada,,,
RA-999,Aluno-999,2023,9,Masculino,2023,0.0,Pública,ALFA,0,ALFA U - G2/G3,Topázio,8.0352,5.0,8.3,9.4,9.0,3.77,7.5,9.84,8.3,8.3,,Fase 1 (3° e 4° ano),1.0,-1,Moderada,,,
